<?xml version="1.0" encoding="UTF-8"?>
<gpx creator="Wikiloc - https://www.wikiloc.com" version="1.1" xmlns="http://www.topografix.com/GPX/1/1" xmlns:xsi="http://www.w3.org/2001/XMLSchema-instance" xsi:schemaLocation="http://www.topografix.com/GPX/1/1 http://www.topografix.com/GPX/1/1/gpx.xsd">
  <metadata>
    <name>Wikiloc - Iglesia de San Martín, Fuente Vizcutanes y Refugio Silla Oso desde Los Corrales de Buelna</name>
    <author>
      <name>Pablon 225</name>
      <link href="https://www.wikiloc.com/wikiloc/user.do?id=15825458">
        <text>Pablon 225 on Wikiloc</text>
      </link>
    </author>
    <link href="https://www.wikiloc.com/enduro-trails/iglesia-de-san-martin-fuente-vizcutanes-y-refugio-silla-oso-desde-los-corrales-de-buelna-181167049">
      <text>Iglesia de San Martín, Fuente Vizcutanes y Refugio Silla Oso desde Los Corrales de Buelna on Wikiloc</text>
    </link>
    <time>2024-08-15T16:55:02.678Z</time>
  </metadata>
  <trk>
    <name>Iglesia de San Martín, Fuente Vizcutanes y Refugio Silla Oso desde Los Corrales de Buelna - Wikiloc</name>
    <cmt>Ruta desde Los Corrales de Buelna pasando por:
- Iglesia de San Martín (5.7 km)
- Fuente Vizcutanes (9.3 km)
- Refugio Silla Oso (19.6 km)
- Fuente fría (34.3 km)</cmt>
    <desc>Ruta desde Los Corrales de Buelna pasando por:
- Iglesia de San Martín (5.7 km)
- Fuente Vizcutanes (9.3 km)
- Refugio Silla Oso (19.6 km)
- Fuente fría (34.3 km)</desc>
    <trkseg>
      <trkpt lat="43.263300" lon="-4.084688">
        <ele>296.533</ele>
        <time>2024-08-15T14:38:08.539Z</time>
      </trkpt>
      <trkpt lat="43.263315" lon="-4.084749">
        <ele>295.823</ele>
        <time>2024-08-15T14:38:19.539Z</time>
      </trkpt>
      <trkpt lat="43.263358" lon="-4.084822">
        <ele>295.815</ele>
        <time>2024-08-15T14:38:21.539Z</time>
      </trkpt>
      <trkpt lat="43.263378" lon="-4.084935">
        <ele>295.709</ele>
        <time>2024-08-15T14:38:23.539Z</time>
      </trkpt>
      <trkpt lat="43.263382" lon="-4.085003">
        <ele>295.714</ele>
        <time>2024-08-15T14:38:24.539Z</time>
      </trkpt>
      <trkpt lat="43.263390" lon="-4.085083">
        <ele>295.741</ele>
        <time>2024-08-15T14:38:25.539Z</time>
      </trkpt>
      <trkpt lat="43.263399" lon="-4.085159">
        <ele>295.574</ele>
        <time>2024-08-15T14:38:26.539Z</time>
      </trkpt>
      <trkpt lat="43.263412" lon="-4.085233">
        <ele>295.564</ele>
        <time>2024-08-15T14:38:27.539Z</time>
      </trkpt>
      <trkpt lat="43.263422" lon="-4.085301">
        <ele>295.329</ele>
        <time>2024-08-15T14:38:28.539Z</time>
      </trkpt>
      <trkpt lat="43.263428" lon="-4.085374">
        <ele>295.180</ele>
        <time>2024-08-15T14:38:29.539Z</time>
      </trkpt>
      <trkpt lat="43.263430" lon="-4.085449">
        <ele>295.063</ele>
        <time>2024-08-15T14:38:30.539Z</time>
      </trkpt>
      <trkpt lat="43.263435" lon="-4.085528">
        <ele>294.937</ele>
        <time>2024-08-15T14:38:31.539Z</time>
      </trkpt>
      <trkpt lat="43.263443" lon="-4.085601">
        <ele>294.922</ele>
        <time>2024-08-15T14:38:32.539Z</time>
      </trkpt>
      <trkpt lat="43.263455" lon="-4.085682">
        <ele>295.094</ele>
        <time>2024-08-15T14:38:33.539Z</time>
      </trkpt>
      <trkpt lat="43.263469" lon="-4.085767">
        <ele>295.057</ele>
        <time>2024-08-15T14:38:34.539Z</time>
      </trkpt>
      <trkpt lat="43.263481" lon="-4.085858">
        <ele>295.222</ele>
        <time>2024-08-15T14:38:35.539Z</time>
      </trkpt>
      <trkpt lat="43.263495" lon="-4.085959">
        <ele>295.209</ele>
        <time>2024-08-15T14:38:36.539Z</time>
      </trkpt>
      <trkpt lat="43.263506" lon="-4.086068">
        <ele>295.320</ele>
        <time>2024-08-15T14:38:37.539Z</time>
      </trkpt>
      <trkpt lat="43.263515" lon="-4.086186">
        <ele>295.387</ele>
        <time>2024-08-15T14:38:38.540Z</time>
      </trkpt>
      <trkpt lat="43.263519" lon="-4.086310">
        <ele>295.550</ele>
        <time>2024-08-15T14:38:39.540Z</time>
      </trkpt>
      <trkpt lat="43.263518" lon="-4.086446">
        <ele>295.520</ele>
        <time>2024-08-15T14:38:40.540Z</time>
      </trkpt>
      <trkpt lat="43.263504" lon="-4.086586">
        <ele>295.445</ele>
        <time>2024-08-15T14:38:41.540Z</time>
      </trkpt>
      <trkpt lat="43.263443" lon="-4.086869">
        <ele>294.436</ele>
        <time>2024-08-15T14:38:43.540Z</time>
      </trkpt>
      <trkpt lat="43.263347" lon="-4.087128">
        <ele>294.229</ele>
        <time>2024-08-15T14:38:45.539Z</time>
      </trkpt>
      <trkpt lat="43.263302" lon="-4.087255">
        <ele>293.933</ele>
        <time>2024-08-15T14:38:46.540Z</time>
      </trkpt>
      <trkpt lat="43.263226" lon="-4.087520">
        <ele>293.958</ele>
        <time>2024-08-15T14:38:48.539Z</time>
      </trkpt>
      <trkpt lat="43.263194" lon="-4.087656">
        <ele>294.365</ele>
        <time>2024-08-15T14:38:49.540Z</time>
      </trkpt>
      <trkpt lat="43.263166" lon="-4.087798">
        <ele>295.168</ele>
        <time>2024-08-15T14:38:50.540Z</time>
      </trkpt>
      <trkpt lat="43.263140" lon="-4.087938">
        <ele>295.914</ele>
        <time>2024-08-15T14:38:51.540Z</time>
      </trkpt>
      <trkpt lat="43.263116" lon="-4.088083">
        <ele>296.409</ele>
        <time>2024-08-15T14:38:52.540Z</time>
      </trkpt>
      <trkpt lat="43.263058" lon="-4.088357">
        <ele>297.977</ele>
        <time>2024-08-15T14:38:54.539Z</time>
      </trkpt>
      <trkpt lat="43.263015" lon="-4.088485">
        <ele>298.714</ele>
        <time>2024-08-15T14:38:55.539Z</time>
      </trkpt>
      <trkpt lat="43.262958" lon="-4.088609">
        <ele>299.437</ele>
        <time>2024-08-15T14:38:56.540Z</time>
      </trkpt>
      <trkpt lat="43.262897" lon="-4.088730">
        <ele>300.267</ele>
        <time>2024-08-15T14:38:57.540Z</time>
      </trkpt>
      <trkpt lat="43.262825" lon="-4.088843">
        <ele>300.882</ele>
        <time>2024-08-15T14:38:58.540Z</time>
      </trkpt>
      <trkpt lat="43.262743" lon="-4.088950">
        <ele>301.353</ele>
        <time>2024-08-15T14:38:59.540Z</time>
      </trkpt>
      <trkpt lat="43.262653" lon="-4.089045">
        <ele>302.036</ele>
        <time>2024-08-15T14:39:00.540Z</time>
      </trkpt>
      <trkpt lat="43.262566" lon="-4.089151">
        <ele>302.490</ele>
        <time>2024-08-15T14:39:01.540Z</time>
      </trkpt>
      <trkpt lat="43.262492" lon="-4.089260">
        <ele>303.155</ele>
        <time>2024-08-15T14:39:02.540Z</time>
      </trkpt>
      <trkpt lat="43.262433" lon="-4.089384">
        <ele>304.158</ele>
        <time>2024-08-15T14:39:03.540Z</time>
      </trkpt>
      <trkpt lat="43.262387" lon="-4.089526">
        <ele>305.052</ele>
        <time>2024-08-15T14:39:04.540Z</time>
      </trkpt>
      <trkpt lat="43.262345" lon="-4.089669">
        <ele>305.817</ele>
        <time>2024-08-15T14:39:05.540Z</time>
      </trkpt>
      <trkpt lat="43.262311" lon="-4.089818">
        <ele>306.309</ele>
        <time>2024-08-15T14:39:06.540Z</time>
      </trkpt>
      <trkpt lat="43.262290" lon="-4.089967">
        <ele>306.536</ele>
        <time>2024-08-15T14:39:07.540Z</time>
      </trkpt>
      <trkpt lat="43.262284" lon="-4.090122">
        <ele>307.163</ele>
        <time>2024-08-15T14:39:08.540Z</time>
      </trkpt>
      <trkpt lat="43.262277" lon="-4.090281">
        <ele>308.036</ele>
        <time>2024-08-15T14:39:09.540Z</time>
      </trkpt>
      <trkpt lat="43.262261" lon="-4.090441">
        <ele>308.726</ele>
        <time>2024-08-15T14:39:10.540Z</time>
      </trkpt>
      <trkpt lat="43.262234" lon="-4.090598">
        <ele>309.071</ele>
        <time>2024-08-15T14:39:11.540Z</time>
      </trkpt>
      <trkpt lat="43.262207" lon="-4.090751">
        <ele>309.322</ele>
        <time>2024-08-15T14:39:12.540Z</time>
      </trkpt>
      <trkpt lat="43.262197" lon="-4.090903">
        <ele>309.995</ele>
        <time>2024-08-15T14:39:13.540Z</time>
      </trkpt>
      <trkpt lat="43.262198" lon="-4.091053">
        <ele>310.379</ele>
        <time>2024-08-15T14:39:14.540Z</time>
      </trkpt>
      <trkpt lat="43.262221" lon="-4.091201">
        <ele>310.774</ele>
        <time>2024-08-15T14:39:15.540Z</time>
      </trkpt>
      <trkpt lat="43.262240" lon="-4.091353">
        <ele>311.039</ele>
        <time>2024-08-15T14:39:16.540Z</time>
      </trkpt>
      <trkpt lat="43.262239" lon="-4.091512">
        <ele>311.001</ele>
        <time>2024-08-15T14:39:17.540Z</time>
      </trkpt>
      <trkpt lat="43.262222" lon="-4.091675">
        <ele>311.521</ele>
        <time>2024-08-15T14:39:18.540Z</time>
      </trkpt>
      <trkpt lat="43.262179" lon="-4.091833">
        <ele>312.009</ele>
        <time>2024-08-15T14:39:19.540Z</time>
      </trkpt>
      <trkpt lat="43.262122" lon="-4.091977">
        <ele>312.444</ele>
        <time>2024-08-15T14:39:20.540Z</time>
      </trkpt>
      <trkpt lat="43.262046" lon="-4.092115">
        <ele>312.461</ele>
        <time>2024-08-15T14:39:21.540Z</time>
      </trkpt>
      <trkpt lat="43.261957" lon="-4.092234">
        <ele>312.324</ele>
        <time>2024-08-15T14:39:22.540Z</time>
      </trkpt>
      <trkpt lat="43.261860" lon="-4.092341">
        <ele>312.224</ele>
        <time>2024-08-15T14:39:23.540Z</time>
      </trkpt>
      <trkpt lat="43.261764" lon="-4.092436">
        <ele>312.269</ele>
        <time>2024-08-15T14:39:24.540Z</time>
      </trkpt>
      <trkpt lat="43.261667" lon="-4.092527">
        <ele>312.160</ele>
        <time>2024-08-15T14:39:25.540Z</time>
      </trkpt>
      <trkpt lat="43.261579" lon="-4.092623">
        <ele>311.713</ele>
        <time>2024-08-15T14:39:26.540Z</time>
      </trkpt>
      <trkpt lat="43.261508" lon="-4.092745">
        <ele>311.797</ele>
        <time>2024-08-15T14:39:27.540Z</time>
      </trkpt>
      <trkpt lat="43.261444" lon="-4.092877">
        <ele>311.992</ele>
        <time>2024-08-15T14:39:28.540Z</time>
      </trkpt>
      <trkpt lat="43.261381" lon="-4.093019">
        <ele>311.945</ele>
        <time>2024-08-15T14:39:29.540Z</time>
      </trkpt>
      <trkpt lat="43.261315" lon="-4.093159">
        <ele>311.847</ele>
        <time>2024-08-15T14:39:30.540Z</time>
      </trkpt>
      <trkpt lat="43.261245" lon="-4.093300">
        <ele>311.511</ele>
        <time>2024-08-15T14:39:31.540Z</time>
      </trkpt>
      <trkpt lat="43.261175" lon="-4.093440">
        <ele>311.209</ele>
        <time>2024-08-15T14:39:32.540Z</time>
      </trkpt>
      <trkpt lat="43.261107" lon="-4.093575">
        <ele>310.795</ele>
        <time>2024-08-15T14:39:33.540Z</time>
      </trkpt>
      <trkpt lat="43.261045" lon="-4.093707">
        <ele>310.442</ele>
        <time>2024-08-15T14:39:34.540Z</time>
      </trkpt>
      <trkpt lat="43.260984" lon="-4.093826">
        <ele>310.285</ele>
        <time>2024-08-15T14:39:35.540Z</time>
      </trkpt>
      <trkpt lat="43.260919" lon="-4.093927">
        <ele>310.035</ele>
        <time>2024-08-15T14:39:36.540Z</time>
      </trkpt>
      <trkpt lat="43.260840" lon="-4.094002">
        <ele>309.110</ele>
        <time>2024-08-15T14:39:37.540Z</time>
      </trkpt>
      <trkpt lat="43.260749" lon="-4.094040">
        <ele>308.361</ele>
        <time>2024-08-15T14:39:38.540Z</time>
      </trkpt>
      <trkpt lat="43.260645" lon="-4.094053">
        <ele>307.344</ele>
        <time>2024-08-15T14:39:39.540Z</time>
      </trkpt>
      <trkpt lat="43.260529" lon="-4.094055">
        <ele>306.758</ele>
        <time>2024-08-15T14:39:40.541Z</time>
      </trkpt>
      <trkpt lat="43.260326" lon="-4.094103">
        <ele>307.733</ele>
        <time>2024-08-15T14:39:42.540Z</time>
      </trkpt>
      <trkpt lat="43.260266" lon="-4.094194">
        <ele>308.121</ele>
        <time>2024-08-15T14:39:43.540Z</time>
      </trkpt>
      <trkpt lat="43.260233" lon="-4.094318">
        <ele>308.141</ele>
        <time>2024-08-15T14:39:44.540Z</time>
      </trkpt>
      <trkpt lat="43.260219" lon="-4.094463">
        <ele>308.105</ele>
        <time>2024-08-15T14:39:45.540Z</time>
      </trkpt>
      <trkpt lat="43.260207" lon="-4.094618">
        <ele>309.209</ele>
        <time>2024-08-15T14:39:46.540Z</time>
      </trkpt>
      <trkpt lat="43.260188" lon="-4.094776">
        <ele>310.353</ele>
        <time>2024-08-15T14:39:47.541Z</time>
      </trkpt>
      <trkpt lat="43.260165" lon="-4.094918">
        <ele>310.440</ele>
        <time>2024-08-15T14:39:48.541Z</time>
      </trkpt>
      <trkpt lat="43.260164" lon="-4.095151">
        <ele>310.493</ele>
        <time>2024-08-15T14:39:50.540Z</time>
      </trkpt>
      <trkpt lat="43.260203" lon="-4.095294">
        <ele>310.583</ele>
        <time>2024-08-15T14:39:51.541Z</time>
      </trkpt>
      <trkpt lat="43.260293" lon="-4.095550">
        <ele>309.678</ele>
        <time>2024-08-15T14:39:53.541Z</time>
      </trkpt>
      <trkpt lat="43.260335" lon="-4.095646">
        <ele>308.899</ele>
        <time>2024-08-15T14:39:54.541Z</time>
      </trkpt>
      <trkpt lat="43.260400" lon="-4.095718">
        <ele>307.822</ele>
        <time>2024-08-15T14:39:55.541Z</time>
      </trkpt>
      <trkpt lat="43.260480" lon="-4.095775">
        <ele>307.456</ele>
        <time>2024-08-15T14:39:56.541Z</time>
      </trkpt>
      <trkpt lat="43.260581" lon="-4.095811">
        <ele>306.921</ele>
        <time>2024-08-15T14:39:57.541Z</time>
      </trkpt>
      <trkpt lat="43.260653" lon="-4.095873">
        <ele>306.723</ele>
        <time>2024-08-15T14:39:58.541Z</time>
      </trkpt>
      <trkpt lat="43.260692" lon="-4.095950">
        <ele>306.983</ele>
        <time>2024-08-15T14:39:59.541Z</time>
      </trkpt>
      <trkpt lat="43.260706" lon="-4.096045">
        <ele>306.811</ele>
        <time>2024-08-15T14:40:00.541Z</time>
      </trkpt>
      <trkpt lat="43.260717" lon="-4.096125">
        <ele>306.809</ele>
        <time>2024-08-15T14:40:01.541Z</time>
      </trkpt>
      <trkpt lat="43.260724" lon="-4.096188">
        <ele>306.523</ele>
        <time>2024-08-15T14:40:02.541Z</time>
      </trkpt>
      <trkpt lat="43.260713" lon="-4.096314">
        <ele>305.810</ele>
        <time>2024-08-15T14:40:04.541Z</time>
      </trkpt>
      <trkpt lat="43.260685" lon="-4.096381">
        <ele>305.913</ele>
        <time>2024-08-15T14:40:05.541Z</time>
      </trkpt>
      <trkpt lat="43.260645" lon="-4.096460">
        <ele>305.863</ele>
        <time>2024-08-15T14:40:06.541Z</time>
      </trkpt>
      <trkpt lat="43.260603" lon="-4.096553">
        <ele>305.748</ele>
        <time>2024-08-15T14:40:07.541Z</time>
      </trkpt>
      <trkpt lat="43.260558" lon="-4.096660">
        <ele>305.759</ele>
        <time>2024-08-15T14:40:08.541Z</time>
      </trkpt>
      <trkpt lat="43.260507" lon="-4.096787">
        <ele>305.352</ele>
        <time>2024-08-15T14:40:09.541Z</time>
      </trkpt>
      <trkpt lat="43.260453" lon="-4.096910">
        <ele>304.836</ele>
        <time>2024-08-15T14:40:10.541Z</time>
      </trkpt>
      <trkpt lat="43.260395" lon="-4.097034">
        <ele>304.571</ele>
        <time>2024-08-15T14:40:11.541Z</time>
      </trkpt>
      <trkpt lat="43.260334" lon="-4.097158">
        <ele>304.124</ele>
        <time>2024-08-15T14:40:12.541Z</time>
      </trkpt>
      <trkpt lat="43.260268" lon="-4.097279">
        <ele>303.804</ele>
        <time>2024-08-15T14:40:13.541Z</time>
      </trkpt>
      <trkpt lat="43.260196" lon="-4.097398">
        <ele>303.614</ele>
        <time>2024-08-15T14:40:14.541Z</time>
      </trkpt>
      <trkpt lat="43.260116" lon="-4.097507">
        <ele>303.609</ele>
        <time>2024-08-15T14:40:15.541Z</time>
      </trkpt>
      <trkpt lat="43.260029" lon="-4.097595">
        <ele>303.833</ele>
        <time>2024-08-15T14:40:16.541Z</time>
      </trkpt>
      <trkpt lat="43.259960" lon="-4.097686">
        <ele>303.880</ele>
        <time>2024-08-15T14:40:17.542Z</time>
      </trkpt>
      <trkpt lat="43.259892" lon="-4.097938">
        <ele>303.883</ele>
        <time>2024-08-15T14:40:19.541Z</time>
      </trkpt>
      <trkpt lat="43.259866" lon="-4.098093">
        <ele>304.623</ele>
        <time>2024-08-15T14:40:20.541Z</time>
      </trkpt>
      <trkpt lat="43.259825" lon="-4.098243">
        <ele>305.468</ele>
        <time>2024-08-15T14:40:21.541Z</time>
      </trkpt>
      <trkpt lat="43.259762" lon="-4.098352">
        <ele>305.419</ele>
        <time>2024-08-15T14:40:22.541Z</time>
      </trkpt>
      <trkpt lat="43.259692" lon="-4.098434">
        <ele>305.232</ele>
        <time>2024-08-15T14:40:23.541Z</time>
      </trkpt>
      <trkpt lat="43.259631" lon="-4.098511">
        <ele>304.796</ele>
        <time>2024-08-15T14:40:24.541Z</time>
      </trkpt>
      <trkpt lat="43.259594" lon="-4.098604">
        <ele>304.771</ele>
        <time>2024-08-15T14:40:25.541Z</time>
      </trkpt>
      <trkpt lat="43.259574" lon="-4.098736">
        <ele>304.876</ele>
        <time>2024-08-15T14:40:26.541Z</time>
      </trkpt>
      <trkpt lat="43.259554" lon="-4.098895">
        <ele>305.290</ele>
        <time>2024-08-15T14:40:27.541Z</time>
      </trkpt>
      <trkpt lat="43.259533" lon="-4.099060">
        <ele>305.719</ele>
        <time>2024-08-15T14:40:28.541Z</time>
      </trkpt>
      <trkpt lat="43.259517" lon="-4.099208">
        <ele>305.709</ele>
        <time>2024-08-15T14:40:29.541Z</time>
      </trkpt>
      <trkpt lat="43.259504" lon="-4.099348">
        <ele>305.398</ele>
        <time>2024-08-15T14:40:30.541Z</time>
      </trkpt>
      <trkpt lat="43.259482" lon="-4.099480">
        <ele>305.275</ele>
        <time>2024-08-15T14:40:31.542Z</time>
      </trkpt>
      <trkpt lat="43.259388" lon="-4.099721">
        <ele>304.348</ele>
        <time>2024-08-15T14:40:33.541Z</time>
      </trkpt>
      <trkpt lat="43.259313" lon="-4.099833">
        <ele>303.848</ele>
        <time>2024-08-15T14:40:34.541Z</time>
      </trkpt>
      <trkpt lat="43.259240" lon="-4.099948">
        <ele>303.853</ele>
        <time>2024-08-15T14:40:35.541Z</time>
      </trkpt>
      <trkpt lat="43.259182" lon="-4.100072">
        <ele>303.914</ele>
        <time>2024-08-15T14:40:36.542Z</time>
      </trkpt>
      <trkpt lat="43.259105" lon="-4.100314">
        <ele>304.067</ele>
        <time>2024-08-15T14:40:38.541Z</time>
      </trkpt>
      <trkpt lat="43.259070" lon="-4.100438">
        <ele>304.241</ele>
        <time>2024-08-15T14:40:39.541Z</time>
      </trkpt>
      <trkpt lat="43.259025" lon="-4.100564">
        <ele>304.216</ele>
        <time>2024-08-15T14:40:40.542Z</time>
      </trkpt>
      <trkpt lat="43.258875" lon="-4.100808">
        <ele>303.049</ele>
        <time>2024-08-15T14:40:42.542Z</time>
      </trkpt>
      <trkpt lat="43.258701" lon="-4.101026">
        <ele>302.802</ele>
        <time>2024-08-15T14:40:44.541Z</time>
      </trkpt>
      <trkpt lat="43.258615" lon="-4.101137">
        <ele>302.722</ele>
        <time>2024-08-15T14:40:45.542Z</time>
      </trkpt>
      <trkpt lat="43.258437" lon="-4.101344">
        <ele>302.309</ele>
        <time>2024-08-15T14:40:47.542Z</time>
      </trkpt>
      <trkpt lat="43.258335" lon="-4.101436">
        <ele>302.135</ele>
        <time>2024-08-15T14:40:48.542Z</time>
      </trkpt>
      <trkpt lat="43.258225" lon="-4.101514">
        <ele>302.162</ele>
        <time>2024-08-15T14:40:49.542Z</time>
      </trkpt>
      <trkpt lat="43.258122" lon="-4.101602">
        <ele>302.365</ele>
        <time>2024-08-15T14:40:50.542Z</time>
      </trkpt>
      <trkpt lat="43.258026" lon="-4.101697">
        <ele>303.015</ele>
        <time>2024-08-15T14:40:51.542Z</time>
      </trkpt>
      <trkpt lat="43.257931" lon="-4.101805">
        <ele>303.340</ele>
        <time>2024-08-15T14:40:52.542Z</time>
      </trkpt>
      <trkpt lat="43.257839" lon="-4.101925">
        <ele>303.321</ele>
        <time>2024-08-15T14:40:53.542Z</time>
      </trkpt>
      <trkpt lat="43.257749" lon="-4.102053">
        <ele>303.384</ele>
        <time>2024-08-15T14:40:54.542Z</time>
      </trkpt>
      <trkpt lat="43.257667" lon="-4.102184">
        <ele>303.758</ele>
        <time>2024-08-15T14:40:55.542Z</time>
      </trkpt>
      <trkpt lat="43.257596" lon="-4.102311">
        <ele>303.713</ele>
        <time>2024-08-15T14:40:56.542Z</time>
      </trkpt>
      <trkpt lat="43.257523" lon="-4.102426">
        <ele>303.817</ele>
        <time>2024-08-15T14:40:57.542Z</time>
      </trkpt>
      <trkpt lat="43.257448" lon="-4.102520">
        <ele>303.887</ele>
        <time>2024-08-15T14:40:58.542Z</time>
      </trkpt>
      <trkpt lat="43.257367" lon="-4.102592">
        <ele>303.815</ele>
        <time>2024-08-15T14:40:59.542Z</time>
      </trkpt>
      <trkpt lat="43.257275" lon="-4.102633">
        <ele>303.309</ele>
        <time>2024-08-15T14:41:00.542Z</time>
      </trkpt>
      <trkpt lat="43.257166" lon="-4.102640">
        <ele>303.312</ele>
        <time>2024-08-15T14:41:01.542Z</time>
      </trkpt>
      <trkpt lat="43.257055" lon="-4.102641">
        <ele>303.369</ele>
        <time>2024-08-15T14:41:02.542Z</time>
      </trkpt>
      <trkpt lat="43.256946" lon="-4.102649">
        <ele>304.312</ele>
        <time>2024-08-15T14:41:03.542Z</time>
      </trkpt>
      <trkpt lat="43.256842" lon="-4.102694">
        <ele>304.572</ele>
        <time>2024-08-15T14:41:04.542Z</time>
      </trkpt>
      <trkpt lat="43.256744" lon="-4.102785">
        <ele>304.857</ele>
        <time>2024-08-15T14:41:05.542Z</time>
      </trkpt>
      <trkpt lat="43.256650" lon="-4.102889">
        <ele>305.488</ele>
        <time>2024-08-15T14:41:06.542Z</time>
      </trkpt>
      <trkpt lat="43.256558" lon="-4.102994">
        <ele>306.141</ele>
        <time>2024-08-15T14:41:07.542Z</time>
      </trkpt>
      <trkpt lat="43.256472" lon="-4.103082">
        <ele>307.125</ele>
        <time>2024-08-15T14:41:08.542Z</time>
      </trkpt>
      <trkpt lat="43.256386" lon="-4.103169">
        <ele>307.710</ele>
        <time>2024-08-15T14:41:09.542Z</time>
      </trkpt>
      <trkpt lat="43.256306" lon="-4.103249">
        <ele>308.061</ele>
        <time>2024-08-15T14:41:10.542Z</time>
      </trkpt>
      <trkpt lat="43.256226" lon="-4.103327">
        <ele>308.121</ele>
        <time>2024-08-15T14:41:11.542Z</time>
      </trkpt>
      <trkpt lat="43.256149" lon="-4.103405">
        <ele>308.313</ele>
        <time>2024-08-15T14:41:12.542Z</time>
      </trkpt>
      <trkpt lat="43.256062" lon="-4.103472">
        <ele>308.309</ele>
        <time>2024-08-15T14:41:13.542Z</time>
      </trkpt>
      <trkpt lat="43.255961" lon="-4.103512">
        <ele>308.397</ele>
        <time>2024-08-15T14:41:14.542Z</time>
      </trkpt>
      <trkpt lat="43.255845" lon="-4.103525">
        <ele>308.384</ele>
        <time>2024-08-15T14:41:15.542Z</time>
      </trkpt>
      <trkpt lat="43.255718" lon="-4.103516">
        <ele>308.697</ele>
        <time>2024-08-15T14:41:16.542Z</time>
      </trkpt>
      <trkpt lat="43.255604" lon="-4.103523">
        <ele>309.167</ele>
        <time>2024-08-15T14:41:17.542Z</time>
      </trkpt>
      <trkpt lat="43.255523" lon="-4.103572">
        <ele>309.132</ele>
        <time>2024-08-15T14:41:18.543Z</time>
      </trkpt>
      <trkpt lat="43.255398" lon="-4.103709">
        <ele>309.553</ele>
        <time>2024-08-15T14:41:20.542Z</time>
      </trkpt>
      <trkpt lat="43.255351" lon="-4.103794">
        <ele>309.476</ele>
        <time>2024-08-15T14:41:21.542Z</time>
      </trkpt>
      <trkpt lat="43.255313" lon="-4.103907">
        <ele>309.040</ele>
        <time>2024-08-15T14:41:22.542Z</time>
      </trkpt>
      <trkpt lat="43.255286" lon="-4.104084">
        <ele>308.555</ele>
        <time>2024-08-15T14:41:23.542Z</time>
      </trkpt>
      <trkpt lat="43.255262" lon="-4.104276">
        <ele>308.768</ele>
        <time>2024-08-15T14:41:24.542Z</time>
      </trkpt>
      <trkpt lat="43.255252" lon="-4.104435">
        <ele>310.142</ele>
        <time>2024-08-15T14:41:25.542Z</time>
      </trkpt>
      <trkpt lat="43.255240" lon="-4.104596">
        <ele>310.426</ele>
        <time>2024-08-15T14:41:26.542Z</time>
      </trkpt>
      <trkpt lat="43.255227" lon="-4.104753">
        <ele>310.409</ele>
        <time>2024-08-15T14:41:27.542Z</time>
      </trkpt>
      <trkpt lat="43.255212" lon="-4.104877">
        <ele>309.717</ele>
        <time>2024-08-15T14:41:28.542Z</time>
      </trkpt>
      <trkpt lat="43.255202" lon="-4.105002">
        <ele>308.614</ele>
        <time>2024-08-15T14:41:29.542Z</time>
      </trkpt>
      <trkpt lat="43.255200" lon="-4.105139">
        <ele>308.627</ele>
        <time>2024-08-15T14:41:30.542Z</time>
      </trkpt>
      <trkpt lat="43.255219" lon="-4.105288">
        <ele>309.417</ele>
        <time>2024-08-15T14:41:31.542Z</time>
      </trkpt>
      <trkpt lat="43.255210" lon="-4.105428">
        <ele>310.112</ele>
        <time>2024-08-15T14:41:32.542Z</time>
      </trkpt>
      <trkpt lat="43.255173" lon="-4.105550">
        <ele>310.723</ele>
        <time>2024-08-15T14:41:33.542Z</time>
      </trkpt>
      <trkpt lat="43.255141" lon="-4.105665">
        <ele>311.496</ele>
        <time>2024-08-15T14:41:34.542Z</time>
      </trkpt>
      <trkpt lat="43.255126" lon="-4.105777">
        <ele>312.390</ele>
        <time>2024-08-15T14:41:35.542Z</time>
      </trkpt>
      <trkpt lat="43.255135" lon="-4.105873">
        <ele>312.765</ele>
        <time>2024-08-15T14:41:36.542Z</time>
      </trkpt>
      <trkpt lat="43.255161" lon="-4.105945">
        <ele>313.377</ele>
        <time>2024-08-15T14:41:37.543Z</time>
      </trkpt>
      <trkpt lat="43.255320" lon="-4.106064">
        <ele>315.161</ele>
        <time>2024-08-15T14:41:39.542Z</time>
      </trkpt>
      <trkpt lat="43.255464" lon="-4.106131">
        <ele>315.127</ele>
        <time>2024-08-15T14:41:40.542Z</time>
      </trkpt>
      <trkpt lat="43.255598" lon="-4.106171">
        <ele>314.309</ele>
        <time>2024-08-15T14:41:41.543Z</time>
      </trkpt>
      <trkpt lat="43.255846" lon="-4.106252">
        <ele>311.128</ele>
        <time>2024-08-15T14:41:43.543Z</time>
      </trkpt>
      <trkpt lat="43.256029" lon="-4.106423">
        <ele>310.855</ele>
        <time>2024-08-15T14:41:45.543Z</time>
      </trkpt>
      <trkpt lat="43.256100" lon="-4.106556">
        <ele>310.368</ele>
        <time>2024-08-15T14:41:46.543Z</time>
      </trkpt>
      <trkpt lat="43.256164" lon="-4.106838">
        <ele>309.478</ele>
        <time>2024-08-15T14:41:48.542Z</time>
      </trkpt>
      <trkpt lat="43.256170" lon="-4.106969">
        <ele>309.283</ele>
        <time>2024-08-15T14:41:49.543Z</time>
      </trkpt>
      <trkpt lat="43.256186" lon="-4.107087">
        <ele>308.934</ele>
        <time>2024-08-15T14:41:50.543Z</time>
      </trkpt>
      <trkpt lat="43.256227" lon="-4.107191">
        <ele>309.197</ele>
        <time>2024-08-15T14:41:51.543Z</time>
      </trkpt>
      <trkpt lat="43.256290" lon="-4.107271">
        <ele>309.071</ele>
        <time>2024-08-15T14:41:52.543Z</time>
      </trkpt>
      <trkpt lat="43.256357" lon="-4.107333">
        <ele>309.016</ele>
        <time>2024-08-15T14:41:53.543Z</time>
      </trkpt>
      <trkpt lat="43.256434" lon="-4.107366">
        <ele>309.443</ele>
        <time>2024-08-15T14:41:54.543Z</time>
      </trkpt>
      <trkpt lat="43.256510" lon="-4.107387">
        <ele>310.064</ele>
        <time>2024-08-15T14:41:55.543Z</time>
      </trkpt>
      <trkpt lat="43.256720" lon="-4.107381">
        <ele>310.410</ele>
        <time>2024-08-15T14:41:57.543Z</time>
      </trkpt>
      <trkpt lat="43.256825" lon="-4.107361">
        <ele>311.209</ele>
        <time>2024-08-15T14:41:58.543Z</time>
      </trkpt>
      <trkpt lat="43.256927" lon="-4.107344">
        <ele>310.835</ele>
        <time>2024-08-15T14:41:59.543Z</time>
      </trkpt>
      <trkpt lat="43.257022" lon="-4.107313">
        <ele>310.752</ele>
        <time>2024-08-15T14:42:00.543Z</time>
      </trkpt>
      <trkpt lat="43.257118" lon="-4.107265">
        <ele>310.475</ele>
        <time>2024-08-15T14:42:01.543Z</time>
      </trkpt>
      <trkpt lat="43.257202" lon="-4.107187">
        <ele>309.865</ele>
        <time>2024-08-15T14:42:02.543Z</time>
      </trkpt>
      <trkpt lat="43.257297" lon="-4.107110">
        <ele>309.430</ele>
        <time>2024-08-15T14:42:03.543Z</time>
      </trkpt>
      <trkpt lat="43.257410" lon="-4.107073">
        <ele>308.671</ele>
        <time>2024-08-15T14:42:04.543Z</time>
      </trkpt>
      <trkpt lat="43.257525" lon="-4.107060">
        <ele>307.974</ele>
        <time>2024-08-15T14:42:05.543Z</time>
      </trkpt>
      <trkpt lat="43.257640" lon="-4.107057">
        <ele>305.938</ele>
        <time>2024-08-15T14:42:06.543Z</time>
      </trkpt>
      <trkpt lat="43.257753" lon="-4.107055">
        <ele>304.283</ele>
        <time>2024-08-15T14:42:07.543Z</time>
      </trkpt>
      <trkpt lat="43.257859" lon="-4.107060">
        <ele>302.577</ele>
        <time>2024-08-15T14:42:08.543Z</time>
      </trkpt>
      <trkpt lat="43.257958" lon="-4.107085">
        <ele>301.261</ele>
        <time>2024-08-15T14:42:09.543Z</time>
      </trkpt>
      <trkpt lat="43.258051" lon="-4.107132">
        <ele>300.227</ele>
        <time>2024-08-15T14:42:10.543Z</time>
      </trkpt>
      <trkpt lat="43.258141" lon="-4.107186">
        <ele>299.209</ele>
        <time>2024-08-15T14:42:11.543Z</time>
      </trkpt>
      <trkpt lat="43.258233" lon="-4.107235">
        <ele>298.078</ele>
        <time>2024-08-15T14:42:12.543Z</time>
      </trkpt>
      <trkpt lat="43.258327" lon="-4.107258">
        <ele>296.745</ele>
        <time>2024-08-15T14:42:13.543Z</time>
      </trkpt>
      <trkpt lat="43.258420" lon="-4.107270">
        <ele>295.358</ele>
        <time>2024-08-15T14:42:14.543Z</time>
      </trkpt>
      <trkpt lat="43.258520" lon="-4.107239">
        <ele>294.718</ele>
        <time>2024-08-15T14:42:15.543Z</time>
      </trkpt>
      <trkpt lat="43.258617" lon="-4.107200">
        <ele>294.683</ele>
        <time>2024-08-15T14:42:16.543Z</time>
      </trkpt>
      <trkpt lat="43.258713" lon="-4.107166">
        <ele>294.664</ele>
        <time>2024-08-15T14:42:17.544Z</time>
      </trkpt>
      <trkpt lat="43.258904" lon="-4.107123">
        <ele>294.177</ele>
        <time>2024-08-15T14:42:19.543Z</time>
      </trkpt>
      <trkpt lat="43.258997" lon="-4.107099">
        <ele>293.841</ele>
        <time>2024-08-15T14:42:20.543Z</time>
      </trkpt>
      <trkpt lat="43.259088" lon="-4.107067">
        <ele>293.366</ele>
        <time>2024-08-15T14:42:21.543Z</time>
      </trkpt>
      <trkpt lat="43.259177" lon="-4.107028">
        <ele>292.921</ele>
        <time>2024-08-15T14:42:22.543Z</time>
      </trkpt>
      <trkpt lat="43.259265" lon="-4.106989">
        <ele>292.641</ele>
        <time>2024-08-15T14:42:23.543Z</time>
      </trkpt>
      <trkpt lat="43.259354" lon="-4.106953">
        <ele>292.405</ele>
        <time>2024-08-15T14:42:24.544Z</time>
      </trkpt>
      <trkpt lat="43.259441" lon="-4.106914">
        <ele>292.109</ele>
        <time>2024-08-15T14:42:25.544Z</time>
      </trkpt>
      <trkpt lat="43.259619" lon="-4.106825">
        <ele>290.963</ele>
        <time>2024-08-15T14:42:27.544Z</time>
      </trkpt>
      <trkpt lat="43.259797" lon="-4.106754">
        <ele>289.780</ele>
        <time>2024-08-15T14:42:29.543Z</time>
      </trkpt>
      <trkpt lat="43.259888" lon="-4.106727">
        <ele>289.363</ele>
        <time>2024-08-15T14:42:30.544Z</time>
      </trkpt>
      <trkpt lat="43.259981" lon="-4.106707">
        <ele>288.763</ele>
        <time>2024-08-15T14:42:31.544Z</time>
      </trkpt>
      <trkpt lat="43.260163" lon="-4.106651">
        <ele>286.678</ele>
        <time>2024-08-15T14:42:33.544Z</time>
      </trkpt>
      <trkpt lat="43.260336" lon="-4.106574">
        <ele>284.499</ele>
        <time>2024-08-15T14:42:35.543Z</time>
      </trkpt>
      <trkpt lat="43.260421" lon="-4.106534">
        <ele>283.952</ele>
        <time>2024-08-15T14:42:36.544Z</time>
      </trkpt>
      <trkpt lat="43.260603" lon="-4.106466">
        <ele>282.346</ele>
        <time>2024-08-15T14:42:38.544Z</time>
      </trkpt>
      <trkpt lat="43.260697" lon="-4.106424">
        <ele>280.291</ele>
        <time>2024-08-15T14:42:39.544Z</time>
      </trkpt>
      <trkpt lat="43.260792" lon="-4.106371">
        <ele>279.342</ele>
        <time>2024-08-15T14:42:40.544Z</time>
      </trkpt>
      <trkpt lat="43.260883" lon="-4.106306">
        <ele>277.422</ele>
        <time>2024-08-15T14:42:41.544Z</time>
      </trkpt>
      <trkpt lat="43.260971" lon="-4.106229">
        <ele>275.914</ele>
        <time>2024-08-15T14:42:42.544Z</time>
      </trkpt>
      <trkpt lat="43.261055" lon="-4.106143">
        <ele>274.609</ele>
        <time>2024-08-15T14:42:43.544Z</time>
      </trkpt>
      <trkpt lat="43.261140" lon="-4.106052">
        <ele>273.235</ele>
        <time>2024-08-15T14:42:44.544Z</time>
      </trkpt>
      <trkpt lat="43.261222" lon="-4.105954">
        <ele>272.092</ele>
        <time>2024-08-15T14:42:45.544Z</time>
      </trkpt>
      <trkpt lat="43.261306" lon="-4.105850">
        <ele>271.735</ele>
        <time>2024-08-15T14:42:46.544Z</time>
      </trkpt>
      <trkpt lat="43.261391" lon="-4.105742">
        <ele>270.715</ele>
        <time>2024-08-15T14:42:47.544Z</time>
      </trkpt>
      <trkpt lat="43.261479" lon="-4.105623">
        <ele>270.090</ele>
        <time>2024-08-15T14:42:48.544Z</time>
      </trkpt>
      <trkpt lat="43.261561" lon="-4.105494">
        <ele>269.891</ele>
        <time>2024-08-15T14:42:49.544Z</time>
      </trkpt>
      <trkpt lat="43.261638" lon="-4.105364">
        <ele>269.674</ele>
        <time>2024-08-15T14:42:50.544Z</time>
      </trkpt>
      <trkpt lat="43.261720" lon="-4.105244">
        <ele>269.468</ele>
        <time>2024-08-15T14:42:51.544Z</time>
      </trkpt>
      <trkpt lat="43.261809" lon="-4.105137">
        <ele>268.883</ele>
        <time>2024-08-15T14:42:52.544Z</time>
      </trkpt>
      <trkpt lat="43.261900" lon="-4.105046">
        <ele>267.714</ele>
        <time>2024-08-15T14:42:53.544Z</time>
      </trkpt>
      <trkpt lat="43.261992" lon="-4.104978">
        <ele>266.954</ele>
        <time>2024-08-15T14:42:54.544Z</time>
      </trkpt>
      <trkpt lat="43.262087" lon="-4.104929">
        <ele>266.209</ele>
        <time>2024-08-15T14:42:55.544Z</time>
      </trkpt>
      <trkpt lat="43.262186" lon="-4.104891">
        <ele>265.809</ele>
        <time>2024-08-15T14:42:56.544Z</time>
      </trkpt>
      <trkpt lat="43.262296" lon="-4.104864">
        <ele>265.132</ele>
        <time>2024-08-15T14:42:57.544Z</time>
      </trkpt>
      <trkpt lat="43.262408" lon="-4.104851">
        <ele>264.589</ele>
        <time>2024-08-15T14:42:58.544Z</time>
      </trkpt>
      <trkpt lat="43.262522" lon="-4.104832">
        <ele>263.652</ele>
        <time>2024-08-15T14:42:59.544Z</time>
      </trkpt>
      <trkpt lat="43.262628" lon="-4.104812">
        <ele>263.032</ele>
        <time>2024-08-15T14:43:00.544Z</time>
      </trkpt>
      <trkpt lat="43.262731" lon="-4.104784">
        <ele>262.487</ele>
        <time>2024-08-15T14:43:01.544Z</time>
      </trkpt>
      <trkpt lat="43.262829" lon="-4.104749">
        <ele>261.968</ele>
        <time>2024-08-15T14:43:02.544Z</time>
      </trkpt>
      <trkpt lat="43.262925" lon="-4.104707">
        <ele>261.591</ele>
        <time>2024-08-15T14:43:03.544Z</time>
      </trkpt>
      <trkpt lat="43.263014" lon="-4.104675">
        <ele>260.995</ele>
        <time>2024-08-15T14:43:04.544Z</time>
      </trkpt>
      <trkpt lat="43.263087" lon="-4.104663">
        <ele>260.170</ele>
        <time>2024-08-15T14:43:05.544Z</time>
      </trkpt>
      <trkpt lat="43.263139" lon="-4.104666">
        <ele>259.738</ele>
        <time>2024-08-15T14:43:06.544Z</time>
      </trkpt>
      <trkpt lat="43.263170" lon="-4.104717">
        <ele>257.970</ele>
        <time>2024-08-15T14:43:09.544Z</time>
      </trkpt>
      <trkpt lat="43.263164" lon="-4.104784">
        <ele>257.817</ele>
        <time>2024-08-15T14:43:12.544Z</time>
      </trkpt>
      <trkpt lat="43.263131" lon="-4.104868">
        <ele>258.009</ele>
        <time>2024-08-15T14:43:14.544Z</time>
      </trkpt>
      <trkpt lat="43.263099" lon="-4.104937">
        <ele>258.064</ele>
        <time>2024-08-15T14:43:15.544Z</time>
      </trkpt>
      <trkpt lat="43.263065" lon="-4.105016">
        <ele>258.031</ele>
        <time>2024-08-15T14:43:16.544Z</time>
      </trkpt>
      <trkpt lat="43.263026" lon="-4.105105">
        <ele>258.224</ele>
        <time>2024-08-15T14:43:17.544Z</time>
      </trkpt>
      <trkpt lat="43.262982" lon="-4.105193">
        <ele>258.294</ele>
        <time>2024-08-15T14:43:18.545Z</time>
      </trkpt>
      <trkpt lat="43.262880" lon="-4.105366">
        <ele>257.679</ele>
        <time>2024-08-15T14:43:20.544Z</time>
      </trkpt>
      <trkpt lat="43.262836" lon="-4.105468">
        <ele>257.040</ele>
        <time>2024-08-15T14:43:21.544Z</time>
      </trkpt>
      <trkpt lat="43.262803" lon="-4.105604">
        <ele>256.573</ele>
        <time>2024-08-15T14:43:22.544Z</time>
      </trkpt>
      <trkpt lat="43.262784" lon="-4.105738">
        <ele>256.337</ele>
        <time>2024-08-15T14:43:23.545Z</time>
      </trkpt>
      <trkpt lat="43.262764" lon="-4.106004">
        <ele>255.392</ele>
        <time>2024-08-15T14:43:25.544Z</time>
      </trkpt>
      <trkpt lat="43.262749" lon="-4.106125">
        <ele>254.688</ele>
        <time>2024-08-15T14:43:26.544Z</time>
      </trkpt>
      <trkpt lat="43.262725" lon="-4.106257">
        <ele>254.024</ele>
        <time>2024-08-15T14:43:27.544Z</time>
      </trkpt>
      <trkpt lat="43.262690" lon="-4.106381">
        <ele>253.626</ele>
        <time>2024-08-15T14:43:28.544Z</time>
      </trkpt>
      <trkpt lat="43.262623" lon="-4.106497">
        <ele>252.809</ele>
        <time>2024-08-15T14:43:29.545Z</time>
      </trkpt>
      <trkpt lat="43.262442" lon="-4.106711">
        <ele>249.499</ele>
        <time>2024-08-15T14:43:31.545Z</time>
      </trkpt>
      <trkpt lat="43.262278" lon="-4.106941">
        <ele>249.776</ele>
        <time>2024-08-15T14:43:33.545Z</time>
      </trkpt>
      <trkpt lat="43.262181" lon="-4.107174">
        <ele>249.789</ele>
        <time>2024-08-15T14:43:35.544Z</time>
      </trkpt>
      <trkpt lat="43.262152" lon="-4.107279">
        <ele>249.179</ele>
        <time>2024-08-15T14:43:36.545Z</time>
      </trkpt>
      <trkpt lat="43.262136" lon="-4.107397">
        <ele>249.194</ele>
        <time>2024-08-15T14:43:37.545Z</time>
      </trkpt>
      <trkpt lat="43.262122" lon="-4.107511">
        <ele>249.385</ele>
        <time>2024-08-15T14:43:38.545Z</time>
      </trkpt>
      <trkpt lat="43.262113" lon="-4.107630">
        <ele>249.498</ele>
        <time>2024-08-15T14:43:39.545Z</time>
      </trkpt>
      <trkpt lat="43.262109" lon="-4.107751">
        <ele>249.442</ele>
        <time>2024-08-15T14:43:40.545Z</time>
      </trkpt>
      <trkpt lat="43.262108" lon="-4.107872">
        <ele>249.087</ele>
        <time>2024-08-15T14:43:41.545Z</time>
      </trkpt>
      <trkpt lat="43.262112" lon="-4.107993">
        <ele>248.489</ele>
        <time>2024-08-15T14:43:42.545Z</time>
      </trkpt>
      <trkpt lat="43.262124" lon="-4.108114">
        <ele>248.206</ele>
        <time>2024-08-15T14:43:43.545Z</time>
      </trkpt>
      <trkpt lat="43.262141" lon="-4.108235">
        <ele>248.026</ele>
        <time>2024-08-15T14:43:44.545Z</time>
      </trkpt>
      <trkpt lat="43.262162" lon="-4.108356">
        <ele>248.009</ele>
        <time>2024-08-15T14:43:45.545Z</time>
      </trkpt>
      <trkpt lat="43.262182" lon="-4.108470">
        <ele>247.839</ele>
        <time>2024-08-15T14:43:46.545Z</time>
      </trkpt>
      <trkpt lat="43.262199" lon="-4.108574">
        <ele>247.526</ele>
        <time>2024-08-15T14:43:47.545Z</time>
      </trkpt>
      <trkpt lat="43.262213" lon="-4.108677">
        <ele>247.049</ele>
        <time>2024-08-15T14:43:48.545Z</time>
      </trkpt>
      <trkpt lat="43.262222" lon="-4.108778">
        <ele>246.489</ele>
        <time>2024-08-15T14:43:49.545Z</time>
      </trkpt>
      <trkpt lat="43.262227" lon="-4.108872">
        <ele>245.514</ele>
        <time>2024-08-15T14:43:50.545Z</time>
      </trkpt>
      <trkpt lat="43.262227" lon="-4.108961">
        <ele>244.425</ele>
        <time>2024-08-15T14:43:51.545Z</time>
      </trkpt>
      <trkpt lat="43.262215" lon="-4.109048">
        <ele>243.258</ele>
        <time>2024-08-15T14:43:52.545Z</time>
      </trkpt>
      <trkpt lat="43.262189" lon="-4.109136">
        <ele>242.112</ele>
        <time>2024-08-15T14:43:53.545Z</time>
      </trkpt>
      <trkpt lat="43.262140" lon="-4.109212">
        <ele>241.697</ele>
        <time>2024-08-15T14:43:54.545Z</time>
      </trkpt>
      <trkpt lat="43.262081" lon="-4.109272">
        <ele>240.137</ele>
        <time>2024-08-15T14:43:55.545Z</time>
      </trkpt>
      <trkpt lat="43.262029" lon="-4.109328">
        <ele>238.849</ele>
        <time>2024-08-15T14:43:56.545Z</time>
      </trkpt>
      <trkpt lat="43.261993" lon="-4.109378">
        <ele>237.613</ele>
        <time>2024-08-15T14:43:57.545Z</time>
      </trkpt>
      <trkpt lat="43.261974" lon="-4.109435">
        <ele>237.009</ele>
        <time>2024-08-15T14:43:58.545Z</time>
      </trkpt>
      <trkpt lat="43.261956" lon="-4.109561">
        <ele>235.314</ele>
        <time>2024-08-15T14:44:00.545Z</time>
      </trkpt>
      <trkpt lat="43.262002" lon="-4.109664">
        <ele>235.021</ele>
        <time>2024-08-15T14:44:02.545Z</time>
      </trkpt>
      <trkpt lat="43.262074" lon="-4.109743">
        <ele>234.884</ele>
        <time>2024-08-15T14:44:03.545Z</time>
      </trkpt>
      <trkpt lat="43.262162" lon="-4.109825">
        <ele>234.664</ele>
        <time>2024-08-15T14:44:04.545Z</time>
      </trkpt>
      <trkpt lat="43.262253" lon="-4.109915">
        <ele>232.899</ele>
        <time>2024-08-15T14:44:05.545Z</time>
      </trkpt>
      <trkpt lat="43.262342" lon="-4.110003">
        <ele>230.520</ele>
        <time>2024-08-15T14:44:06.545Z</time>
      </trkpt>
      <trkpt lat="43.262420" lon="-4.110093">
        <ele>228.983</ele>
        <time>2024-08-15T14:44:07.545Z</time>
      </trkpt>
      <trkpt lat="43.262512" lon="-4.110180">
        <ele>227.847</ele>
        <time>2024-08-15T14:44:08.545Z</time>
      </trkpt>
      <trkpt lat="43.262593" lon="-4.110230">
        <ele>227.052</ele>
        <time>2024-08-15T14:44:09.545Z</time>
      </trkpt>
      <trkpt lat="43.262727" lon="-4.110104">
        <ele>225.994</ele>
        <time>2024-08-15T14:44:11.545Z</time>
      </trkpt>
      <trkpt lat="43.262763" lon="-4.109972">
        <ele>223.857</ele>
        <time>2024-08-15T14:44:12.545Z</time>
      </trkpt>
      <trkpt lat="43.262782" lon="-4.109838">
        <ele>222.422</ele>
        <time>2024-08-15T14:44:13.545Z</time>
      </trkpt>
      <trkpt lat="43.262791" lon="-4.109721">
        <ele>221.909</ele>
        <time>2024-08-15T14:44:14.546Z</time>
      </trkpt>
      <trkpt lat="43.262826" lon="-4.109529">
        <ele>219.770</ele>
        <time>2024-08-15T14:44:16.545Z</time>
      </trkpt>
      <trkpt lat="43.262873" lon="-4.109472">
        <ele>218.497</ele>
        <time>2024-08-15T14:44:17.545Z</time>
      </trkpt>
      <trkpt lat="43.262922" lon="-4.109425">
        <ele>217.260</ele>
        <time>2024-08-15T14:44:18.545Z</time>
      </trkpt>
      <trkpt lat="43.263009" lon="-4.109436">
        <ele>216.720</ele>
        <time>2024-08-15T14:44:19.545Z</time>
      </trkpt>
      <trkpt lat="43.263109" lon="-4.109448">
        <ele>215.515</ele>
        <time>2024-08-15T14:44:20.546Z</time>
      </trkpt>
      <trkpt lat="43.263216" lon="-4.109457">
        <ele>215.136</ele>
        <time>2024-08-15T14:44:21.546Z</time>
      </trkpt>
      <trkpt lat="43.263310" lon="-4.109460">
        <ele>214.279</ele>
        <time>2024-08-15T14:44:22.546Z</time>
      </trkpt>
      <trkpt lat="43.263486" lon="-4.109472">
        <ele>212.483</ele>
        <time>2024-08-15T14:44:24.545Z</time>
      </trkpt>
      <trkpt lat="43.263567" lon="-4.109452">
        <ele>211.138</ele>
        <time>2024-08-15T14:44:25.546Z</time>
      </trkpt>
      <trkpt lat="43.263728" lon="-4.109322">
        <ele>208.834</ele>
        <time>2024-08-15T14:44:27.545Z</time>
      </trkpt>
      <trkpt lat="43.263797" lon="-4.109228">
        <ele>207.255</ele>
        <time>2024-08-15T14:44:28.545Z</time>
      </trkpt>
      <trkpt lat="43.263859" lon="-4.109127">
        <ele>204.510</ele>
        <time>2024-08-15T14:44:29.546Z</time>
      </trkpt>
      <trkpt lat="43.263917" lon="-4.109028">
        <ele>203.109</ele>
        <time>2024-08-15T14:44:30.546Z</time>
      </trkpt>
      <trkpt lat="43.264035" lon="-4.108852">
        <ele>199.754</ele>
        <time>2024-08-15T14:44:32.545Z</time>
      </trkpt>
      <trkpt lat="43.264105" lon="-4.108790">
        <ele>199.081</ele>
        <time>2024-08-15T14:44:33.546Z</time>
      </trkpt>
      <trkpt lat="43.264174" lon="-4.108715">
        <ele>198.224</ele>
        <time>2024-08-15T14:44:34.546Z</time>
      </trkpt>
      <trkpt lat="43.264283" lon="-4.108561">
        <ele>197.084</ele>
        <time>2024-08-15T14:44:36.546Z</time>
      </trkpt>
      <trkpt lat="43.264318" lon="-4.108514">
        <ele>196.599</ele>
        <time>2024-08-15T14:44:37.546Z</time>
      </trkpt>
      <trkpt lat="43.264383" lon="-4.108478">
        <ele>196.190</ele>
        <time>2024-08-15T14:44:39.546Z</time>
      </trkpt>
      <trkpt lat="43.264436" lon="-4.108476">
        <ele>195.013</ele>
        <time>2024-08-15T14:44:42.546Z</time>
      </trkpt>
      <trkpt lat="43.264499" lon="-4.108497">
        <ele>194.817</ele>
        <time>2024-08-15T14:44:47.546Z</time>
      </trkpt>
      <trkpt lat="43.264545" lon="-4.108511">
        <ele>194.672</ele>
        <time>2024-08-15T14:44:49.546Z</time>
      </trkpt>
      <trkpt lat="43.264614" lon="-4.108519">
        <ele>194.356</ele>
        <time>2024-08-15T14:44:51.546Z</time>
      </trkpt>
      <trkpt lat="43.264697" lon="-4.108499">
        <ele>194.359</ele>
        <time>2024-08-15T14:44:53.546Z</time>
      </trkpt>
      <trkpt lat="43.264780" lon="-4.108425">
        <ele>192.814</ele>
        <time>2024-08-15T14:44:55.546Z</time>
      </trkpt>
      <trkpt lat="43.264831" lon="-4.108372">
        <ele>192.509</ele>
        <time>2024-08-15T14:44:56.546Z</time>
      </trkpt>
      <trkpt lat="43.264887" lon="-4.108319">
        <ele>192.416</ele>
        <time>2024-08-15T14:44:57.546Z</time>
      </trkpt>
      <trkpt lat="43.264937" lon="-4.108286">
        <ele>192.323</ele>
        <time>2024-08-15T14:44:58.546Z</time>
      </trkpt>
      <trkpt lat="43.264991" lon="-4.108272">
        <ele>192.396</ele>
        <time>2024-08-15T14:44:59.546Z</time>
      </trkpt>
      <trkpt lat="43.265053" lon="-4.108268">
        <ele>192.376</ele>
        <time>2024-08-15T14:45:00.546Z</time>
      </trkpt>
      <trkpt lat="43.265112" lon="-4.108274">
        <ele>192.261</ele>
        <time>2024-08-15T14:45:01.546Z</time>
      </trkpt>
      <trkpt lat="43.265176" lon="-4.108288">
        <ele>192.282</ele>
        <time>2024-08-15T14:45:02.546Z</time>
      </trkpt>
      <trkpt lat="43.265228" lon="-4.108286">
        <ele>192.285</ele>
        <time>2024-08-15T14:45:03.546Z</time>
      </trkpt>
      <trkpt lat="43.265282" lon="-4.108267">
        <ele>191.329</ele>
        <time>2024-08-15T14:45:04.546Z</time>
      </trkpt>
      <trkpt lat="43.265340" lon="-4.108260">
        <ele>190.024</ele>
        <time>2024-08-15T14:45:05.546Z</time>
      </trkpt>
      <trkpt lat="43.265402" lon="-4.108249">
        <ele>189.257</ele>
        <time>2024-08-15T14:45:06.546Z</time>
      </trkpt>
      <trkpt lat="43.265468" lon="-4.108239">
        <ele>187.700</ele>
        <time>2024-08-15T14:45:07.546Z</time>
      </trkpt>
      <trkpt lat="43.265533" lon="-4.108232">
        <ele>186.920</ele>
        <time>2024-08-15T14:45:08.547Z</time>
      </trkpt>
      <trkpt lat="43.265606" lon="-4.108229">
        <ele>186.909</ele>
        <time>2024-08-15T14:45:09.547Z</time>
      </trkpt>
      <trkpt lat="43.265680" lon="-4.108217">
        <ele>186.216</ele>
        <time>2024-08-15T14:45:10.547Z</time>
      </trkpt>
      <trkpt lat="43.265821" lon="-4.108188">
        <ele>184.673</ele>
        <time>2024-08-15T14:45:12.547Z</time>
      </trkpt>
      <trkpt lat="43.265954" lon="-4.108170">
        <ele>183.256</ele>
        <time>2024-08-15T14:45:14.546Z</time>
      </trkpt>
      <trkpt lat="43.266023" lon="-4.108167">
        <ele>182.016</ele>
        <time>2024-08-15T14:45:15.546Z</time>
      </trkpt>
      <trkpt lat="43.266088" lon="-4.108161">
        <ele>181.111</ele>
        <time>2024-08-15T14:45:16.546Z</time>
      </trkpt>
      <trkpt lat="43.266162" lon="-4.108147">
        <ele>180.952</ele>
        <time>2024-08-15T14:45:17.546Z</time>
      </trkpt>
      <trkpt lat="43.266237" lon="-4.108136">
        <ele>179.155</ele>
        <time>2024-08-15T14:45:18.547Z</time>
      </trkpt>
      <trkpt lat="43.266320" lon="-4.108116">
        <ele>177.949</ele>
        <time>2024-08-15T14:45:19.547Z</time>
      </trkpt>
      <trkpt lat="43.266476" lon="-4.108080">
        <ele>176.324</ele>
        <time>2024-08-15T14:45:21.547Z</time>
      </trkpt>
      <trkpt lat="43.266619" lon="-4.108029">
        <ele>174.434</ele>
        <time>2024-08-15T14:45:23.546Z</time>
      </trkpt>
      <trkpt lat="43.266698" lon="-4.107997">
        <ele>173.855</ele>
        <time>2024-08-15T14:45:24.547Z</time>
      </trkpt>
      <trkpt lat="43.266780" lon="-4.107966">
        <ele>173.110</ele>
        <time>2024-08-15T14:45:25.547Z</time>
      </trkpt>
      <trkpt lat="43.266869" lon="-4.107935">
        <ele>172.309</ele>
        <time>2024-08-15T14:45:26.547Z</time>
      </trkpt>
      <trkpt lat="43.266961" lon="-4.107910">
        <ele>171.514</ele>
        <time>2024-08-15T14:45:27.547Z</time>
      </trkpt>
      <trkpt lat="43.267051" lon="-4.107901">
        <ele>169.531</ele>
        <time>2024-08-15T14:45:28.547Z</time>
      </trkpt>
      <trkpt lat="43.267142" lon="-4.107891">
        <ele>167.344</ele>
        <time>2024-08-15T14:45:29.547Z</time>
      </trkpt>
      <trkpt lat="43.267233" lon="-4.107880">
        <ele>165.494</ele>
        <time>2024-08-15T14:45:30.547Z</time>
      </trkpt>
      <trkpt lat="43.267321" lon="-4.107866">
        <ele>164.269</ele>
        <time>2024-08-15T14:45:31.547Z</time>
      </trkpt>
      <trkpt lat="43.267404" lon="-4.107848">
        <ele>163.030</ele>
        <time>2024-08-15T14:45:32.547Z</time>
      </trkpt>
      <trkpt lat="43.267474" lon="-4.107826">
        <ele>162.363</ele>
        <time>2024-08-15T14:45:33.547Z</time>
      </trkpt>
      <trkpt lat="43.267534" lon="-4.107787">
        <ele>161.487</ele>
        <time>2024-08-15T14:45:34.547Z</time>
      </trkpt>
      <trkpt lat="43.267597" lon="-4.107745">
        <ele>161.052</ele>
        <time>2024-08-15T14:45:35.547Z</time>
      </trkpt>
      <trkpt lat="43.267668" lon="-4.107723">
        <ele>160.778</ele>
        <time>2024-08-15T14:45:36.547Z</time>
      </trkpt>
      <trkpt lat="43.267742" lon="-4.107720">
        <ele>160.233</ele>
        <time>2024-08-15T14:45:37.547Z</time>
      </trkpt>
      <trkpt lat="43.267818" lon="-4.107730">
        <ele>159.326</ele>
        <time>2024-08-15T14:45:38.547Z</time>
      </trkpt>
      <trkpt lat="43.267891" lon="-4.107727">
        <ele>157.909</ele>
        <time>2024-08-15T14:45:39.547Z</time>
      </trkpt>
      <trkpt lat="43.267963" lon="-4.107703">
        <ele>156.038</ele>
        <time>2024-08-15T14:45:40.547Z</time>
      </trkpt>
      <trkpt lat="43.268031" lon="-4.107657">
        <ele>154.795</ele>
        <time>2024-08-15T14:45:41.547Z</time>
      </trkpt>
      <trkpt lat="43.268088" lon="-4.107596">
        <ele>154.558</ele>
        <time>2024-08-15T14:45:42.547Z</time>
      </trkpt>
      <trkpt lat="43.268137" lon="-4.107544">
        <ele>154.238</ele>
        <time>2024-08-15T14:45:43.547Z</time>
      </trkpt>
      <trkpt lat="43.268187" lon="-4.107505">
        <ele>153.783</ele>
        <time>2024-08-15T14:45:44.547Z</time>
      </trkpt>
      <trkpt lat="43.268245" lon="-4.107504">
        <ele>153.434</ele>
        <time>2024-08-15T14:45:45.547Z</time>
      </trkpt>
      <trkpt lat="43.268314" lon="-4.107502">
        <ele>152.287</ele>
        <time>2024-08-15T14:45:46.547Z</time>
      </trkpt>
      <trkpt lat="43.268380" lon="-4.107506">
        <ele>151.191</ele>
        <time>2024-08-15T14:45:47.547Z</time>
      </trkpt>
      <trkpt lat="43.268448" lon="-4.107511">
        <ele>150.176</ele>
        <time>2024-08-15T14:45:48.547Z</time>
      </trkpt>
      <trkpt lat="43.268517" lon="-4.107515">
        <ele>148.441</ele>
        <time>2024-08-15T14:45:49.547Z</time>
      </trkpt>
      <trkpt lat="43.268592" lon="-4.107516">
        <ele>145.781</ele>
        <time>2024-08-15T14:45:50.547Z</time>
      </trkpt>
      <trkpt lat="43.268665" lon="-4.107519">
        <ele>144.609</ele>
        <time>2024-08-15T14:45:51.547Z</time>
      </trkpt>
      <trkpt lat="43.268748" lon="-4.107535">
        <ele>143.909</ele>
        <time>2024-08-15T14:45:52.547Z</time>
      </trkpt>
      <trkpt lat="43.268818" lon="-4.107538">
        <ele>143.335</ele>
        <time>2024-08-15T14:45:53.547Z</time>
      </trkpt>
      <trkpt lat="43.268891" lon="-4.107519">
        <ele>142.362</ele>
        <time>2024-08-15T14:45:54.547Z</time>
      </trkpt>
      <trkpt lat="43.268963" lon="-4.107498">
        <ele>141.495</ele>
        <time>2024-08-15T14:45:55.547Z</time>
      </trkpt>
      <trkpt lat="43.269045" lon="-4.107479">
        <ele>141.485</ele>
        <time>2024-08-15T14:45:56.547Z</time>
      </trkpt>
      <trkpt lat="43.269133" lon="-4.107479">
        <ele>141.150</ele>
        <time>2024-08-15T14:45:57.547Z</time>
      </trkpt>
      <trkpt lat="43.269225" lon="-4.107467">
        <ele>141.121</ele>
        <time>2024-08-15T14:45:58.547Z</time>
      </trkpt>
      <trkpt lat="43.269304" lon="-4.107455">
        <ele>140.334</ele>
        <time>2024-08-15T14:45:59.547Z</time>
      </trkpt>
      <trkpt lat="43.269378" lon="-4.107439">
        <ele>138.828</ele>
        <time>2024-08-15T14:46:00.547Z</time>
      </trkpt>
      <trkpt lat="43.269450" lon="-4.107425">
        <ele>137.523</ele>
        <time>2024-08-15T14:46:01.547Z</time>
      </trkpt>
      <trkpt lat="43.269515" lon="-4.107427">
        <ele>136.626</ele>
        <time>2024-08-15T14:46:02.547Z</time>
      </trkpt>
      <trkpt lat="43.269578" lon="-4.107441">
        <ele>135.647</ele>
        <time>2024-08-15T14:46:03.547Z</time>
      </trkpt>
      <trkpt lat="43.269640" lon="-4.107458">
        <ele>134.711</ele>
        <time>2024-08-15T14:46:04.547Z</time>
      </trkpt>
      <trkpt lat="43.269708" lon="-4.107472">
        <ele>134.309</ele>
        <time>2024-08-15T14:46:05.547Z</time>
      </trkpt>
      <trkpt lat="43.269778" lon="-4.107462">
        <ele>133.853</ele>
        <time>2024-08-15T14:46:06.548Z</time>
      </trkpt>
      <trkpt lat="43.269852" lon="-4.107416">
        <ele>133.350</ele>
        <time>2024-08-15T14:46:07.548Z</time>
      </trkpt>
      <trkpt lat="43.269932" lon="-4.107351">
        <ele>133.363</ele>
        <time>2024-08-15T14:46:08.548Z</time>
      </trkpt>
      <trkpt lat="43.270078" lon="-4.107227">
        <ele>133.673</ele>
        <time>2024-08-15T14:46:10.547Z</time>
      </trkpt>
      <trkpt lat="43.270151" lon="-4.107161">
        <ele>133.688</ele>
        <time>2024-08-15T14:46:11.547Z</time>
      </trkpt>
      <trkpt lat="43.270229" lon="-4.107084">
        <ele>133.649</ele>
        <time>2024-08-15T14:46:12.548Z</time>
      </trkpt>
      <trkpt lat="43.270383" lon="-4.106902">
        <ele>132.992</ele>
        <time>2024-08-15T14:46:14.548Z</time>
      </trkpt>
      <trkpt lat="43.270502" lon="-4.106651">
        <ele>132.086</ele>
        <time>2024-08-15T14:46:16.547Z</time>
      </trkpt>
      <trkpt lat="43.270563" lon="-4.106524">
        <ele>131.651</ele>
        <time>2024-08-15T14:46:17.548Z</time>
      </trkpt>
      <trkpt lat="43.270625" lon="-4.106407">
        <ele>130.958</ele>
        <time>2024-08-15T14:46:18.548Z</time>
      </trkpt>
      <trkpt lat="43.270691" lon="-4.106304">
        <ele>130.052</ele>
        <time>2024-08-15T14:46:19.548Z</time>
      </trkpt>
      <trkpt lat="43.270820" lon="-4.106152">
        <ele>128.517</ele>
        <time>2024-08-15T14:46:21.547Z</time>
      </trkpt>
      <trkpt lat="43.270879" lon="-4.106100">
        <ele>128.009</ele>
        <time>2024-08-15T14:46:22.548Z</time>
      </trkpt>
      <trkpt lat="43.270936" lon="-4.106062">
        <ele>127.856</ele>
        <time>2024-08-15T14:46:23.548Z</time>
      </trkpt>
      <trkpt lat="43.270995" lon="-4.106040">
        <ele>127.323</ele>
        <time>2024-08-15T14:46:24.548Z</time>
      </trkpt>
      <trkpt lat="43.271063" lon="-4.106029">
        <ele>126.676</ele>
        <time>2024-08-15T14:46:25.548Z</time>
      </trkpt>
      <trkpt lat="43.271141" lon="-4.106012">
        <ele>126.226</ele>
        <time>2024-08-15T14:46:26.548Z</time>
      </trkpt>
      <trkpt lat="43.271211" lon="-4.105981">
        <ele>125.671</ele>
        <time>2024-08-15T14:46:27.548Z</time>
      </trkpt>
      <trkpt lat="43.271273" lon="-4.105941">
        <ele>125.522</ele>
        <time>2024-08-15T14:46:28.548Z</time>
      </trkpt>
      <trkpt lat="43.271332" lon="-4.105898">
        <ele>125.455</ele>
        <time>2024-08-15T14:46:29.548Z</time>
      </trkpt>
      <trkpt lat="43.271388" lon="-4.105854">
        <ele>125.159</ele>
        <time>2024-08-15T14:46:30.548Z</time>
      </trkpt>
      <trkpt lat="43.271443" lon="-4.105810">
        <ele>124.624</ele>
        <time>2024-08-15T14:46:31.548Z</time>
      </trkpt>
      <trkpt lat="43.271493" lon="-4.105767">
        <ele>124.489</ele>
        <time>2024-08-15T14:46:32.548Z</time>
      </trkpt>
      <trkpt lat="43.271548" lon="-4.105723">
        <ele>123.906</ele>
        <time>2024-08-15T14:46:33.548Z</time>
      </trkpt>
      <trkpt lat="43.271602" lon="-4.105685">
        <ele>123.626</ele>
        <time>2024-08-15T14:46:34.548Z</time>
      </trkpt>
      <trkpt lat="43.271659" lon="-4.105652">
        <ele>122.909</ele>
        <time>2024-08-15T14:46:35.548Z</time>
      </trkpt>
      <trkpt lat="43.271718" lon="-4.105637">
        <ele>122.679</ele>
        <time>2024-08-15T14:46:36.548Z</time>
      </trkpt>
      <trkpt lat="43.271778" lon="-4.105639">
        <ele>122.586</ele>
        <time>2024-08-15T14:46:37.548Z</time>
      </trkpt>
      <trkpt lat="43.271835" lon="-4.105631">
        <ele>121.689</ele>
        <time>2024-08-15T14:46:38.548Z</time>
      </trkpt>
      <trkpt lat="43.271878" lon="-4.105598">
        <ele>121.389</ele>
        <time>2024-08-15T14:46:39.548Z</time>
      </trkpt>
      <trkpt lat="43.271910" lon="-4.105540">
        <ele>120.684</ele>
        <time>2024-08-15T14:46:40.548Z</time>
      </trkpt>
      <trkpt lat="43.271941" lon="-4.105471">
        <ele>120.575</ele>
        <time>2024-08-15T14:46:41.548Z</time>
      </trkpt>
      <trkpt lat="43.271977" lon="-4.105416">
        <ele>120.578</ele>
        <time>2024-08-15T14:46:42.548Z</time>
      </trkpt>
      <trkpt lat="43.272026" lon="-4.105394">
        <ele>120.542</ele>
        <time>2024-08-15T14:46:43.548Z</time>
      </trkpt>
      <trkpt lat="43.272088" lon="-4.105390">
        <ele>120.567</ele>
        <time>2024-08-15T14:46:44.548Z</time>
      </trkpt>
      <trkpt lat="43.272166" lon="-4.105429">
        <ele>121.249</ele>
        <time>2024-08-15T14:46:45.548Z</time>
      </trkpt>
      <trkpt lat="43.272235" lon="-4.105481">
        <ele>121.502</ele>
        <time>2024-08-15T14:46:46.548Z</time>
      </trkpt>
      <trkpt lat="43.272309" lon="-4.105525">
        <ele>121.822</ele>
        <time>2024-08-15T14:46:47.548Z</time>
      </trkpt>
      <trkpt lat="43.272386" lon="-4.105565">
        <ele>121.209</ele>
        <time>2024-08-15T14:46:48.548Z</time>
      </trkpt>
      <trkpt lat="43.272466" lon="-4.105573">
        <ele>120.575</ele>
        <time>2024-08-15T14:46:49.548Z</time>
      </trkpt>
      <trkpt lat="43.272535" lon="-4.105568">
        <ele>120.112</ele>
        <time>2024-08-15T14:46:50.548Z</time>
      </trkpt>
      <trkpt lat="43.272594" lon="-4.105560">
        <ele>119.915</ele>
        <time>2024-08-15T14:46:51.548Z</time>
      </trkpt>
      <trkpt lat="43.272661" lon="-4.105555">
        <ele>119.415</ele>
        <time>2024-08-15T14:46:53.548Z</time>
      </trkpt>
      <trkpt lat="43.272700" lon="-4.105606">
        <ele>119.650</ele>
        <time>2024-08-15T14:46:55.548Z</time>
      </trkpt>
      <trkpt lat="43.272710" lon="-4.105671">
        <ele>119.841</ele>
        <time>2024-08-15T14:46:56.548Z</time>
      </trkpt>
      <trkpt lat="43.272700" lon="-4.105737">
        <ele>120.034</ele>
        <time>2024-08-15T14:46:57.548Z</time>
      </trkpt>
      <trkpt lat="43.272687" lon="-4.105807">
        <ele>120.398</ele>
        <time>2024-08-15T14:46:58.548Z</time>
      </trkpt>
      <trkpt lat="43.272703" lon="-4.105899">
        <ele>121.213</ele>
        <time>2024-08-15T14:47:00.549Z</time>
      </trkpt>
      <trkpt lat="43.272737" lon="-4.106019">
        <ele>122.898</ele>
        <time>2024-08-15T14:47:02.549Z</time>
      </trkpt>
      <trkpt lat="43.272700" lon="-4.106159">
        <ele>124.715</ele>
        <time>2024-08-15T14:47:04.549Z</time>
      </trkpt>
      <trkpt lat="43.272638" lon="-4.106294">
        <ele>126.926</ele>
        <time>2024-08-15T14:47:06.548Z</time>
      </trkpt>
      <trkpt lat="43.272597" lon="-4.106380">
        <ele>127.509</ele>
        <time>2024-08-15T14:47:07.549Z</time>
      </trkpt>
      <trkpt lat="43.272561" lon="-4.106458">
        <ele>128.660</ele>
        <time>2024-08-15T14:47:08.549Z</time>
      </trkpt>
      <trkpt lat="43.272528" lon="-4.106527">
        <ele>128.647</ele>
        <time>2024-08-15T14:47:09.549Z</time>
      </trkpt>
      <trkpt lat="43.272484" lon="-4.106616">
        <ele>128.460</ele>
        <time>2024-08-15T14:47:11.549Z</time>
      </trkpt>
      <trkpt lat="43.272506" lon="-4.106674">
        <ele>128.440</ele>
        <time>2024-08-15T14:47:14.549Z</time>
      </trkpt>
      <trkpt lat="43.272553" lon="-4.106711">
        <ele>128.645</ele>
        <time>2024-08-15T14:47:15.549Z</time>
      </trkpt>
      <trkpt lat="43.272647" lon="-4.106863">
        <ele>128.786</ele>
        <time>2024-08-15T14:47:17.549Z</time>
      </trkpt>
      <trkpt lat="43.272669" lon="-4.107051">
        <ele>128.889</ele>
        <time>2024-08-15T14:47:19.549Z</time>
      </trkpt>
      <trkpt lat="43.272674" lon="-4.107154">
        <ele>129.343</ele>
        <time>2024-08-15T14:47:20.549Z</time>
      </trkpt>
      <trkpt lat="43.272682" lon="-4.107259">
        <ele>130.148</ele>
        <time>2024-08-15T14:47:21.549Z</time>
      </trkpt>
      <trkpt lat="43.272689" lon="-4.107362">
        <ele>130.442</ele>
        <time>2024-08-15T14:47:22.549Z</time>
      </trkpt>
      <trkpt lat="43.272692" lon="-4.107468">
        <ele>130.422</ele>
        <time>2024-08-15T14:47:23.549Z</time>
      </trkpt>
      <trkpt lat="43.272694" lon="-4.107588">
        <ele>130.314</ele>
        <time>2024-08-15T14:47:24.549Z</time>
      </trkpt>
      <trkpt lat="43.272692" lon="-4.107704">
        <ele>129.709</ele>
        <time>2024-08-15T14:47:25.549Z</time>
      </trkpt>
      <trkpt lat="43.272688" lon="-4.107821">
        <ele>128.565</ele>
        <time>2024-08-15T14:47:26.549Z</time>
      </trkpt>
      <trkpt lat="43.272684" lon="-4.107944">
        <ele>127.252</ele>
        <time>2024-08-15T14:47:27.549Z</time>
      </trkpt>
      <trkpt lat="43.272653" lon="-4.108072">
        <ele>126.685</ele>
        <time>2024-08-15T14:47:28.549Z</time>
      </trkpt>
      <trkpt lat="43.272619" lon="-4.108182">
        <ele>126.635</ele>
        <time>2024-08-15T14:47:29.549Z</time>
      </trkpt>
      <trkpt lat="43.272608" lon="-4.108265">
        <ele>126.920</ele>
        <time>2024-08-15T14:47:30.549Z</time>
      </trkpt>
      <trkpt lat="43.272607" lon="-4.108335">
        <ele>127.211</ele>
        <time>2024-08-15T14:47:31.549Z</time>
      </trkpt>
      <trkpt lat="43.272618" lon="-4.108414">
        <ele>127.474</ele>
        <time>2024-08-15T14:47:32.549Z</time>
      </trkpt>
      <trkpt lat="43.272648" lon="-4.108520">
        <ele>127.528</ele>
        <time>2024-08-15T14:47:33.549Z</time>
      </trkpt>
      <trkpt lat="43.272693" lon="-4.108637">
        <ele>127.593</ele>
        <time>2024-08-15T14:47:34.549Z</time>
      </trkpt>
      <trkpt lat="43.272734" lon="-4.108748">
        <ele>126.891</ele>
        <time>2024-08-15T14:47:35.549Z</time>
      </trkpt>
      <trkpt lat="43.272768" lon="-4.108861">
        <ele>126.281</ele>
        <time>2024-08-15T14:47:36.549Z</time>
      </trkpt>
      <trkpt lat="43.272806" lon="-4.108973">
        <ele>126.619</ele>
        <time>2024-08-15T14:47:37.549Z</time>
      </trkpt>
      <trkpt lat="43.272848" lon="-4.109079">
        <ele>127.109</ele>
        <time>2024-08-15T14:47:38.549Z</time>
      </trkpt>
      <trkpt lat="43.272892" lon="-4.109178">
        <ele>127.890</ele>
        <time>2024-08-15T14:47:39.549Z</time>
      </trkpt>
      <trkpt lat="43.272935" lon="-4.109269">
        <ele>128.267</ele>
        <time>2024-08-15T14:47:40.549Z</time>
      </trkpt>
      <trkpt lat="43.272975" lon="-4.109356">
        <ele>128.420</ele>
        <time>2024-08-15T14:47:41.549Z</time>
      </trkpt>
      <trkpt lat="43.273004" lon="-4.109449">
        <ele>128.430</ele>
        <time>2024-08-15T14:47:42.549Z</time>
      </trkpt>
      <trkpt lat="43.273018" lon="-4.109548">
        <ele>128.375</ele>
        <time>2024-08-15T14:47:43.549Z</time>
      </trkpt>
      <trkpt lat="43.273023" lon="-4.109657">
        <ele>128.026</ele>
        <time>2024-08-15T14:47:44.549Z</time>
      </trkpt>
      <trkpt lat="43.273032" lon="-4.109755">
        <ele>127.749</ele>
        <time>2024-08-15T14:47:45.549Z</time>
      </trkpt>
      <trkpt lat="43.273058" lon="-4.109839">
        <ele>127.613</ele>
        <time>2024-08-15T14:47:46.549Z</time>
      </trkpt>
      <trkpt lat="43.273095" lon="-4.109912">
        <ele>127.448</ele>
        <time>2024-08-15T14:47:47.549Z</time>
      </trkpt>
      <trkpt lat="43.273153" lon="-4.109970">
        <ele>127.428</ele>
        <time>2024-08-15T14:47:48.549Z</time>
      </trkpt>
      <trkpt lat="43.273215" lon="-4.110024">
        <ele>127.789</ele>
        <time>2024-08-15T14:47:49.549Z</time>
      </trkpt>
      <trkpt lat="43.273280" lon="-4.110068">
        <ele>127.717</ele>
        <time>2024-08-15T14:47:50.549Z</time>
      </trkpt>
      <trkpt lat="43.273332" lon="-4.110136">
        <ele>127.709</ele>
        <time>2024-08-15T14:47:51.549Z</time>
      </trkpt>
      <trkpt lat="43.273374" lon="-4.110203">
        <ele>126.593</ele>
        <time>2024-08-15T14:47:52.549Z</time>
      </trkpt>
      <trkpt lat="43.273416" lon="-4.110294">
        <ele>125.430</ele>
        <time>2024-08-15T14:47:53.549Z</time>
      </trkpt>
      <trkpt lat="43.273450" lon="-4.110388">
        <ele>124.953</ele>
        <time>2024-08-15T14:47:54.549Z</time>
      </trkpt>
      <trkpt lat="43.273486" lon="-4.110477">
        <ele>124.993</ele>
        <time>2024-08-15T14:47:55.549Z</time>
      </trkpt>
      <trkpt lat="43.273513" lon="-4.110552">
        <ele>125.238</ele>
        <time>2024-08-15T14:47:56.549Z</time>
      </trkpt>
      <trkpt lat="43.273532" lon="-4.110611">
        <ele>125.989</ele>
        <time>2024-08-15T14:47:57.549Z</time>
      </trkpt>
      <trkpt lat="43.273541" lon="-4.110695">
        <ele>126.452</ele>
        <time>2024-08-15T14:47:59.549Z</time>
      </trkpt>
      <trkpt lat="43.273516" lon="-4.110830">
        <ele>126.356</ele>
        <time>2024-08-15T14:48:01.549Z</time>
      </trkpt>
      <trkpt lat="43.273488" lon="-4.110914">
        <ele>126.421</ele>
        <time>2024-08-15T14:48:02.549Z</time>
      </trkpt>
      <trkpt lat="43.273465" lon="-4.111002">
        <ele>126.515</ele>
        <time>2024-08-15T14:48:03.550Z</time>
      </trkpt>
      <trkpt lat="43.273442" lon="-4.111101">
        <ele>126.465</ele>
        <time>2024-08-15T14:48:04.550Z</time>
      </trkpt>
      <trkpt lat="43.273404" lon="-4.111305">
        <ele>126.411</ele>
        <time>2024-08-15T14:48:06.549Z</time>
      </trkpt>
      <trkpt lat="43.273385" lon="-4.111402">
        <ele>126.409</ele>
        <time>2024-08-15T14:48:07.549Z</time>
      </trkpt>
      <trkpt lat="43.273368" lon="-4.111499">
        <ele>126.492</ele>
        <time>2024-08-15T14:48:08.550Z</time>
      </trkpt>
      <trkpt lat="43.273349" lon="-4.111597">
        <ele>126.689</ele>
        <time>2024-08-15T14:48:09.550Z</time>
      </trkpt>
      <trkpt lat="43.273323" lon="-4.111693">
        <ele>126.942</ele>
        <time>2024-08-15T14:48:10.550Z</time>
      </trkpt>
      <trkpt lat="43.273290" lon="-4.111783">
        <ele>127.032</ele>
        <time>2024-08-15T14:48:11.550Z</time>
      </trkpt>
      <trkpt lat="43.273249" lon="-4.111862">
        <ele>127.077</ele>
        <time>2024-08-15T14:48:12.550Z</time>
      </trkpt>
      <trkpt lat="43.273200" lon="-4.111939">
        <ele>126.888</ele>
        <time>2024-08-15T14:48:13.550Z</time>
      </trkpt>
      <trkpt lat="43.273144" lon="-4.112001">
        <ele>126.691</ele>
        <time>2024-08-15T14:48:14.550Z</time>
      </trkpt>
      <trkpt lat="43.273077" lon="-4.112060">
        <ele>126.565</ele>
        <time>2024-08-15T14:48:15.550Z</time>
      </trkpt>
      <trkpt lat="43.273006" lon="-4.112100">
        <ele>126.450</ele>
        <time>2024-08-15T14:48:16.550Z</time>
      </trkpt>
      <trkpt lat="43.272945" lon="-4.112125">
        <ele>126.271</ele>
        <time>2024-08-15T14:48:17.550Z</time>
      </trkpt>
      <trkpt lat="43.272893" lon="-4.112146">
        <ele>125.841</ele>
        <time>2024-08-15T14:48:18.550Z</time>
      </trkpt>
      <trkpt lat="43.272854" lon="-4.112178">
        <ele>125.615</ele>
        <time>2024-08-15T14:48:19.550Z</time>
      </trkpt>
      <trkpt lat="43.272827" lon="-4.112254">
        <ele>125.709</ele>
        <time>2024-08-15T14:48:21.550Z</time>
      </trkpt>
      <trkpt lat="43.272830" lon="-4.112332">
        <ele>125.978</ele>
        <time>2024-08-15T14:48:23.550Z</time>
      </trkpt>
      <trkpt lat="43.272791" lon="-4.112280">
        <ele>127.715</ele>
        <time>2024-08-15T14:48:26.550Z</time>
      </trkpt>
      <trkpt lat="43.272838" lon="-4.112207">
        <ele>128.148</ele>
        <time>2024-08-15T14:48:28.550Z</time>
      </trkpt>
      <trkpt lat="43.272882" lon="-4.112153">
        <ele>128.628</ele>
        <time>2024-08-15T14:48:29.550Z</time>
      </trkpt>
      <trkpt lat="43.272928" lon="-4.112089">
        <ele>129.583</ele>
        <time>2024-08-15T14:48:30.550Z</time>
      </trkpt>
      <trkpt lat="43.272978" lon="-4.112029">
        <ele>130.494</ele>
        <time>2024-08-15T14:48:31.550Z</time>
      </trkpt>
      <trkpt lat="43.273039" lon="-4.111974">
        <ele>130.987</ele>
        <time>2024-08-15T14:48:32.550Z</time>
      </trkpt>
      <trkpt lat="43.273104" lon="-4.111936">
        <ele>130.971</ele>
        <time>2024-08-15T14:48:33.550Z</time>
      </trkpt>
      <trkpt lat="43.273237" lon="-4.111806">
        <ele>131.096</ele>
        <time>2024-08-15T14:48:35.550Z</time>
      </trkpt>
      <trkpt lat="43.273285" lon="-4.111716">
        <ele>131.143</ele>
        <time>2024-08-15T14:48:36.550Z</time>
      </trkpt>
      <trkpt lat="43.273328" lon="-4.111617">
        <ele>129.364</ele>
        <time>2024-08-15T14:48:37.550Z</time>
      </trkpt>
      <trkpt lat="43.273361" lon="-4.111509">
        <ele>128.810</ele>
        <time>2024-08-15T14:48:38.550Z</time>
      </trkpt>
      <trkpt lat="43.273388" lon="-4.111400">
        <ele>128.609</ele>
        <time>2024-08-15T14:48:39.550Z</time>
      </trkpt>
      <trkpt lat="43.273413" lon="-4.111289">
        <ele>128.215</ele>
        <time>2024-08-15T14:48:40.550Z</time>
      </trkpt>
      <trkpt lat="43.273437" lon="-4.111179">
        <ele>127.712</ele>
        <time>2024-08-15T14:48:41.550Z</time>
      </trkpt>
      <trkpt lat="43.273454" lon="-4.111076">
        <ele>127.145</ele>
        <time>2024-08-15T14:48:42.550Z</time>
      </trkpt>
      <trkpt lat="43.273471" lon="-4.110980">
        <ele>126.415</ele>
        <time>2024-08-15T14:48:43.550Z</time>
      </trkpt>
      <trkpt lat="43.273485" lon="-4.110891">
        <ele>125.990</ele>
        <time>2024-08-15T14:48:44.550Z</time>
      </trkpt>
      <trkpt lat="43.273498" lon="-4.110814">
        <ele>125.711</ele>
        <time>2024-08-15T14:48:45.550Z</time>
      </trkpt>
      <trkpt lat="43.273509" lon="-4.110748">
        <ele>125.564</ele>
        <time>2024-08-15T14:48:46.550Z</time>
      </trkpt>
      <trkpt lat="43.273534" lon="-4.110663">
        <ele>125.088</ele>
        <time>2024-08-15T14:48:48.550Z</time>
      </trkpt>
      <trkpt lat="43.273606" lon="-4.110658">
        <ele>123.953</ele>
        <time>2024-08-15T14:48:56.550Z</time>
      </trkpt>
      <trkpt lat="43.273688" lon="-4.110707">
        <ele>123.724</ele>
        <time>2024-08-15T14:48:58.551Z</time>
      </trkpt>
      <trkpt lat="43.273732" lon="-4.110752">
        <ele>123.704</ele>
        <time>2024-08-15T14:48:59.551Z</time>
      </trkpt>
      <trkpt lat="43.273783" lon="-4.110796">
        <ele>123.714</ele>
        <time>2024-08-15T14:49:00.551Z</time>
      </trkpt>
      <trkpt lat="43.273876" lon="-4.110836">
        <ele>123.909</ele>
        <time>2024-08-15T14:49:02.550Z</time>
      </trkpt>
      <trkpt lat="43.273958" lon="-4.110821">
        <ele>124.713</ele>
        <time>2024-08-15T14:49:04.551Z</time>
      </trkpt>
      <trkpt lat="43.274001" lon="-4.110774">
        <ele>125.040</ele>
        <time>2024-08-15T14:49:05.551Z</time>
      </trkpt>
      <trkpt lat="43.274044" lon="-4.110707">
        <ele>125.463</ele>
        <time>2024-08-15T14:49:06.551Z</time>
      </trkpt>
      <trkpt lat="43.274137" lon="-4.110657">
        <ele>127.313</ele>
        <time>2024-08-15T14:49:08.551Z</time>
      </trkpt>
      <trkpt lat="43.274187" lon="-4.110662">
        <ele>128.598</ele>
        <time>2024-08-15T14:49:09.551Z</time>
      </trkpt>
      <trkpt lat="43.274214" lon="-4.110717">
        <ele>129.649</ele>
        <time>2024-08-15T14:49:10.551Z</time>
      </trkpt>
      <trkpt lat="43.274250" lon="-4.110786">
        <ele>129.872</ele>
        <time>2024-08-15T14:49:11.551Z</time>
      </trkpt>
      <trkpt lat="43.274260" lon="-4.110854">
        <ele>130.116</ele>
        <time>2024-08-15T14:49:12.551Z</time>
      </trkpt>
      <trkpt lat="43.274264" lon="-4.110986">
        <ele>133.291</ele>
        <time>2024-08-15T14:49:14.551Z</time>
      </trkpt>
      <trkpt lat="43.274251" lon="-4.111083">
        <ele>135.777</ele>
        <time>2024-08-15T14:49:15.551Z</time>
      </trkpt>
      <trkpt lat="43.274249" lon="-4.111175">
        <ele>138.761</ele>
        <time>2024-08-15T14:49:16.551Z</time>
      </trkpt>
      <trkpt lat="43.274271" lon="-4.111282">
        <ele>141.027</ele>
        <time>2024-08-15T14:49:17.551Z</time>
      </trkpt>
      <trkpt lat="43.274305" lon="-4.111409">
        <ele>143.409</ele>
        <time>2024-08-15T14:49:18.551Z</time>
      </trkpt>
      <trkpt lat="43.274367" lon="-4.111504">
        <ele>144.578</ele>
        <time>2024-08-15T14:49:19.551Z</time>
      </trkpt>
      <trkpt lat="43.274424" lon="-4.111578">
        <ele>145.715</ele>
        <time>2024-08-15T14:49:20.551Z</time>
      </trkpt>
      <trkpt lat="43.274469" lon="-4.111640">
        <ele>145.858</ele>
        <time>2024-08-15T14:49:21.551Z</time>
      </trkpt>
      <trkpt lat="43.274541" lon="-4.111689">
        <ele>145.828</ele>
        <time>2024-08-15T14:49:22.551Z</time>
      </trkpt>
      <trkpt lat="43.274624" lon="-4.111748">
        <ele>145.263</ele>
        <time>2024-08-15T14:49:23.551Z</time>
      </trkpt>
      <trkpt lat="43.274710" lon="-4.111792">
        <ele>144.934</ele>
        <time>2024-08-15T14:49:24.551Z</time>
      </trkpt>
      <trkpt lat="43.274782" lon="-4.111855">
        <ele>144.997</ele>
        <time>2024-08-15T14:49:25.551Z</time>
      </trkpt>
      <trkpt lat="43.274850" lon="-4.111923">
        <ele>145.621</ele>
        <time>2024-08-15T14:49:26.551Z</time>
      </trkpt>
      <trkpt lat="43.274912" lon="-4.111996">
        <ele>145.916</ele>
        <time>2024-08-15T14:49:27.551Z</time>
      </trkpt>
      <trkpt lat="43.274970" lon="-4.112066">
        <ele>146.066</ele>
        <time>2024-08-15T14:49:28.551Z</time>
      </trkpt>
      <trkpt lat="43.275022" lon="-4.112136">
        <ele>146.329</ele>
        <time>2024-08-15T14:49:29.551Z</time>
      </trkpt>
      <trkpt lat="43.275079" lon="-4.112222">
        <ele>146.521</ele>
        <time>2024-08-15T14:49:30.551Z</time>
      </trkpt>
      <trkpt lat="43.275126" lon="-4.112314">
        <ele>147.209</ele>
        <time>2024-08-15T14:49:31.551Z</time>
      </trkpt>
      <trkpt lat="43.275171" lon="-4.112417">
        <ele>148.217</ele>
        <time>2024-08-15T14:49:32.551Z</time>
      </trkpt>
      <trkpt lat="43.275212" lon="-4.112532">
        <ele>149.494</ele>
        <time>2024-08-15T14:49:33.551Z</time>
      </trkpt>
      <trkpt lat="43.275239" lon="-4.112653">
        <ele>150.667</ele>
        <time>2024-08-15T14:49:34.551Z</time>
      </trkpt>
      <trkpt lat="43.275254" lon="-4.112779">
        <ele>151.577</ele>
        <time>2024-08-15T14:49:35.551Z</time>
      </trkpt>
      <trkpt lat="43.275239" lon="-4.112897">
        <ele>151.822</ele>
        <time>2024-08-15T14:49:36.551Z</time>
      </trkpt>
      <trkpt lat="43.275211" lon="-4.113030">
        <ele>152.793</ele>
        <time>2024-08-15T14:49:37.551Z</time>
      </trkpt>
      <trkpt lat="43.275182" lon="-4.113152">
        <ele>153.736</ele>
        <time>2024-08-15T14:49:38.551Z</time>
      </trkpt>
      <trkpt lat="43.275157" lon="-4.113283">
        <ele>156.850</ele>
        <time>2024-08-15T14:49:39.551Z</time>
      </trkpt>
      <trkpt lat="43.275140" lon="-4.113405">
        <ele>157.885</ele>
        <time>2024-08-15T14:49:40.551Z</time>
      </trkpt>
      <trkpt lat="43.275132" lon="-4.113517">
        <ele>159.038</ele>
        <time>2024-08-15T14:49:41.551Z</time>
      </trkpt>
      <trkpt lat="43.275127" lon="-4.113611">
        <ele>160.470</ele>
        <time>2024-08-15T14:49:42.551Z</time>
      </trkpt>
      <trkpt lat="43.275139" lon="-4.113733">
        <ele>161.117</ele>
        <time>2024-08-15T14:49:43.551Z</time>
      </trkpt>
      <trkpt lat="43.275172" lon="-4.113880">
        <ele>162.809</ele>
        <time>2024-08-15T14:49:44.551Z</time>
      </trkpt>
      <trkpt lat="43.275203" lon="-4.114002">
        <ele>163.914</ele>
        <time>2024-08-15T14:49:45.552Z</time>
      </trkpt>
      <trkpt lat="43.275226" lon="-4.114108">
        <ele>163.951</ele>
        <time>2024-08-15T14:49:46.552Z</time>
      </trkpt>
      <trkpt lat="43.275232" lon="-4.114326">
        <ele>166.134</ele>
        <time>2024-08-15T14:49:48.551Z</time>
      </trkpt>
      <trkpt lat="43.275231" lon="-4.114444">
        <ele>168.344</ele>
        <time>2024-08-15T14:49:49.551Z</time>
      </trkpt>
      <trkpt lat="43.275226" lon="-4.114574">
        <ele>169.899</ele>
        <time>2024-08-15T14:49:50.551Z</time>
      </trkpt>
      <trkpt lat="43.275218" lon="-4.114719">
        <ele>171.690</ele>
        <time>2024-08-15T14:49:51.552Z</time>
      </trkpt>
      <trkpt lat="43.275208" lon="-4.114868">
        <ele>174.523</ele>
        <time>2024-08-15T14:49:52.552Z</time>
      </trkpt>
      <trkpt lat="43.275201" lon="-4.115015">
        <ele>175.497</ele>
        <time>2024-08-15T14:49:53.552Z</time>
      </trkpt>
      <trkpt lat="43.275191" lon="-4.115163">
        <ele>176.482</ele>
        <time>2024-08-15T14:49:54.552Z</time>
      </trkpt>
      <trkpt lat="43.275170" lon="-4.115467">
        <ele>178.486</ele>
        <time>2024-08-15T14:49:56.552Z</time>
      </trkpt>
      <trkpt lat="43.275159" lon="-4.115620">
        <ele>179.360</ele>
        <time>2024-08-15T14:49:57.552Z</time>
      </trkpt>
      <trkpt lat="43.275148" lon="-4.115920">
        <ele>181.626</ele>
        <time>2024-08-15T14:49:59.552Z</time>
      </trkpt>
      <trkpt lat="43.275149" lon="-4.116043">
        <ele>183.109</ele>
        <time>2024-08-15T14:50:00.552Z</time>
      </trkpt>
      <trkpt lat="43.275158" lon="-4.116163">
        <ele>183.729</ele>
        <time>2024-08-15T14:50:01.552Z</time>
      </trkpt>
      <trkpt lat="43.275171" lon="-4.116281">
        <ele>183.776</ele>
        <time>2024-08-15T14:50:02.552Z</time>
      </trkpt>
      <trkpt lat="43.275180" lon="-4.116419">
        <ele>183.899</ele>
        <time>2024-08-15T14:50:03.552Z</time>
      </trkpt>
      <trkpt lat="43.275185" lon="-4.116551">
        <ele>183.999</ele>
        <time>2024-08-15T14:50:04.552Z</time>
      </trkpt>
      <trkpt lat="43.275184" lon="-4.116677">
        <ele>183.254</ele>
        <time>2024-08-15T14:50:05.552Z</time>
      </trkpt>
      <trkpt lat="43.275170" lon="-4.116789">
        <ele>182.385</ele>
        <time>2024-08-15T14:50:06.552Z</time>
      </trkpt>
      <trkpt lat="43.275144" lon="-4.116901">
        <ele>182.398</ele>
        <time>2024-08-15T14:50:07.552Z</time>
      </trkpt>
      <trkpt lat="43.275112" lon="-4.117021">
        <ele>182.412</ele>
        <time>2024-08-15T14:50:08.552Z</time>
      </trkpt>
      <trkpt lat="43.275085" lon="-4.117156">
        <ele>182.337</ele>
        <time>2024-08-15T14:50:09.552Z</time>
      </trkpt>
      <trkpt lat="43.275067" lon="-4.117304">
        <ele>180.981</ele>
        <time>2024-08-15T14:50:10.552Z</time>
      </trkpt>
      <trkpt lat="43.275057" lon="-4.117454">
        <ele>178.661</ele>
        <time>2024-08-15T14:50:11.552Z</time>
      </trkpt>
      <trkpt lat="43.275048" lon="-4.117595">
        <ele>176.517</ele>
        <time>2024-08-15T14:50:12.552Z</time>
      </trkpt>
      <trkpt lat="43.275030" lon="-4.117744">
        <ele>175.409</ele>
        <time>2024-08-15T14:50:13.552Z</time>
      </trkpt>
      <trkpt lat="43.275005" lon="-4.117886">
        <ele>174.719</ele>
        <time>2024-08-15T14:50:14.552Z</time>
      </trkpt>
      <trkpt lat="43.274975" lon="-4.118024">
        <ele>174.326</ele>
        <time>2024-08-15T14:50:15.552Z</time>
      </trkpt>
      <trkpt lat="43.274937" lon="-4.118166">
        <ele>174.129</ele>
        <time>2024-08-15T14:50:16.552Z</time>
      </trkpt>
      <trkpt lat="43.274900" lon="-4.118302">
        <ele>174.189</ele>
        <time>2024-08-15T14:50:17.552Z</time>
      </trkpt>
      <trkpt lat="43.274860" lon="-4.118432">
        <ele>175.124</ele>
        <time>2024-08-15T14:50:18.552Z</time>
      </trkpt>
      <trkpt lat="43.274823" lon="-4.118568">
        <ele>176.055</ele>
        <time>2024-08-15T14:50:19.552Z</time>
      </trkpt>
      <trkpt lat="43.274781" lon="-4.118701">
        <ele>176.028</ele>
        <time>2024-08-15T14:50:20.552Z</time>
      </trkpt>
      <trkpt lat="43.274739" lon="-4.118817">
        <ele>176.022</ele>
        <time>2024-08-15T14:50:21.552Z</time>
      </trkpt>
      <trkpt lat="43.274709" lon="-4.118925">
        <ele>175.177</ele>
        <time>2024-08-15T14:50:22.552Z</time>
      </trkpt>
      <trkpt lat="43.274699" lon="-4.119023">
        <ele>175.181</ele>
        <time>2024-08-15T14:50:23.552Z</time>
      </trkpt>
      <trkpt lat="43.274705" lon="-4.119115">
        <ele>175.461</ele>
        <time>2024-08-15T14:50:24.552Z</time>
      </trkpt>
      <trkpt lat="43.274730" lon="-4.119230">
        <ele>175.917</ele>
        <time>2024-08-15T14:50:25.552Z</time>
      </trkpt>
      <trkpt lat="43.274767" lon="-4.119370">
        <ele>176.809</ele>
        <time>2024-08-15T14:50:26.552Z</time>
      </trkpt>
      <trkpt lat="43.274795" lon="-4.119520">
        <ele>178.049</ele>
        <time>2024-08-15T14:50:27.552Z</time>
      </trkpt>
      <trkpt lat="43.274812" lon="-4.119665">
        <ele>179.376</ele>
        <time>2024-08-15T14:50:28.552Z</time>
      </trkpt>
      <trkpt lat="43.274830" lon="-4.119793">
        <ele>180.759</ele>
        <time>2024-08-15T14:50:29.552Z</time>
      </trkpt>
      <trkpt lat="43.274867" lon="-4.119923">
        <ele>180.779</ele>
        <time>2024-08-15T14:50:30.552Z</time>
      </trkpt>
      <trkpt lat="43.274897" lon="-4.120055">
        <ele>180.714</ele>
        <time>2024-08-15T14:50:31.552Z</time>
      </trkpt>
      <trkpt lat="43.274916" lon="-4.120174">
        <ele>181.035</ele>
        <time>2024-08-15T14:50:32.552Z</time>
      </trkpt>
      <trkpt lat="43.274927" lon="-4.120283">
        <ele>181.448</ele>
        <time>2024-08-15T14:50:33.552Z</time>
      </trkpt>
      <trkpt lat="43.274936" lon="-4.120404">
        <ele>182.232</ele>
        <time>2024-08-15T14:50:34.552Z</time>
      </trkpt>
      <trkpt lat="43.274939" lon="-4.120510">
        <ele>183.617</ele>
        <time>2024-08-15T14:50:35.552Z</time>
      </trkpt>
      <trkpt lat="43.274935" lon="-4.120620">
        <ele>184.728</ele>
        <time>2024-08-15T14:50:36.552Z</time>
      </trkpt>
      <trkpt lat="43.274919" lon="-4.120741">
        <ele>185.789</ele>
        <time>2024-08-15T14:50:37.553Z</time>
      </trkpt>
      <trkpt lat="43.274878" lon="-4.120844">
        <ele>186.417</ele>
        <time>2024-08-15T14:50:38.553Z</time>
      </trkpt>
      <trkpt lat="43.274810" lon="-4.121063">
        <ele>187.209</ele>
        <time>2024-08-15T14:50:40.553Z</time>
      </trkpt>
      <trkpt lat="43.274790" lon="-4.121309">
        <ele>188.423</ele>
        <time>2024-08-15T14:50:42.552Z</time>
      </trkpt>
      <trkpt lat="43.274808" lon="-4.121448">
        <ele>189.580</ele>
        <time>2024-08-15T14:50:43.552Z</time>
      </trkpt>
      <trkpt lat="43.274829" lon="-4.121586">
        <ele>191.913</ele>
        <time>2024-08-15T14:50:44.552Z</time>
      </trkpt>
      <trkpt lat="43.274844" lon="-4.121714">
        <ele>193.433</ele>
        <time>2024-08-15T14:50:45.553Z</time>
      </trkpt>
      <trkpt lat="43.274861" lon="-4.121858">
        <ele>194.848</ele>
        <time>2024-08-15T14:50:46.553Z</time>
      </trkpt>
      <trkpt lat="43.274877" lon="-4.121990">
        <ele>194.949</ele>
        <time>2024-08-15T14:50:47.553Z</time>
      </trkpt>
      <trkpt lat="43.274893" lon="-4.122109">
        <ele>195.112</ele>
        <time>2024-08-15T14:50:48.553Z</time>
      </trkpt>
      <trkpt lat="43.274932" lon="-4.122327">
        <ele>195.626</ele>
        <time>2024-08-15T14:50:50.553Z</time>
      </trkpt>
      <trkpt lat="43.274941" lon="-4.122544">
        <ele>196.071</ele>
        <time>2024-08-15T14:50:52.552Z</time>
      </trkpt>
      <trkpt lat="43.274917" lon="-4.122655">
        <ele>196.018</ele>
        <time>2024-08-15T14:50:53.552Z</time>
      </trkpt>
      <trkpt lat="43.274869" lon="-4.122760">
        <ele>196.398</ele>
        <time>2024-08-15T14:50:54.552Z</time>
      </trkpt>
      <trkpt lat="43.274796" lon="-4.122857">
        <ele>197.017</ele>
        <time>2024-08-15T14:50:55.552Z</time>
      </trkpt>
      <trkpt lat="43.274733" lon="-4.122933">
        <ele>197.409</ele>
        <time>2024-08-15T14:50:56.553Z</time>
      </trkpt>
      <trkpt lat="43.274682" lon="-4.122996">
        <ele>197.162</ele>
        <time>2024-08-15T14:50:57.553Z</time>
      </trkpt>
      <trkpt lat="43.274632" lon="-4.123072">
        <ele>197.039</ele>
        <time>2024-08-15T14:50:58.553Z</time>
      </trkpt>
      <trkpt lat="43.274578" lon="-4.123165">
        <ele>196.752</ele>
        <time>2024-08-15T14:50:59.553Z</time>
      </trkpt>
      <trkpt lat="43.274521" lon="-4.123261">
        <ele>196.082</ele>
        <time>2024-08-15T14:51:00.553Z</time>
      </trkpt>
      <trkpt lat="43.274464" lon="-4.123354">
        <ele>195.187</ele>
        <time>2024-08-15T14:51:01.553Z</time>
      </trkpt>
      <trkpt lat="43.274406" lon="-4.123438">
        <ele>194.718</ele>
        <time>2024-08-15T14:51:02.553Z</time>
      </trkpt>
      <trkpt lat="43.274350" lon="-4.123523">
        <ele>194.761</ele>
        <time>2024-08-15T14:51:03.553Z</time>
      </trkpt>
      <trkpt lat="43.274300" lon="-4.123605">
        <ele>194.765</ele>
        <time>2024-08-15T14:51:04.553Z</time>
      </trkpt>
      <trkpt lat="43.274253" lon="-4.123694">
        <ele>194.780</ele>
        <time>2024-08-15T14:51:05.553Z</time>
      </trkpt>
      <trkpt lat="43.274208" lon="-4.123789">
        <ele>194.938</ele>
        <time>2024-08-15T14:51:06.553Z</time>
      </trkpt>
      <trkpt lat="43.274161" lon="-4.123889">
        <ele>195.270</ele>
        <time>2024-08-15T14:51:07.553Z</time>
      </trkpt>
      <trkpt lat="43.274117" lon="-4.123984">
        <ele>195.517</ele>
        <time>2024-08-15T14:51:08.553Z</time>
      </trkpt>
      <trkpt lat="43.274075" lon="-4.124084">
        <ele>195.809</ele>
        <time>2024-08-15T14:51:09.553Z</time>
      </trkpt>
      <trkpt lat="43.274029" lon="-4.124170">
        <ele>196.394</ele>
        <time>2024-08-15T14:51:10.553Z</time>
      </trkpt>
      <trkpt lat="43.273994" lon="-4.124240">
        <ele>197.351</ele>
        <time>2024-08-15T14:51:11.553Z</time>
      </trkpt>
      <trkpt lat="43.273984" lon="-4.124312">
        <ele>198.244</ele>
        <time>2024-08-15T14:51:12.553Z</time>
      </trkpt>
      <trkpt lat="43.274016" lon="-4.124440">
        <ele>198.914</ele>
        <time>2024-08-15T14:51:14.553Z</time>
      </trkpt>
      <trkpt lat="43.274053" lon="-4.124528">
        <ele>198.999</ele>
        <time>2024-08-15T14:51:15.553Z</time>
      </trkpt>
      <trkpt lat="43.274087" lon="-4.124627">
        <ele>200.630</ele>
        <time>2024-08-15T14:51:16.553Z</time>
      </trkpt>
      <trkpt lat="43.274103" lon="-4.124732">
        <ele>201.153</ele>
        <time>2024-08-15T14:51:17.553Z</time>
      </trkpt>
      <trkpt lat="43.274125" lon="-4.124863">
        <ele>203.097</ele>
        <time>2024-08-15T14:51:18.553Z</time>
      </trkpt>
      <trkpt lat="43.274170" lon="-4.124998">
        <ele>204.142</ele>
        <time>2024-08-15T14:51:19.553Z</time>
      </trkpt>
      <trkpt lat="43.274228" lon="-4.125109">
        <ele>204.495</ele>
        <time>2024-08-15T14:51:20.553Z</time>
      </trkpt>
      <trkpt lat="43.274291" lon="-4.125219">
        <ele>204.749</ele>
        <time>2024-08-15T14:51:21.553Z</time>
      </trkpt>
      <trkpt lat="43.274331" lon="-4.125330">
        <ele>204.823</ele>
        <time>2024-08-15T14:51:22.553Z</time>
      </trkpt>
      <trkpt lat="43.274349" lon="-4.125447">
        <ele>205.009</ele>
        <time>2024-08-15T14:51:23.553Z</time>
      </trkpt>
      <trkpt lat="43.274357" lon="-4.125580">
        <ele>205.750</ele>
        <time>2024-08-15T14:51:24.553Z</time>
      </trkpt>
      <trkpt lat="43.274363" lon="-4.125701">
        <ele>206.347</ele>
        <time>2024-08-15T14:51:25.553Z</time>
      </trkpt>
      <trkpt lat="43.274389" lon="-4.125794">
        <ele>206.610</ele>
        <time>2024-08-15T14:51:26.553Z</time>
      </trkpt>
      <trkpt lat="43.274437" lon="-4.125871">
        <ele>206.980</ele>
        <time>2024-08-15T14:51:27.553Z</time>
      </trkpt>
      <trkpt lat="43.274495" lon="-4.125950">
        <ele>207.485</ele>
        <time>2024-08-15T14:51:28.553Z</time>
      </trkpt>
      <trkpt lat="43.274523" lon="-4.126023">
        <ele>207.726</ele>
        <time>2024-08-15T14:51:29.553Z</time>
      </trkpt>
      <trkpt lat="43.274544" lon="-4.126148">
        <ele>208.549</ele>
        <time>2024-08-15T14:51:30.553Z</time>
      </trkpt>
      <trkpt lat="43.274534" lon="-4.126271">
        <ele>210.453</ele>
        <time>2024-08-15T14:51:31.553Z</time>
      </trkpt>
      <trkpt lat="43.274525" lon="-4.126410">
        <ele>212.478</ele>
        <time>2024-08-15T14:51:32.553Z</time>
      </trkpt>
      <trkpt lat="43.274516" lon="-4.126561">
        <ele>214.783</ele>
        <time>2024-08-15T14:51:33.554Z</time>
      </trkpt>
      <trkpt lat="43.274493" lon="-4.126700">
        <ele>215.925</ele>
        <time>2024-08-15T14:51:34.554Z</time>
      </trkpt>
      <trkpt lat="43.274448" lon="-4.126833">
        <ele>216.517</ele>
        <time>2024-08-15T14:51:35.554Z</time>
      </trkpt>
      <trkpt lat="43.274319" lon="-4.127034">
        <ele>216.709</ele>
        <time>2024-08-15T14:51:37.553Z</time>
      </trkpt>
      <trkpt lat="43.274246" lon="-4.127117">
        <ele>218.199</ele>
        <time>2024-08-15T14:51:38.553Z</time>
      </trkpt>
      <trkpt lat="43.274186" lon="-4.127181">
        <ele>218.176</ele>
        <time>2024-08-15T14:51:39.553Z</time>
      </trkpt>
      <trkpt lat="43.274170" lon="-4.127253">
        <ele>217.879</ele>
        <time>2024-08-15T14:51:40.554Z</time>
      </trkpt>
      <trkpt lat="43.274189" lon="-4.127329">
        <ele>217.739</ele>
        <time>2024-08-15T14:51:41.554Z</time>
      </trkpt>
      <trkpt lat="43.274323" lon="-4.127489">
        <ele>217.914</ele>
        <time>2024-08-15T14:51:43.554Z</time>
      </trkpt>
      <trkpt lat="43.274424" lon="-4.127577">
        <ele>221.025</ele>
        <time>2024-08-15T14:51:44.554Z</time>
      </trkpt>
      <trkpt lat="43.274475" lon="-4.127644">
        <ele>223.558</ele>
        <time>2024-08-15T14:51:45.554Z</time>
      </trkpt>
      <trkpt lat="43.274498" lon="-4.127730">
        <ele>225.612</ele>
        <time>2024-08-15T14:51:46.554Z</time>
      </trkpt>
      <trkpt lat="43.274501" lon="-4.127857">
        <ele>226.787</ele>
        <time>2024-08-15T14:51:47.554Z</time>
      </trkpt>
      <trkpt lat="43.274505" lon="-4.128006">
        <ele>228.469</ele>
        <time>2024-08-15T14:51:48.554Z</time>
      </trkpt>
      <trkpt lat="43.274470" lon="-4.128214">
        <ele>230.904</ele>
        <time>2024-08-15T14:51:50.554Z</time>
      </trkpt>
      <trkpt lat="43.274420" lon="-4.128302">
        <ele>231.224</ele>
        <time>2024-08-15T14:51:51.554Z</time>
      </trkpt>
      <trkpt lat="43.274339" lon="-4.128359">
        <ele>232.109</ele>
        <time>2024-08-15T14:51:52.554Z</time>
      </trkpt>
      <trkpt lat="43.274243" lon="-4.128431">
        <ele>233.517</ele>
        <time>2024-08-15T14:51:53.554Z</time>
      </trkpt>
      <trkpt lat="43.274149" lon="-4.128502">
        <ele>235.164</ele>
        <time>2024-08-15T14:51:54.554Z</time>
      </trkpt>
      <trkpt lat="43.274080" lon="-4.128570">
        <ele>235.277</ele>
        <time>2024-08-15T14:51:55.554Z</time>
      </trkpt>
      <trkpt lat="43.274014" lon="-4.128644">
        <ele>235.327</ele>
        <time>2024-08-15T14:51:56.554Z</time>
      </trkpt>
      <trkpt lat="43.273970" lon="-4.128735">
        <ele>235.522</ele>
        <time>2024-08-15T14:51:57.554Z</time>
      </trkpt>
      <trkpt lat="43.273946" lon="-4.128839">
        <ele>235.933</ele>
        <time>2024-08-15T14:51:58.554Z</time>
      </trkpt>
      <trkpt lat="43.273940" lon="-4.128962">
        <ele>237.026</ele>
        <time>2024-08-15T14:51:59.554Z</time>
      </trkpt>
      <trkpt lat="43.273950" lon="-4.129092">
        <ele>238.160</ele>
        <time>2024-08-15T14:52:00.554Z</time>
      </trkpt>
      <trkpt lat="43.273977" lon="-4.129249">
        <ele>238.745</ele>
        <time>2024-08-15T14:52:01.554Z</time>
      </trkpt>
      <trkpt lat="43.274003" lon="-4.129393">
        <ele>239.917</ele>
        <time>2024-08-15T14:52:02.554Z</time>
      </trkpt>
      <trkpt lat="43.274021" lon="-4.129533">
        <ele>240.987</ele>
        <time>2024-08-15T14:52:03.554Z</time>
      </trkpt>
      <trkpt lat="43.274040" lon="-4.129683">
        <ele>241.615</ele>
        <time>2024-08-15T14:52:04.554Z</time>
      </trkpt>
      <trkpt lat="43.274066" lon="-4.129821">
        <ele>242.609</ele>
        <time>2024-08-15T14:52:05.554Z</time>
      </trkpt>
      <trkpt lat="43.274112" lon="-4.129941">
        <ele>243.682</ele>
        <time>2024-08-15T14:52:06.554Z</time>
      </trkpt>
      <trkpt lat="43.274167" lon="-4.130044">
        <ele>244.389</ele>
        <time>2024-08-15T14:52:07.554Z</time>
      </trkpt>
      <trkpt lat="43.274210" lon="-4.130153">
        <ele>244.982</ele>
        <time>2024-08-15T14:52:08.554Z</time>
      </trkpt>
      <trkpt lat="43.274219" lon="-4.130267">
        <ele>245.862</ele>
        <time>2024-08-15T14:52:09.554Z</time>
      </trkpt>
      <trkpt lat="43.274190" lon="-4.130388">
        <ele>246.387</ele>
        <time>2024-08-15T14:52:10.554Z</time>
      </trkpt>
      <trkpt lat="43.274159" lon="-4.130504">
        <ele>248.378</ele>
        <time>2024-08-15T14:52:11.554Z</time>
      </trkpt>
      <trkpt lat="43.274139" lon="-4.130603">
        <ele>250.131</ele>
        <time>2024-08-15T14:52:12.554Z</time>
      </trkpt>
      <trkpt lat="43.274149" lon="-4.130688">
        <ele>251.125</ele>
        <time>2024-08-15T14:52:13.554Z</time>
      </trkpt>
      <trkpt lat="43.274192" lon="-4.130777">
        <ele>252.390</ele>
        <time>2024-08-15T14:52:14.554Z</time>
      </trkpt>
      <trkpt lat="43.274263" lon="-4.130861">
        <ele>253.149</ele>
        <time>2024-08-15T14:52:15.554Z</time>
      </trkpt>
      <trkpt lat="43.274328" lon="-4.130946">
        <ele>253.502</ele>
        <time>2024-08-15T14:52:16.554Z</time>
      </trkpt>
      <trkpt lat="43.274384" lon="-4.131020">
        <ele>254.722</ele>
        <time>2024-08-15T14:52:17.554Z</time>
      </trkpt>
      <trkpt lat="43.274433" lon="-4.131056">
        <ele>257.009</ele>
        <time>2024-08-15T14:52:18.554Z</time>
      </trkpt>
      <trkpt lat="43.274510" lon="-4.131040">
        <ele>260.125</ele>
        <time>2024-08-15T14:52:20.554Z</time>
      </trkpt>
      <trkpt lat="43.274515" lon="-4.130968">
        <ele>260.562</ele>
        <time>2024-08-15T14:52:21.554Z</time>
      </trkpt>
      <trkpt lat="43.274508" lon="-4.130864">
        <ele>260.635</ele>
        <time>2024-08-15T14:52:22.554Z</time>
      </trkpt>
      <trkpt lat="43.274491" lon="-4.130740">
        <ele>260.775</ele>
        <time>2024-08-15T14:52:23.554Z</time>
      </trkpt>
      <trkpt lat="43.274479" lon="-4.130598">
        <ele>261.550</ele>
        <time>2024-08-15T14:52:24.554Z</time>
      </trkpt>
      <trkpt lat="43.274510" lon="-4.130475">
        <ele>263.121</ele>
        <time>2024-08-15T14:52:25.554Z</time>
      </trkpt>
      <trkpt lat="43.274555" lon="-4.130355">
        <ele>264.714</ele>
        <time>2024-08-15T14:52:26.554Z</time>
      </trkpt>
      <trkpt lat="43.274608" lon="-4.130229">
        <ele>264.738</ele>
        <time>2024-08-15T14:52:27.554Z</time>
      </trkpt>
      <trkpt lat="43.274658" lon="-4.130099">
        <ele>265.173</ele>
        <time>2024-08-15T14:52:28.555Z</time>
      </trkpt>
      <trkpt lat="43.274703" lon="-4.129959">
        <ele>265.849</ele>
        <time>2024-08-15T14:52:29.555Z</time>
      </trkpt>
      <trkpt lat="43.274794" lon="-4.129685">
        <ele>268.202</ele>
        <time>2024-08-15T14:52:31.554Z</time>
      </trkpt>
      <trkpt lat="43.274846" lon="-4.129577">
        <ele>268.822</ele>
        <time>2024-08-15T14:52:32.555Z</time>
      </trkpt>
      <trkpt lat="43.274977" lon="-4.129401">
        <ele>268.809</ele>
        <time>2024-08-15T14:52:34.554Z</time>
      </trkpt>
      <trkpt lat="43.275040" lon="-4.129327">
        <ele>268.845</ele>
        <time>2024-08-15T14:52:35.554Z</time>
      </trkpt>
      <trkpt lat="43.275109" lon="-4.129268">
        <ele>269.132</ele>
        <time>2024-08-15T14:52:36.555Z</time>
      </trkpt>
      <trkpt lat="43.275269" lon="-4.129263">
        <ele>269.915</ele>
        <time>2024-08-15T14:52:38.555Z</time>
      </trkpt>
      <trkpt lat="43.275439" lon="-4.129330">
        <ele>270.735</ele>
        <time>2024-08-15T14:52:40.554Z</time>
      </trkpt>
      <trkpt lat="43.275505" lon="-4.129356">
        <ele>271.580</ele>
        <time>2024-08-15T14:52:41.554Z</time>
      </trkpt>
      <trkpt lat="43.275570" lon="-4.129369">
        <ele>272.591</ele>
        <time>2024-08-15T14:52:42.555Z</time>
      </trkpt>
      <trkpt lat="43.275701" lon="-4.129363">
        <ele>274.354</ele>
        <time>2024-08-15T14:52:44.554Z</time>
      </trkpt>
      <trkpt lat="43.275767" lon="-4.129356">
        <ele>274.638</ele>
        <time>2024-08-15T14:52:45.554Z</time>
      </trkpt>
      <trkpt lat="43.275834" lon="-4.129358">
        <ele>275.613</ele>
        <time>2024-08-15T14:52:46.555Z</time>
      </trkpt>
      <trkpt lat="43.275896" lon="-4.129364">
        <ele>276.549</ele>
        <time>2024-08-15T14:52:47.555Z</time>
      </trkpt>
      <trkpt lat="43.275948" lon="-4.129364">
        <ele>277.102</ele>
        <time>2024-08-15T14:52:48.555Z</time>
      </trkpt>
      <trkpt lat="43.276014" lon="-4.129292">
        <ele>278.022</ele>
        <time>2024-08-15T14:52:50.555Z</time>
      </trkpt>
      <trkpt lat="43.276029" lon="-4.129222">
        <ele>278.409</ele>
        <time>2024-08-15T14:52:51.555Z</time>
      </trkpt>
      <trkpt lat="43.276018" lon="-4.129137">
        <ele>279.595</ele>
        <time>2024-08-15T14:52:52.555Z</time>
      </trkpt>
      <trkpt lat="43.275990" lon="-4.129059">
        <ele>281.092</ele>
        <time>2024-08-15T14:52:53.555Z</time>
      </trkpt>
      <trkpt lat="43.275951" lon="-4.128938">
        <ele>282.535</ele>
        <time>2024-08-15T14:52:54.555Z</time>
      </trkpt>
      <trkpt lat="43.275945" lon="-4.128804">
        <ele>283.475</ele>
        <time>2024-08-15T14:52:55.555Z</time>
      </trkpt>
      <trkpt lat="43.275956" lon="-4.128659">
        <ele>283.260</ele>
        <time>2024-08-15T14:52:56.555Z</time>
      </trkpt>
      <trkpt lat="43.275973" lon="-4.128511">
        <ele>282.631</ele>
        <time>2024-08-15T14:52:57.555Z</time>
      </trkpt>
      <trkpt lat="43.275972" lon="-4.128365">
        <ele>282.374</ele>
        <time>2024-08-15T14:52:58.555Z</time>
      </trkpt>
      <trkpt lat="43.275946" lon="-4.128228">
        <ele>282.328</ele>
        <time>2024-08-15T14:52:59.555Z</time>
      </trkpt>
      <trkpt lat="43.275907" lon="-4.128098">
        <ele>283.113</ele>
        <time>2024-08-15T14:53:00.555Z</time>
      </trkpt>
      <trkpt lat="43.275879" lon="-4.127973">
        <ele>283.895</ele>
        <time>2024-08-15T14:53:01.555Z</time>
      </trkpt>
      <trkpt lat="43.275874" lon="-4.127849">
        <ele>284.449</ele>
        <time>2024-08-15T14:53:02.555Z</time>
      </trkpt>
      <trkpt lat="43.275892" lon="-4.127724">
        <ele>284.523</ele>
        <time>2024-08-15T14:53:03.555Z</time>
      </trkpt>
      <trkpt lat="43.275931" lon="-4.127600">
        <ele>285.209</ele>
        <time>2024-08-15T14:53:04.555Z</time>
      </trkpt>
      <trkpt lat="43.275974" lon="-4.127490">
        <ele>285.610</ele>
        <time>2024-08-15T14:53:05.555Z</time>
      </trkpt>
      <trkpt lat="43.276019" lon="-4.127385">
        <ele>287.457</ele>
        <time>2024-08-15T14:53:06.555Z</time>
      </trkpt>
      <trkpt lat="43.276084" lon="-4.127302">
        <ele>288.890</ele>
        <time>2024-08-15T14:53:07.555Z</time>
      </trkpt>
      <trkpt lat="43.276174" lon="-4.127240">
        <ele>289.250</ele>
        <time>2024-08-15T14:53:08.555Z</time>
      </trkpt>
      <trkpt lat="43.276283" lon="-4.127204">
        <ele>291.235</ele>
        <time>2024-08-15T14:53:09.555Z</time>
      </trkpt>
      <trkpt lat="43.276390" lon="-4.127206">
        <ele>292.616</ele>
        <time>2024-08-15T14:53:10.555Z</time>
      </trkpt>
      <trkpt lat="43.276496" lon="-4.127216">
        <ele>293.679</ele>
        <time>2024-08-15T14:53:11.556Z</time>
      </trkpt>
      <trkpt lat="43.276680" lon="-4.127218">
        <ele>294.323</ele>
        <time>2024-08-15T14:53:13.555Z</time>
      </trkpt>
      <trkpt lat="43.276754" lon="-4.127179">
        <ele>294.778</ele>
        <time>2024-08-15T14:53:14.555Z</time>
      </trkpt>
      <trkpt lat="43.276826" lon="-4.127106">
        <ele>294.912</ele>
        <time>2024-08-15T14:53:15.555Z</time>
      </trkpt>
      <trkpt lat="43.276897" lon="-4.127009">
        <ele>295.432</ele>
        <time>2024-08-15T14:53:16.555Z</time>
      </trkpt>
      <trkpt lat="43.276964" lon="-4.126917">
        <ele>296.405</ele>
        <time>2024-08-15T14:53:17.555Z</time>
      </trkpt>
      <trkpt lat="43.277034" lon="-4.126797">
        <ele>298.709</ele>
        <time>2024-08-15T14:53:18.555Z</time>
      </trkpt>
      <trkpt lat="43.277085" lon="-4.126666">
        <ele>298.752</ele>
        <time>2024-08-15T14:53:19.555Z</time>
      </trkpt>
      <trkpt lat="43.277138" lon="-4.126545">
        <ele>299.259</ele>
        <time>2024-08-15T14:53:20.555Z</time>
      </trkpt>
      <trkpt lat="43.277201" lon="-4.126462">
        <ele>300.662</ele>
        <time>2024-08-15T14:53:21.556Z</time>
      </trkpt>
      <trkpt lat="43.277262" lon="-4.126408">
        <ele>300.632</ele>
        <time>2024-08-15T14:53:22.556Z</time>
      </trkpt>
      <trkpt lat="43.277342" lon="-4.126425">
        <ele>301.467</ele>
        <time>2024-08-15T14:53:24.555Z</time>
      </trkpt>
      <trkpt lat="43.277326" lon="-4.126553">
        <ele>302.278</ele>
        <time>2024-08-15T14:53:26.555Z</time>
      </trkpt>
      <trkpt lat="43.277264" lon="-4.126662">
        <ele>302.971</ele>
        <time>2024-08-15T14:53:27.555Z</time>
      </trkpt>
      <trkpt lat="43.277193" lon="-4.126762">
        <ele>303.775</ele>
        <time>2024-08-15T14:53:28.555Z</time>
      </trkpt>
      <trkpt lat="43.277153" lon="-4.126854">
        <ele>305.730</ele>
        <time>2024-08-15T14:53:29.556Z</time>
      </trkpt>
      <trkpt lat="43.277138" lon="-4.126969">
        <ele>307.251</ele>
        <time>2024-08-15T14:53:30.556Z</time>
      </trkpt>
      <trkpt lat="43.277135" lon="-4.127099">
        <ele>307.901</ele>
        <time>2024-08-15T14:53:31.556Z</time>
      </trkpt>
      <trkpt lat="43.277119" lon="-4.127222">
        <ele>309.311</ele>
        <time>2024-08-15T14:53:32.556Z</time>
      </trkpt>
      <trkpt lat="43.277028" lon="-4.127485">
        <ele>311.809</ele>
        <time>2024-08-15T14:53:34.555Z</time>
      </trkpt>
      <trkpt lat="43.276991" lon="-4.127571">
        <ele>312.176</ele>
        <time>2024-08-15T14:53:35.556Z</time>
      </trkpt>
      <trkpt lat="43.276991" lon="-4.127773">
        <ele>313.183</ele>
        <time>2024-08-15T14:53:37.555Z</time>
      </trkpt>
      <trkpt lat="43.277022" lon="-4.127884">
        <ele>313.366</ele>
        <time>2024-08-15T14:53:38.556Z</time>
      </trkpt>
      <trkpt lat="43.277071" lon="-4.128001">
        <ele>314.076</ele>
        <time>2024-08-15T14:53:39.556Z</time>
      </trkpt>
      <trkpt lat="43.277213" lon="-4.128208">
        <ele>317.621</ele>
        <time>2024-08-15T14:53:41.556Z</time>
      </trkpt>
      <trkpt lat="43.277301" lon="-4.128288">
        <ele>319.072</ele>
        <time>2024-08-15T14:53:42.556Z</time>
      </trkpt>
      <trkpt lat="43.277395" lon="-4.128366">
        <ele>320.465</ele>
        <time>2024-08-15T14:53:43.556Z</time>
      </trkpt>
      <trkpt lat="43.277474" lon="-4.128451">
        <ele>321.739</ele>
        <time>2024-08-15T14:53:44.556Z</time>
      </trkpt>
      <trkpt lat="43.277542" lon="-4.128550">
        <ele>323.474</ele>
        <time>2024-08-15T14:53:45.556Z</time>
      </trkpt>
      <trkpt lat="43.277590" lon="-4.128651">
        <ele>324.599</ele>
        <time>2024-08-15T14:53:46.556Z</time>
      </trkpt>
      <trkpt lat="43.277632" lon="-4.128754">
        <ele>325.307</ele>
        <time>2024-08-15T14:53:47.556Z</time>
      </trkpt>
      <trkpt lat="43.277684" lon="-4.128844">
        <ele>326.127</ele>
        <time>2024-08-15T14:53:48.556Z</time>
      </trkpt>
      <trkpt lat="43.277768" lon="-4.128909">
        <ele>326.209</ele>
        <time>2024-08-15T14:53:49.556Z</time>
      </trkpt>
      <trkpt lat="43.277855" lon="-4.128960">
        <ele>326.480</ele>
        <time>2024-08-15T14:53:50.556Z</time>
      </trkpt>
      <trkpt lat="43.277927" lon="-4.129026">
        <ele>328.637</ele>
        <time>2024-08-15T14:53:51.556Z</time>
      </trkpt>
      <trkpt lat="43.277969" lon="-4.129130">
        <ele>329.340</ele>
        <time>2024-08-15T14:53:52.556Z</time>
      </trkpt>
      <trkpt lat="43.278001" lon="-4.129258">
        <ele>329.680</ele>
        <time>2024-08-15T14:53:53.556Z</time>
      </trkpt>
      <trkpt lat="43.278031" lon="-4.129378">
        <ele>331.175</ele>
        <time>2024-08-15T14:53:54.556Z</time>
      </trkpt>
      <trkpt lat="43.278054" lon="-4.129503">
        <ele>331.476</ele>
        <time>2024-08-15T14:53:55.556Z</time>
      </trkpt>
      <trkpt lat="43.278066" lon="-4.129635">
        <ele>332.369</ele>
        <time>2024-08-15T14:53:56.556Z</time>
      </trkpt>
      <trkpt lat="43.278039" lon="-4.129770">
        <ele>333.463</ele>
        <time>2024-08-15T14:53:57.556Z</time>
      </trkpt>
      <trkpt lat="43.278025" lon="-4.129889">
        <ele>334.568</ele>
        <time>2024-08-15T14:53:58.556Z</time>
      </trkpt>
      <trkpt lat="43.278036" lon="-4.130000">
        <ele>335.347</ele>
        <time>2024-08-15T14:53:59.556Z</time>
      </trkpt>
      <trkpt lat="43.278071" lon="-4.130103">
        <ele>335.429</ele>
        <time>2024-08-15T14:54:00.556Z</time>
      </trkpt>
      <trkpt lat="43.278116" lon="-4.130200">
        <ele>335.921</ele>
        <time>2024-08-15T14:54:01.556Z</time>
      </trkpt>
      <trkpt lat="43.278180" lon="-4.130295">
        <ele>336.709</ele>
        <time>2024-08-15T14:54:02.556Z</time>
      </trkpt>
      <trkpt lat="43.278247" lon="-4.130383">
        <ele>337.855</ele>
        <time>2024-08-15T14:54:03.556Z</time>
      </trkpt>
      <trkpt lat="43.278298" lon="-4.130457">
        <ele>340.642</ele>
        <time>2024-08-15T14:54:04.556Z</time>
      </trkpt>
      <trkpt lat="43.278314" lon="-4.130530">
        <ele>341.315</ele>
        <time>2024-08-15T14:54:05.556Z</time>
      </trkpt>
      <trkpt lat="43.278304" lon="-4.130610">
        <ele>342.675</ele>
        <time>2024-08-15T14:54:06.556Z</time>
      </trkpt>
      <trkpt lat="43.278276" lon="-4.130687">
        <ele>343.960</ele>
        <time>2024-08-15T14:54:07.556Z</time>
      </trkpt>
      <trkpt lat="43.278219" lon="-4.130764">
        <ele>344.651</ele>
        <time>2024-08-15T14:54:08.556Z</time>
      </trkpt>
      <trkpt lat="43.278112" lon="-4.130803">
        <ele>346.294</ele>
        <time>2024-08-15T14:54:09.556Z</time>
      </trkpt>
      <trkpt lat="43.278012" lon="-4.130865">
        <ele>347.668</ele>
        <time>2024-08-15T14:54:10.556Z</time>
      </trkpt>
      <trkpt lat="43.277983" lon="-4.130948">
        <ele>348.263</ele>
        <time>2024-08-15T14:54:11.556Z</time>
      </trkpt>
      <trkpt lat="43.277985" lon="-4.131045">
        <ele>349.189</ele>
        <time>2024-08-15T14:54:12.556Z</time>
      </trkpt>
      <trkpt lat="43.278009" lon="-4.131161">
        <ele>349.306</ele>
        <time>2024-08-15T14:54:13.556Z</time>
      </trkpt>
      <trkpt lat="43.278040" lon="-4.131290">
        <ele>349.726</ele>
        <time>2024-08-15T14:54:14.556Z</time>
      </trkpt>
      <trkpt lat="43.278069" lon="-4.131444">
        <ele>350.609</ele>
        <time>2024-08-15T14:54:15.556Z</time>
      </trkpt>
      <trkpt lat="43.278090" lon="-4.131597">
        <ele>351.159</ele>
        <time>2024-08-15T14:54:16.556Z</time>
      </trkpt>
      <trkpt lat="43.278116" lon="-4.131742">
        <ele>352.086</ele>
        <time>2024-08-15T14:54:17.556Z</time>
      </trkpt>
      <trkpt lat="43.278152" lon="-4.131867">
        <ele>352.839</ele>
        <time>2024-08-15T14:54:18.557Z</time>
      </trkpt>
      <trkpt lat="43.278276" lon="-4.132051">
        <ele>354.869</ele>
        <time>2024-08-15T14:54:20.556Z</time>
      </trkpt>
      <trkpt lat="43.278366" lon="-4.132118">
        <ele>355.464</ele>
        <time>2024-08-15T14:54:21.556Z</time>
      </trkpt>
      <trkpt lat="43.278457" lon="-4.132178">
        <ele>356.545</ele>
        <time>2024-08-15T14:54:22.556Z</time>
      </trkpt>
      <trkpt lat="43.278550" lon="-4.132242">
        <ele>358.078</ele>
        <time>2024-08-15T14:54:23.557Z</time>
      </trkpt>
      <trkpt lat="43.278650" lon="-4.132306">
        <ele>359.212</ele>
        <time>2024-08-15T14:54:24.557Z</time>
      </trkpt>
      <trkpt lat="43.278744" lon="-4.132367">
        <ele>360.497</ele>
        <time>2024-08-15T14:54:25.557Z</time>
      </trkpt>
      <trkpt lat="43.278924" lon="-4.132511">
        <ele>363.045</ele>
        <time>2024-08-15T14:54:27.556Z</time>
      </trkpt>
      <trkpt lat="43.279012" lon="-4.132605">
        <ele>363.647</ele>
        <time>2024-08-15T14:54:28.557Z</time>
      </trkpt>
      <trkpt lat="43.279093" lon="-4.132709">
        <ele>364.211</ele>
        <time>2024-08-15T14:54:29.557Z</time>
      </trkpt>
      <trkpt lat="43.279240" lon="-4.132934">
        <ele>365.209</ele>
        <time>2024-08-15T14:54:31.557Z</time>
      </trkpt>
      <trkpt lat="43.279312" lon="-4.133050">
        <ele>366.075</ele>
        <time>2024-08-15T14:54:32.557Z</time>
      </trkpt>
      <trkpt lat="43.279383" lon="-4.133168">
        <ele>367.632</ele>
        <time>2024-08-15T14:54:33.557Z</time>
      </trkpt>
      <trkpt lat="43.279456" lon="-4.133290">
        <ele>369.185</ele>
        <time>2024-08-15T14:54:34.557Z</time>
      </trkpt>
      <trkpt lat="43.279530" lon="-4.133413">
        <ele>369.725</ele>
        <time>2024-08-15T14:54:35.557Z</time>
      </trkpt>
      <trkpt lat="43.279610" lon="-4.133528">
        <ele>371.010</ele>
        <time>2024-08-15T14:54:36.557Z</time>
      </trkpt>
      <trkpt lat="43.279686" lon="-4.133638">
        <ele>372.441</ele>
        <time>2024-08-15T14:54:37.557Z</time>
      </trkpt>
      <trkpt lat="43.279766" lon="-4.133743">
        <ele>374.324</ele>
        <time>2024-08-15T14:54:38.557Z</time>
      </trkpt>
      <trkpt lat="43.279843" lon="-4.133830">
        <ele>375.218</ele>
        <time>2024-08-15T14:54:39.557Z</time>
      </trkpt>
      <trkpt lat="43.279919" lon="-4.133909">
        <ele>376.193</ele>
        <time>2024-08-15T14:54:40.557Z</time>
      </trkpt>
      <trkpt lat="43.279980" lon="-4.133991">
        <ele>376.516</ele>
        <time>2024-08-15T14:54:41.557Z</time>
      </trkpt>
      <trkpt lat="43.280008" lon="-4.134096">
        <ele>376.576</ele>
        <time>2024-08-15T14:54:42.557Z</time>
      </trkpt>
      <trkpt lat="43.280013" lon="-4.134220">
        <ele>376.413</ele>
        <time>2024-08-15T14:54:43.557Z</time>
      </trkpt>
      <trkpt lat="43.279972" lon="-4.134357">
        <ele>376.109</ele>
        <time>2024-08-15T14:54:44.557Z</time>
      </trkpt>
      <trkpt lat="43.279937" lon="-4.134525">
        <ele>375.912</ele>
        <time>2024-08-15T14:54:45.557Z</time>
      </trkpt>
      <trkpt lat="43.279908" lon="-4.134693">
        <ele>376.369</ele>
        <time>2024-08-15T14:54:46.557Z</time>
      </trkpt>
      <trkpt lat="43.279871" lon="-4.134831">
        <ele>377.322</ele>
        <time>2024-08-15T14:54:47.557Z</time>
      </trkpt>
      <trkpt lat="43.279817" lon="-4.134930">
        <ele>379.692</ele>
        <time>2024-08-15T14:54:48.557Z</time>
      </trkpt>
      <trkpt lat="43.279757" lon="-4.135004">
        <ele>380.977</ele>
        <time>2024-08-15T14:54:49.557Z</time>
      </trkpt>
      <trkpt lat="43.279699" lon="-4.135090">
        <ele>381.798</ele>
        <time>2024-08-15T14:54:50.557Z</time>
      </trkpt>
      <trkpt lat="43.279650" lon="-4.135197">
        <ele>382.071</ele>
        <time>2024-08-15T14:54:51.557Z</time>
      </trkpt>
      <trkpt lat="43.279610" lon="-4.135300">
        <ele>382.995</ele>
        <time>2024-08-15T14:54:52.557Z</time>
      </trkpt>
      <trkpt lat="43.279585" lon="-4.135398">
        <ele>383.740</ele>
        <time>2024-08-15T14:54:53.557Z</time>
      </trkpt>
      <trkpt lat="43.279582" lon="-4.135499">
        <ele>384.282</ele>
        <time>2024-08-15T14:54:54.557Z</time>
      </trkpt>
      <trkpt lat="43.279600" lon="-4.135602">
        <ele>384.743</ele>
        <time>2024-08-15T14:54:55.557Z</time>
      </trkpt>
      <trkpt lat="43.279653" lon="-4.135718">
        <ele>385.517</ele>
        <time>2024-08-15T14:54:56.557Z</time>
      </trkpt>
      <trkpt lat="43.279715" lon="-4.135832">
        <ele>386.309</ele>
        <time>2024-08-15T14:54:57.557Z</time>
      </trkpt>
      <trkpt lat="43.279775" lon="-4.135941">
        <ele>387.289</ele>
        <time>2024-08-15T14:54:58.557Z</time>
      </trkpt>
      <trkpt lat="43.279831" lon="-4.136045">
        <ele>387.466</ele>
        <time>2024-08-15T14:54:59.557Z</time>
      </trkpt>
      <trkpt lat="43.279875" lon="-4.136149">
        <ele>387.479</ele>
        <time>2024-08-15T14:55:00.557Z</time>
      </trkpt>
      <trkpt lat="43.279890" lon="-4.136262">
        <ele>387.439</ele>
        <time>2024-08-15T14:55:01.557Z</time>
      </trkpt>
      <trkpt lat="43.279890" lon="-4.136391">
        <ele>387.414</ele>
        <time>2024-08-15T14:55:02.557Z</time>
      </trkpt>
      <trkpt lat="43.279886" lon="-4.136524">
        <ele>387.495</ele>
        <time>2024-08-15T14:55:03.557Z</time>
      </trkpt>
      <trkpt lat="43.279898" lon="-4.136648">
        <ele>387.428</ele>
        <time>2024-08-15T14:55:04.557Z</time>
      </trkpt>
      <trkpt lat="43.279925" lon="-4.136757">
        <ele>387.332</ele>
        <time>2024-08-15T14:55:05.557Z</time>
      </trkpt>
      <trkpt lat="43.279951" lon="-4.136856">
        <ele>387.177</ele>
        <time>2024-08-15T14:55:06.557Z</time>
      </trkpt>
      <trkpt lat="43.279966" lon="-4.136952">
        <ele>387.087</ele>
        <time>2024-08-15T14:55:07.557Z</time>
      </trkpt>
      <trkpt lat="43.279948" lon="-4.137044">
        <ele>386.642</ele>
        <time>2024-08-15T14:55:08.557Z</time>
      </trkpt>
      <trkpt lat="43.279892" lon="-4.137118">
        <ele>386.626</ele>
        <time>2024-08-15T14:55:09.557Z</time>
      </trkpt>
      <trkpt lat="43.279826" lon="-4.137172">
        <ele>386.609</ele>
        <time>2024-08-15T14:55:10.557Z</time>
      </trkpt>
      <trkpt lat="43.279757" lon="-4.137249">
        <ele>387.329</ele>
        <time>2024-08-15T14:55:11.558Z</time>
      </trkpt>
      <trkpt lat="43.279718" lon="-4.137433">
        <ele>388.286</ele>
        <time>2024-08-15T14:55:13.557Z</time>
      </trkpt>
      <trkpt lat="43.279726" lon="-4.137541">
        <ele>388.779</ele>
        <time>2024-08-15T14:55:14.558Z</time>
      </trkpt>
      <trkpt lat="43.279718" lon="-4.137661">
        <ele>389.399</ele>
        <time>2024-08-15T14:55:15.558Z</time>
      </trkpt>
      <trkpt lat="43.279623" lon="-4.137819">
        <ele>391.124</ele>
        <time>2024-08-15T14:55:17.558Z</time>
      </trkpt>
      <trkpt lat="43.279468" lon="-4.137905">
        <ele>391.385</ele>
        <time>2024-08-15T14:55:19.558Z</time>
      </trkpt>
      <trkpt lat="43.279384" lon="-4.137966">
        <ele>391.388</ele>
        <time>2024-08-15T14:55:20.558Z</time>
      </trkpt>
      <trkpt lat="43.279294" lon="-4.138166">
        <ele>392.352</ele>
        <time>2024-08-15T14:55:22.558Z</time>
      </trkpt>
      <trkpt lat="43.279271" lon="-4.138295">
        <ele>392.967</ele>
        <time>2024-08-15T14:55:23.558Z</time>
      </trkpt>
      <trkpt lat="43.279243" lon="-4.138581">
        <ele>395.648</ele>
        <time>2024-08-15T14:55:25.558Z</time>
      </trkpt>
      <trkpt lat="43.279241" lon="-4.138833">
        <ele>397.461</ele>
        <time>2024-08-15T14:55:27.557Z</time>
      </trkpt>
      <trkpt lat="43.279256" lon="-4.138957">
        <ele>398.317</ele>
        <time>2024-08-15T14:55:28.558Z</time>
      </trkpt>
      <trkpt lat="43.279284" lon="-4.139083">
        <ele>399.009</ele>
        <time>2024-08-15T14:55:29.558Z</time>
      </trkpt>
      <trkpt lat="43.279326" lon="-4.139216">
        <ele>399.455</ele>
        <time>2024-08-15T14:55:30.558Z</time>
      </trkpt>
      <trkpt lat="43.279363" lon="-4.139353">
        <ele>399.582</ele>
        <time>2024-08-15T14:55:31.558Z</time>
      </trkpt>
      <trkpt lat="43.279383" lon="-4.139488">
        <ele>400.355</ele>
        <time>2024-08-15T14:55:32.558Z</time>
      </trkpt>
      <trkpt lat="43.279388" lon="-4.139609">
        <ele>401.015</ele>
        <time>2024-08-15T14:55:33.558Z</time>
      </trkpt>
      <trkpt lat="43.279391" lon="-4.139714">
        <ele>402.340</ele>
        <time>2024-08-15T14:55:34.558Z</time>
      </trkpt>
      <trkpt lat="43.279410" lon="-4.139809">
        <ele>402.711</ele>
        <time>2024-08-15T14:55:35.558Z</time>
      </trkpt>
      <trkpt lat="43.279453" lon="-4.139891">
        <ele>403.424</ele>
        <time>2024-08-15T14:55:36.558Z</time>
      </trkpt>
      <trkpt lat="43.279516" lon="-4.139970">
        <ele>404.698</ele>
        <time>2024-08-15T14:55:37.558Z</time>
      </trkpt>
      <trkpt lat="43.279560" lon="-4.140044">
        <ele>406.233</ele>
        <time>2024-08-15T14:55:38.558Z</time>
      </trkpt>
      <trkpt lat="43.279574" lon="-4.140135">
        <ele>407.324</ele>
        <time>2024-08-15T14:55:39.558Z</time>
      </trkpt>
      <trkpt lat="43.279547" lon="-4.140232">
        <ele>407.904</ele>
        <time>2024-08-15T14:55:40.558Z</time>
      </trkpt>
      <trkpt lat="43.279503" lon="-4.140341">
        <ele>408.214</ele>
        <time>2024-08-15T14:55:41.558Z</time>
      </trkpt>
      <trkpt lat="43.279449" lon="-4.140436">
        <ele>408.509</ele>
        <time>2024-08-15T14:55:42.558Z</time>
      </trkpt>
      <trkpt lat="43.279374" lon="-4.140523">
        <ele>409.283</ele>
        <time>2024-08-15T14:55:43.558Z</time>
      </trkpt>
      <trkpt lat="43.279286" lon="-4.140564">
        <ele>410.040</ele>
        <time>2024-08-15T14:55:44.558Z</time>
      </trkpt>
      <trkpt lat="43.279190" lon="-4.140567">
        <ele>411.483</ele>
        <time>2024-08-15T14:55:45.558Z</time>
      </trkpt>
      <trkpt lat="43.279093" lon="-4.140550">
        <ele>411.553</ele>
        <time>2024-08-15T14:55:46.558Z</time>
      </trkpt>
      <trkpt lat="43.278985" lon="-4.140526">
        <ele>412.248</ele>
        <time>2024-08-15T14:55:47.558Z</time>
      </trkpt>
      <trkpt lat="43.278894" lon="-4.140529">
        <ele>412.499</ele>
        <time>2024-08-15T14:55:48.558Z</time>
      </trkpt>
      <trkpt lat="43.278820" lon="-4.140564">
        <ele>414.042</ele>
        <time>2024-08-15T14:55:49.558Z</time>
      </trkpt>
      <trkpt lat="43.278759" lon="-4.140631">
        <ele>414.736</ele>
        <time>2024-08-15T14:55:50.558Z</time>
      </trkpt>
      <trkpt lat="43.278712" lon="-4.140722">
        <ele>414.991</ele>
        <time>2024-08-15T14:55:51.558Z</time>
      </trkpt>
      <trkpt lat="43.278682" lon="-4.140829">
        <ele>415.628</ele>
        <time>2024-08-15T14:55:52.558Z</time>
      </trkpt>
      <trkpt lat="43.278669" lon="-4.140953">
        <ele>416.189</ele>
        <time>2024-08-15T14:55:53.558Z</time>
      </trkpt>
      <trkpt lat="43.278678" lon="-4.141079">
        <ele>416.417</ele>
        <time>2024-08-15T14:55:54.558Z</time>
      </trkpt>
      <trkpt lat="43.278673" lon="-4.141230">
        <ele>416.709</ele>
        <time>2024-08-15T14:55:55.558Z</time>
      </trkpt>
      <trkpt lat="43.278645" lon="-4.141365">
        <ele>417.293</ele>
        <time>2024-08-15T14:55:56.558Z</time>
      </trkpt>
      <trkpt lat="43.278595" lon="-4.141496">
        <ele>417.720</ele>
        <time>2024-08-15T14:55:57.558Z</time>
      </trkpt>
      <trkpt lat="43.278541" lon="-4.141608">
        <ele>418.763</ele>
        <time>2024-08-15T14:55:58.558Z</time>
      </trkpt>
      <trkpt lat="43.278506" lon="-4.141732">
        <ele>419.833</ele>
        <time>2024-08-15T14:55:59.558Z</time>
      </trkpt>
      <trkpt lat="43.278470" lon="-4.141866">
        <ele>420.748</ele>
        <time>2024-08-15T14:56:00.558Z</time>
      </trkpt>
      <trkpt lat="43.278434" lon="-4.141995">
        <ele>421.789</ele>
        <time>2024-08-15T14:56:01.558Z</time>
      </trkpt>
      <trkpt lat="43.278352" lon="-4.142111">
        <ele>422.762</ele>
        <time>2024-08-15T14:56:02.558Z</time>
      </trkpt>
      <trkpt lat="43.278275" lon="-4.142215">
        <ele>423.696</ele>
        <time>2024-08-15T14:56:03.558Z</time>
      </trkpt>
      <trkpt lat="43.278210" lon="-4.142324">
        <ele>424.551</ele>
        <time>2024-08-15T14:56:04.558Z</time>
      </trkpt>
      <trkpt lat="43.278161" lon="-4.142440">
        <ele>425.745</ele>
        <time>2024-08-15T14:56:05.558Z</time>
      </trkpt>
      <trkpt lat="43.278132" lon="-4.142577">
        <ele>427.047</ele>
        <time>2024-08-15T14:56:06.558Z</time>
      </trkpt>
      <trkpt lat="43.278138" lon="-4.142731">
        <ele>428.111</ele>
        <time>2024-08-15T14:56:07.559Z</time>
      </trkpt>
      <trkpt lat="43.278219" lon="-4.143032">
        <ele>431.009</ele>
        <time>2024-08-15T14:56:09.559Z</time>
      </trkpt>
      <trkpt lat="43.278275" lon="-4.143168">
        <ele>431.395</ele>
        <time>2024-08-15T14:56:10.559Z</time>
      </trkpt>
      <trkpt lat="43.278303" lon="-4.143426">
        <ele>433.152</ele>
        <time>2024-08-15T14:56:12.559Z</time>
      </trkpt>
      <trkpt lat="43.278258" lon="-4.143686">
        <ele>436.145</ele>
        <time>2024-08-15T14:56:14.558Z</time>
      </trkpt>
      <trkpt lat="43.278233" lon="-4.143801">
        <ele>437.555</ele>
        <time>2024-08-15T14:56:15.559Z</time>
      </trkpt>
      <trkpt lat="43.278198" lon="-4.144018">
        <ele>438.590</ele>
        <time>2024-08-15T14:56:17.559Z</time>
      </trkpt>
      <trkpt lat="43.278183" lon="-4.144111">
        <ele>438.811</ele>
        <time>2024-08-15T14:56:18.559Z</time>
      </trkpt>
      <trkpt lat="43.278173" lon="-4.144206">
        <ele>438.974</ele>
        <time>2024-08-15T14:56:19.559Z</time>
      </trkpt>
      <trkpt lat="43.278165" lon="-4.144292">
        <ele>439.178</ele>
        <time>2024-08-15T14:56:20.559Z</time>
      </trkpt>
      <trkpt lat="43.278176" lon="-4.144442">
        <ele>439.323</ele>
        <time>2024-08-15T14:56:22.559Z</time>
      </trkpt>
      <trkpt lat="43.278200" lon="-4.144519">
        <ele>440.292</ele>
        <time>2024-08-15T14:56:24.559Z</time>
      </trkpt>
      <trkpt lat="43.278155" lon="-4.144475">
        <ele>441.173</ele>
        <time>2024-08-15T14:57:29.560Z</time>
      </trkpt>
      <trkpt lat="43.278168" lon="-4.144387">
        <ele>441.120</ele>
        <time>2024-08-15T14:57:31.560Z</time>
      </trkpt>
      <trkpt lat="43.278211" lon="-4.144286">
        <ele>441.109</ele>
        <time>2024-08-15T14:57:33.560Z</time>
      </trkpt>
      <trkpt lat="43.278246" lon="-4.144188">
        <ele>441.120</ele>
        <time>2024-08-15T14:57:35.560Z</time>
      </trkpt>
      <trkpt lat="43.278260" lon="-4.144123">
        <ele>441.287</ele>
        <time>2024-08-15T14:57:36.560Z</time>
      </trkpt>
      <trkpt lat="43.278272" lon="-4.144047">
        <ele>441.020</ele>
        <time>2024-08-15T14:57:37.560Z</time>
      </trkpt>
      <trkpt lat="43.278286" lon="-4.143964">
        <ele>440.880</ele>
        <time>2024-08-15T14:57:38.560Z</time>
      </trkpt>
      <trkpt lat="43.278314" lon="-4.143869">
        <ele>440.885</ele>
        <time>2024-08-15T14:57:39.560Z</time>
      </trkpt>
      <trkpt lat="43.278353" lon="-4.143790">
        <ele>441.486</ele>
        <time>2024-08-15T14:57:40.560Z</time>
      </trkpt>
      <trkpt lat="43.278414" lon="-4.143727">
        <ele>441.639</ele>
        <time>2024-08-15T14:57:41.560Z</time>
      </trkpt>
      <trkpt lat="43.278492" lon="-4.143677">
        <ele>441.813</ele>
        <time>2024-08-15T14:57:42.560Z</time>
      </trkpt>
      <trkpt lat="43.278572" lon="-4.143633">
        <ele>442.348</ele>
        <time>2024-08-15T14:57:43.560Z</time>
      </trkpt>
      <trkpt lat="43.278647" lon="-4.143579">
        <ele>442.938</ele>
        <time>2024-08-15T14:57:44.560Z</time>
      </trkpt>
      <trkpt lat="43.278705" lon="-4.143520">
        <ele>443.270</ele>
        <time>2024-08-15T14:57:45.560Z</time>
      </trkpt>
      <trkpt lat="43.278753" lon="-4.143441">
        <ele>443.417</ele>
        <time>2024-08-15T14:57:46.560Z</time>
      </trkpt>
      <trkpt lat="43.278796" lon="-4.143345">
        <ele>443.509</ele>
        <time>2024-08-15T14:57:47.560Z</time>
      </trkpt>
      <trkpt lat="43.278827" lon="-4.143263">
        <ele>443.764</ele>
        <time>2024-08-15T14:57:48.560Z</time>
      </trkpt>
      <trkpt lat="43.278858" lon="-4.143177">
        <ele>443.791</ele>
        <time>2024-08-15T14:57:49.560Z</time>
      </trkpt>
      <trkpt lat="43.278880" lon="-4.143105">
        <ele>443.794</ele>
        <time>2024-08-15T14:57:50.560Z</time>
      </trkpt>
      <trkpt lat="43.278896" lon="-4.143043">
        <ele>443.534</ele>
        <time>2024-08-15T14:57:51.560Z</time>
      </trkpt>
      <trkpt lat="43.278911" lon="-4.142970">
        <ele>443.389</ele>
        <time>2024-08-15T14:57:54.560Z</time>
      </trkpt>
      <trkpt lat="43.278873" lon="-4.142937">
        <ele>443.880</ele>
        <time>2024-08-15T14:58:08.561Z</time>
      </trkpt>
      <trkpt lat="43.278834" lon="-4.143082">
        <ele>443.953</ele>
        <time>2024-08-15T14:58:12.561Z</time>
      </trkpt>
      <trkpt lat="43.278820" lon="-4.143195">
        <ele>443.967</ele>
        <time>2024-08-15T14:58:14.561Z</time>
      </trkpt>
      <trkpt lat="43.278807" lon="-4.143254">
        <ele>444.262</ele>
        <time>2024-08-15T14:58:15.561Z</time>
      </trkpt>
      <trkpt lat="43.278783" lon="-4.143310">
        <ele>446.362</ele>
        <time>2024-08-15T14:58:16.561Z</time>
      </trkpt>
      <trkpt lat="43.278757" lon="-4.143364">
        <ele>446.983</ele>
        <time>2024-08-15T14:58:17.561Z</time>
      </trkpt>
      <trkpt lat="43.278728" lon="-4.143415">
        <ele>447.411</ele>
        <time>2024-08-15T14:58:18.561Z</time>
      </trkpt>
      <trkpt lat="43.278701" lon="-4.143466">
        <ele>447.909</ele>
        <time>2024-08-15T14:58:19.561Z</time>
      </trkpt>
      <trkpt lat="43.278652" lon="-4.143551">
        <ele>448.167</ele>
        <time>2024-08-15T14:58:21.561Z</time>
      </trkpt>
      <trkpt lat="43.278610" lon="-4.143603">
        <ele>448.074</ele>
        <time>2024-08-15T14:58:23.562Z</time>
      </trkpt>
      <trkpt lat="43.278572" lon="-4.143644">
        <ele>447.857</ele>
        <time>2024-08-15T14:58:25.561Z</time>
      </trkpt>
      <trkpt lat="43.278511" lon="-4.143694">
        <ele>447.587</ele>
        <time>2024-08-15T14:58:28.561Z</time>
      </trkpt>
      <trkpt lat="43.278454" lon="-4.143748">
        <ele>447.312</ele>
        <time>2024-08-15T14:58:30.561Z</time>
      </trkpt>
      <trkpt lat="43.278379" lon="-4.143801">
        <ele>446.913</ele>
        <time>2024-08-15T14:58:32.561Z</time>
      </trkpt>
      <trkpt lat="43.278340" lon="-4.143837">
        <ele>446.626</ele>
        <time>2024-08-15T14:58:33.561Z</time>
      </trkpt>
      <trkpt lat="43.278306" lon="-4.143885">
        <ele>446.350</ele>
        <time>2024-08-15T14:58:34.561Z</time>
      </trkpt>
      <trkpt lat="43.278290" lon="-4.143951">
        <ele>445.945</ele>
        <time>2024-08-15T14:58:35.561Z</time>
      </trkpt>
      <trkpt lat="43.278277" lon="-4.144017">
        <ele>445.672</ele>
        <time>2024-08-15T14:58:36.561Z</time>
      </trkpt>
      <trkpt lat="43.278263" lon="-4.144081">
        <ele>445.413</ele>
        <time>2024-08-15T14:58:37.561Z</time>
      </trkpt>
      <trkpt lat="43.278251" lon="-4.144143">
        <ele>445.214</ele>
        <time>2024-08-15T14:58:38.561Z</time>
      </trkpt>
      <trkpt lat="43.278227" lon="-4.144249">
        <ele>444.209</ele>
        <time>2024-08-15T14:58:40.561Z</time>
      </trkpt>
      <trkpt lat="43.278190" lon="-4.144358">
        <ele>443.928</ele>
        <time>2024-08-15T14:58:42.561Z</time>
      </trkpt>
      <trkpt lat="43.278174" lon="-4.144418">
        <ele>443.595</ele>
        <time>2024-08-15T14:58:43.561Z</time>
      </trkpt>
      <trkpt lat="43.278172" lon="-4.144487">
        <ele>443.248</ele>
        <time>2024-08-15T14:58:44.561Z</time>
      </trkpt>
      <trkpt lat="43.278190" lon="-4.144569">
        <ele>443.248</ele>
        <time>2024-08-15T14:58:45.561Z</time>
      </trkpt>
      <trkpt lat="43.278222" lon="-4.144668">
        <ele>443.193</ele>
        <time>2024-08-15T14:58:46.561Z</time>
      </trkpt>
      <trkpt lat="43.278261" lon="-4.144778">
        <ele>443.624</ele>
        <time>2024-08-15T14:58:47.561Z</time>
      </trkpt>
      <trkpt lat="43.278315" lon="-4.144906">
        <ele>444.287</ele>
        <time>2024-08-15T14:58:48.561Z</time>
      </trkpt>
      <trkpt lat="43.278368" lon="-4.145021">
        <ele>444.351</ele>
        <time>2024-08-15T14:58:49.561Z</time>
      </trkpt>
      <trkpt lat="43.278413" lon="-4.145141">
        <ele>443.386</ele>
        <time>2024-08-15T14:58:50.561Z</time>
      </trkpt>
      <trkpt lat="43.278466" lon="-4.145400">
        <ele>442.698</ele>
        <time>2024-08-15T14:58:52.561Z</time>
      </trkpt>
      <trkpt lat="43.278487" lon="-4.145510">
        <ele>440.715</ele>
        <time>2024-08-15T14:58:53.561Z</time>
      </trkpt>
      <trkpt lat="43.278490" lon="-4.145606">
        <ele>439.226</ele>
        <time>2024-08-15T14:58:54.561Z</time>
      </trkpt>
      <trkpt lat="43.278470" lon="-4.145693">
        <ele>438.809</ele>
        <time>2024-08-15T14:58:55.561Z</time>
      </trkpt>
      <trkpt lat="43.278421" lon="-4.145766">
        <ele>438.440</ele>
        <time>2024-08-15T14:58:56.561Z</time>
      </trkpt>
      <trkpt lat="43.278334" lon="-4.145769">
        <ele>437.627</ele>
        <time>2024-08-15T14:58:57.561Z</time>
      </trkpt>
      <trkpt lat="43.278260" lon="-4.145787">
        <ele>437.410</ele>
        <time>2024-08-15T14:58:58.561Z</time>
      </trkpt>
      <trkpt lat="43.278182" lon="-4.145814">
        <ele>437.280</ele>
        <time>2024-08-15T14:58:59.561Z</time>
      </trkpt>
      <trkpt lat="43.278133" lon="-4.145902">
        <ele>437.155</ele>
        <time>2024-08-15T14:59:00.561Z</time>
      </trkpt>
      <trkpt lat="43.278106" lon="-4.146019">
        <ele>437.186</ele>
        <time>2024-08-15T14:59:01.562Z</time>
      </trkpt>
      <trkpt lat="43.278106" lon="-4.146156">
        <ele>436.799</ele>
        <time>2024-08-15T14:59:02.562Z</time>
      </trkpt>
      <trkpt lat="43.278151" lon="-4.146418">
        <ele>435.683</ele>
        <time>2024-08-15T14:59:04.561Z</time>
      </trkpt>
      <trkpt lat="43.278150" lon="-4.146530">
        <ele>435.618</ele>
        <time>2024-08-15T14:59:05.562Z</time>
      </trkpt>
      <trkpt lat="43.278120" lon="-4.146638">
        <ele>435.676</ele>
        <time>2024-08-15T14:59:06.562Z</time>
      </trkpt>
      <trkpt lat="43.278067" lon="-4.146740">
        <ele>435.790</ele>
        <time>2024-08-15T14:59:07.562Z</time>
      </trkpt>
      <trkpt lat="43.278023" lon="-4.146859">
        <ele>436.119</ele>
        <time>2024-08-15T14:59:08.562Z</time>
      </trkpt>
      <trkpt lat="43.277984" lon="-4.146980">
        <ele>437.009</ele>
        <time>2024-08-15T14:59:09.562Z</time>
      </trkpt>
      <trkpt lat="43.277963" lon="-4.147103">
        <ele>437.138</ele>
        <time>2024-08-15T14:59:10.562Z</time>
      </trkpt>
      <trkpt lat="43.277942" lon="-4.147211">
        <ele>437.215</ele>
        <time>2024-08-15T14:59:11.562Z</time>
      </trkpt>
      <trkpt lat="43.277918" lon="-4.147313">
        <ele>437.138</ele>
        <time>2024-08-15T14:59:12.562Z</time>
      </trkpt>
      <trkpt lat="43.277867" lon="-4.147394">
        <ele>437.288</ele>
        <time>2024-08-15T14:59:13.562Z</time>
      </trkpt>
      <trkpt lat="43.277775" lon="-4.147437">
        <ele>437.453</ele>
        <time>2024-08-15T14:59:14.562Z</time>
      </trkpt>
      <trkpt lat="43.277689" lon="-4.147490">
        <ele>437.574</ele>
        <time>2024-08-15T14:59:15.562Z</time>
      </trkpt>
      <trkpt lat="43.277617" lon="-4.147581">
        <ele>437.667</ele>
        <time>2024-08-15T14:59:16.562Z</time>
      </trkpt>
      <trkpt lat="43.277547" lon="-4.147685">
        <ele>438.641</ele>
        <time>2024-08-15T14:59:17.562Z</time>
      </trkpt>
      <trkpt lat="43.277470" lon="-4.147790">
        <ele>439.476</ele>
        <time>2024-08-15T14:59:18.562Z</time>
      </trkpt>
      <trkpt lat="43.277384" lon="-4.147898">
        <ele>440.167</ele>
        <time>2024-08-15T14:59:19.562Z</time>
      </trkpt>
      <trkpt lat="43.277298" lon="-4.148005">
        <ele>440.681</ele>
        <time>2024-08-15T14:59:20.562Z</time>
      </trkpt>
      <trkpt lat="43.277231" lon="-4.148090">
        <ele>440.919</ele>
        <time>2024-08-15T14:59:21.562Z</time>
      </trkpt>
      <trkpt lat="43.277187" lon="-4.148180">
        <ele>440.909</ele>
        <time>2024-08-15T14:59:22.562Z</time>
      </trkpt>
      <trkpt lat="43.277152" lon="-4.148266">
        <ele>440.947</ele>
        <time>2024-08-15T14:59:23.562Z</time>
      </trkpt>
      <trkpt lat="43.277118" lon="-4.148352">
        <ele>440.894</ele>
        <time>2024-08-15T14:59:24.562Z</time>
      </trkpt>
      <trkpt lat="43.277080" lon="-4.148434">
        <ele>440.477</ele>
        <time>2024-08-15T14:59:25.562Z</time>
      </trkpt>
      <trkpt lat="43.277037" lon="-4.148508">
        <ele>439.537</ele>
        <time>2024-08-15T14:59:26.562Z</time>
      </trkpt>
      <trkpt lat="43.276998" lon="-4.148575">
        <ele>438.632</ele>
        <time>2024-08-15T14:59:27.562Z</time>
      </trkpt>
      <trkpt lat="43.276961" lon="-4.148641">
        <ele>437.863</ele>
        <time>2024-08-15T14:59:28.562Z</time>
      </trkpt>
      <trkpt lat="43.276930" lon="-4.148708">
        <ele>437.466</ele>
        <time>2024-08-15T14:59:29.562Z</time>
      </trkpt>
      <trkpt lat="43.276906" lon="-4.148780">
        <ele>436.640</ele>
        <time>2024-08-15T14:59:30.562Z</time>
      </trkpt>
      <trkpt lat="43.276892" lon="-4.148868">
        <ele>435.815</ele>
        <time>2024-08-15T14:59:31.562Z</time>
      </trkpt>
      <trkpt lat="43.276887" lon="-4.148969">
        <ele>434.963</ele>
        <time>2024-08-15T14:59:32.562Z</time>
      </trkpt>
      <trkpt lat="43.276881" lon="-4.149078">
        <ele>434.144</ele>
        <time>2024-08-15T14:59:33.562Z</time>
      </trkpt>
      <trkpt lat="43.276877" lon="-4.149196">
        <ele>432.818</ele>
        <time>2024-08-15T14:59:34.562Z</time>
      </trkpt>
      <trkpt lat="43.276875" lon="-4.149320">
        <ele>432.209</ele>
        <time>2024-08-15T14:59:35.562Z</time>
      </trkpt>
      <trkpt lat="43.276893" lon="-4.149446">
        <ele>431.527</ele>
        <time>2024-08-15T14:59:36.562Z</time>
      </trkpt>
      <trkpt lat="43.276916" lon="-4.149573">
        <ele>430.774</ele>
        <time>2024-08-15T14:59:37.562Z</time>
      </trkpt>
      <trkpt lat="43.276937" lon="-4.149702">
        <ele>429.227</ele>
        <time>2024-08-15T14:59:38.562Z</time>
      </trkpt>
      <trkpt lat="43.276959" lon="-4.149830">
        <ele>428.117</ele>
        <time>2024-08-15T14:59:39.562Z</time>
      </trkpt>
      <trkpt lat="43.276978" lon="-4.149957">
        <ele>426.972</ele>
        <time>2024-08-15T14:59:40.562Z</time>
      </trkpt>
      <trkpt lat="43.276994" lon="-4.150083">
        <ele>425.733</ele>
        <time>2024-08-15T14:59:41.562Z</time>
      </trkpt>
      <trkpt lat="43.277012" lon="-4.150209">
        <ele>424.546</ele>
        <time>2024-08-15T14:59:42.563Z</time>
      </trkpt>
      <trkpt lat="43.277048" lon="-4.150454">
        <ele>422.510</ele>
        <time>2024-08-15T14:59:44.562Z</time>
      </trkpt>
      <trkpt lat="43.277065" lon="-4.150571">
        <ele>421.665</ele>
        <time>2024-08-15T14:59:45.563Z</time>
      </trkpt>
      <trkpt lat="43.277096" lon="-4.150812">
        <ele>421.062</ele>
        <time>2024-08-15T14:59:47.562Z</time>
      </trkpt>
      <trkpt lat="43.277116" lon="-4.150935">
        <ele>420.183</ele>
        <time>2024-08-15T14:59:48.562Z</time>
      </trkpt>
      <trkpt lat="43.277145" lon="-4.151057">
        <ele>419.011</ele>
        <time>2024-08-15T14:59:49.562Z</time>
      </trkpt>
      <trkpt lat="43.277182" lon="-4.151175">
        <ele>417.409</ele>
        <time>2024-08-15T14:59:50.562Z</time>
      </trkpt>
      <trkpt lat="43.277224" lon="-4.151290">
        <ele>416.457</ele>
        <time>2024-08-15T14:59:51.563Z</time>
      </trkpt>
      <trkpt lat="43.277328" lon="-4.151502">
        <ele>414.354</ele>
        <time>2024-08-15T14:59:53.563Z</time>
      </trkpt>
      <trkpt lat="43.277389" lon="-4.151580">
        <ele>413.797</ele>
        <time>2024-08-15T14:59:54.563Z</time>
      </trkpt>
      <trkpt lat="43.277455" lon="-4.151633">
        <ele>413.537</ele>
        <time>2024-08-15T14:59:55.563Z</time>
      </trkpt>
      <trkpt lat="43.277612" lon="-4.151625">
        <ele>413.542</ele>
        <time>2024-08-15T14:59:57.563Z</time>
      </trkpt>
      <trkpt lat="43.277689" lon="-4.151575">
        <ele>413.513</ele>
        <time>2024-08-15T14:59:58.563Z</time>
      </trkpt>
      <trkpt lat="43.277744" lon="-4.151507">
        <ele>413.376</ele>
        <time>2024-08-15T14:59:59.563Z</time>
      </trkpt>
      <trkpt lat="43.277793" lon="-4.151456">
        <ele>413.060</ele>
        <time>2024-08-15T15:00:00.563Z</time>
      </trkpt>
      <trkpt lat="43.277886" lon="-4.151395">
        <ele>412.255</ele>
        <time>2024-08-15T15:00:02.563Z</time>
      </trkpt>
      <trkpt lat="43.277935" lon="-4.151379">
        <ele>411.744</ele>
        <time>2024-08-15T15:00:03.563Z</time>
      </trkpt>
      <trkpt lat="43.277957" lon="-4.151486">
        <ele>409.405</ele>
        <time>2024-08-15T15:00:05.563Z</time>
      </trkpt>
      <trkpt lat="43.277943" lon="-4.151567">
        <ele>406.915</ele>
        <time>2024-08-15T15:00:06.563Z</time>
      </trkpt>
      <trkpt lat="43.277927" lon="-4.151639">
        <ele>406.009</ele>
        <time>2024-08-15T15:00:07.563Z</time>
      </trkpt>
      <trkpt lat="43.277910" lon="-4.151724">
        <ele>406.045</ele>
        <time>2024-08-15T15:00:09.563Z</time>
      </trkpt>
      <trkpt lat="43.277903" lon="-4.151796">
        <ele>406.382</ele>
        <time>2024-08-15T15:00:12.563Z</time>
      </trkpt>
      <trkpt lat="43.277886" lon="-4.151857">
        <ele>406.385</ele>
        <time>2024-08-15T15:00:14.563Z</time>
      </trkpt>
      <trkpt lat="43.277886" lon="-4.151952">
        <ele>406.675</ele>
        <time>2024-08-15T15:00:16.563Z</time>
      </trkpt>
      <trkpt lat="43.277890" lon="-4.152018">
        <ele>406.820</ele>
        <time>2024-08-15T15:00:18.563Z</time>
      </trkpt>
      <trkpt lat="43.277889" lon="-4.152091">
        <ele>407.761</ele>
        <time>2024-08-15T15:00:20.563Z</time>
      </trkpt>
      <trkpt lat="43.277878" lon="-4.152156">
        <ele>408.434</ele>
        <time>2024-08-15T15:00:22.563Z</time>
      </trkpt>
      <trkpt lat="43.277841" lon="-4.152235">
        <ele>409.288</ele>
        <time>2024-08-15T15:00:24.563Z</time>
      </trkpt>
      <trkpt lat="43.277809" lon="-4.152289">
        <ele>409.873</ele>
        <time>2024-08-15T15:00:25.563Z</time>
      </trkpt>
      <trkpt lat="43.277781" lon="-4.152340">
        <ele>410.443</ele>
        <time>2024-08-15T15:00:26.563Z</time>
      </trkpt>
      <trkpt lat="43.277755" lon="-4.152396">
        <ele>411.364</ele>
        <time>2024-08-15T15:00:27.563Z</time>
      </trkpt>
      <trkpt lat="43.277731" lon="-4.152467">
        <ele>412.010</ele>
        <time>2024-08-15T15:00:28.563Z</time>
      </trkpt>
      <trkpt lat="43.277712" lon="-4.152561">
        <ele>412.309</ele>
        <time>2024-08-15T15:00:29.563Z</time>
      </trkpt>
      <trkpt lat="43.277708" lon="-4.152695">
        <ele>412.435</ele>
        <time>2024-08-15T15:00:30.563Z</time>
      </trkpt>
      <trkpt lat="43.277711" lon="-4.152828">
        <ele>412.392</ele>
        <time>2024-08-15T15:00:31.563Z</time>
      </trkpt>
      <trkpt lat="43.277723" lon="-4.152970">
        <ele>412.525</ele>
        <time>2024-08-15T15:00:32.563Z</time>
      </trkpt>
      <trkpt lat="43.277733" lon="-4.153106">
        <ele>413.745</ele>
        <time>2024-08-15T15:00:33.563Z</time>
      </trkpt>
      <trkpt lat="43.277727" lon="-4.153227">
        <ele>414.570</ele>
        <time>2024-08-15T15:00:34.563Z</time>
      </trkpt>
      <trkpt lat="43.277693" lon="-4.153346">
        <ele>416.561</ele>
        <time>2024-08-15T15:00:35.563Z</time>
      </trkpt>
      <trkpt lat="43.277655" lon="-4.153444">
        <ele>416.724</ele>
        <time>2024-08-15T15:00:36.563Z</time>
      </trkpt>
      <trkpt lat="43.277623" lon="-4.153516">
        <ele>416.688</ele>
        <time>2024-08-15T15:00:37.563Z</time>
      </trkpt>
      <trkpt lat="43.277602" lon="-4.153582">
        <ele>416.423</ele>
        <time>2024-08-15T15:00:38.564Z</time>
      </trkpt>
      <trkpt lat="43.277595" lon="-4.153746">
        <ele>416.237</ele>
        <time>2024-08-15T15:00:40.564Z</time>
      </trkpt>
      <trkpt lat="43.277622" lon="-4.153850">
        <ele>416.249</ele>
        <time>2024-08-15T15:00:41.564Z</time>
      </trkpt>
      <trkpt lat="43.277737" lon="-4.154062">
        <ele>416.413</ele>
        <time>2024-08-15T15:00:43.563Z</time>
      </trkpt>
      <trkpt lat="43.277802" lon="-4.154162">
        <ele>416.309</ele>
        <time>2024-08-15T15:00:44.563Z</time>
      </trkpt>
      <trkpt lat="43.277861" lon="-4.154256">
        <ele>416.364</ele>
        <time>2024-08-15T15:00:45.563Z</time>
      </trkpt>
      <trkpt lat="43.277917" lon="-4.154358">
        <ele>417.051</ele>
        <time>2024-08-15T15:00:46.563Z</time>
      </trkpt>
      <trkpt lat="43.277965" lon="-4.154467">
        <ele>417.024</ele>
        <time>2024-08-15T15:00:47.563Z</time>
      </trkpt>
      <trkpt lat="43.278000" lon="-4.154573">
        <ele>416.434</ele>
        <time>2024-08-15T15:00:48.563Z</time>
      </trkpt>
      <trkpt lat="43.278030" lon="-4.154688">
        <ele>416.029</ele>
        <time>2024-08-15T15:00:49.563Z</time>
      </trkpt>
      <trkpt lat="43.278053" lon="-4.154807">
        <ele>415.950</ele>
        <time>2024-08-15T15:00:50.563Z</time>
      </trkpt>
      <trkpt lat="43.278072" lon="-4.154923">
        <ele>415.713</ele>
        <time>2024-08-15T15:00:51.564Z</time>
      </trkpt>
      <trkpt lat="43.278094" lon="-4.155041">
        <ele>415.627</ele>
        <time>2024-08-15T15:00:52.564Z</time>
      </trkpt>
      <trkpt lat="43.278131" lon="-4.155162">
        <ele>415.672</ele>
        <time>2024-08-15T15:00:53.564Z</time>
      </trkpt>
      <trkpt lat="43.278183" lon="-4.155282">
        <ele>415.841</ele>
        <time>2024-08-15T15:00:54.564Z</time>
      </trkpt>
      <trkpt lat="43.278250" lon="-4.155396">
        <ele>415.881</ele>
        <time>2024-08-15T15:00:55.564Z</time>
      </trkpt>
      <trkpt lat="43.278328" lon="-4.155501">
        <ele>415.609</ele>
        <time>2024-08-15T15:00:56.564Z</time>
      </trkpt>
      <trkpt lat="43.278415" lon="-4.155585">
        <ele>415.509</ele>
        <time>2024-08-15T15:00:57.564Z</time>
      </trkpt>
      <trkpt lat="43.278502" lon="-4.155651">
        <ele>415.375</ele>
        <time>2024-08-15T15:00:58.564Z</time>
      </trkpt>
      <trkpt lat="43.278587" lon="-4.155708">
        <ele>414.992</ele>
        <time>2024-08-15T15:00:59.564Z</time>
      </trkpt>
      <trkpt lat="43.278652" lon="-4.155757">
        <ele>414.725</ele>
        <time>2024-08-15T15:01:00.564Z</time>
      </trkpt>
      <trkpt lat="43.278688" lon="-4.155824">
        <ele>414.455</ele>
        <time>2024-08-15T15:01:01.564Z</time>
      </trkpt>
      <trkpt lat="43.278693" lon="-4.155915">
        <ele>413.940</ele>
        <time>2024-08-15T15:01:02.564Z</time>
      </trkpt>
      <trkpt lat="43.278677" lon="-4.156032">
        <ele>413.671</ele>
        <time>2024-08-15T15:01:03.565Z</time>
      </trkpt>
      <trkpt lat="43.278646" lon="-4.156241">
        <ele>412.664</ele>
        <time>2024-08-15T15:01:05.564Z</time>
      </trkpt>
      <trkpt lat="43.278658" lon="-4.156347">
        <ele>412.068</ele>
        <time>2024-08-15T15:01:06.564Z</time>
      </trkpt>
      <trkpt lat="43.278692" lon="-4.156471">
        <ele>411.313</ele>
        <time>2024-08-15T15:01:07.564Z</time>
      </trkpt>
      <trkpt lat="43.278739" lon="-4.156607">
        <ele>410.623</ele>
        <time>2024-08-15T15:01:08.564Z</time>
      </trkpt>
      <trkpt lat="43.278771" lon="-4.156747">
        <ele>410.383</ele>
        <time>2024-08-15T15:01:09.564Z</time>
      </trkpt>
      <trkpt lat="43.278806" lon="-4.156893">
        <ele>410.811</ele>
        <time>2024-08-15T15:01:10.564Z</time>
      </trkpt>
      <trkpt lat="43.278850" lon="-4.157031">
        <ele>411.709</ele>
        <time>2024-08-15T15:01:11.564Z</time>
      </trkpt>
      <trkpt lat="43.278913" lon="-4.157147">
        <ele>412.193</ele>
        <time>2024-08-15T15:01:12.564Z</time>
      </trkpt>
      <trkpt lat="43.278991" lon="-4.157252">
        <ele>412.170</ele>
        <time>2024-08-15T15:01:13.564Z</time>
      </trkpt>
      <trkpt lat="43.279076" lon="-4.157340">
        <ele>412.353</ele>
        <time>2024-08-15T15:01:14.564Z</time>
      </trkpt>
      <trkpt lat="43.279154" lon="-4.157432">
        <ele>412.323</ele>
        <time>2024-08-15T15:01:15.564Z</time>
      </trkpt>
      <trkpt lat="43.279235" lon="-4.157527">
        <ele>412.788</ele>
        <time>2024-08-15T15:01:16.564Z</time>
      </trkpt>
      <trkpt lat="43.279321" lon="-4.157624">
        <ele>413.029</ele>
        <time>2024-08-15T15:01:17.564Z</time>
      </trkpt>
      <trkpt lat="43.279407" lon="-4.157719">
        <ele>413.222</ele>
        <time>2024-08-15T15:01:18.564Z</time>
      </trkpt>
      <trkpt lat="43.279496" lon="-4.157812">
        <ele>413.426</ele>
        <time>2024-08-15T15:01:19.564Z</time>
      </trkpt>
      <trkpt lat="43.279594" lon="-4.157903">
        <ele>413.671</ele>
        <time>2024-08-15T15:01:20.564Z</time>
      </trkpt>
      <trkpt lat="43.279692" lon="-4.157980">
        <ele>413.686</ele>
        <time>2024-08-15T15:01:21.564Z</time>
      </trkpt>
      <trkpt lat="43.279792" lon="-4.158060">
        <ele>413.260</ele>
        <time>2024-08-15T15:01:22.564Z</time>
      </trkpt>
      <trkpt lat="43.279885" lon="-4.158144">
        <ele>413.126</ele>
        <time>2024-08-15T15:01:23.564Z</time>
      </trkpt>
      <trkpt lat="43.279966" lon="-4.158236">
        <ele>412.509</ele>
        <time>2024-08-15T15:01:24.564Z</time>
      </trkpt>
      <trkpt lat="43.280023" lon="-4.158333">
        <ele>412.139</ele>
        <time>2024-08-15T15:01:25.564Z</time>
      </trkpt>
      <trkpt lat="43.280083" lon="-4.158413">
        <ele>411.966</ele>
        <time>2024-08-15T15:01:26.564Z</time>
      </trkpt>
      <trkpt lat="43.280163" lon="-4.158463">
        <ele>411.959</ele>
        <time>2024-08-15T15:01:27.564Z</time>
      </trkpt>
      <trkpt lat="43.280263" lon="-4.158490">
        <ele>411.999</ele>
        <time>2024-08-15T15:01:28.564Z</time>
      </trkpt>
      <trkpt lat="43.280352" lon="-4.158515">
        <ele>411.984</ele>
        <time>2024-08-15T15:01:29.564Z</time>
      </trkpt>
      <trkpt lat="43.280412" lon="-4.158571">
        <ele>411.485</ele>
        <time>2024-08-15T15:01:30.564Z</time>
      </trkpt>
      <trkpt lat="43.280450" lon="-4.158642">
        <ele>410.998</ele>
        <time>2024-08-15T15:01:31.564Z</time>
      </trkpt>
      <trkpt lat="43.280476" lon="-4.158725">
        <ele>410.492</ele>
        <time>2024-08-15T15:01:32.565Z</time>
      </trkpt>
      <trkpt lat="43.280492" lon="-4.158894">
        <ele>410.397</ele>
        <time>2024-08-15T15:01:34.564Z</time>
      </trkpt>
      <trkpt lat="43.280499" lon="-4.158995">
        <ele>409.259</ele>
        <time>2024-08-15T15:01:35.564Z</time>
      </trkpt>
      <trkpt lat="43.280500" lon="-4.159107">
        <ele>409.103</ele>
        <time>2024-08-15T15:01:36.564Z</time>
      </trkpt>
      <trkpt lat="43.280500" lon="-4.159215">
        <ele>409.123</ele>
        <time>2024-08-15T15:01:37.564Z</time>
      </trkpt>
      <trkpt lat="43.280499" lon="-4.159333">
        <ele>409.309</ele>
        <time>2024-08-15T15:01:38.565Z</time>
      </trkpt>
      <trkpt lat="43.280493" lon="-4.159452">
        <ele>409.756</ele>
        <time>2024-08-15T15:01:39.565Z</time>
      </trkpt>
      <trkpt lat="43.280487" lon="-4.159574">
        <ele>409.713</ele>
        <time>2024-08-15T15:01:40.565Z</time>
      </trkpt>
      <trkpt lat="43.280498" lon="-4.159783">
        <ele>409.226</ele>
        <time>2024-08-15T15:01:42.565Z</time>
      </trkpt>
      <trkpt lat="43.280514" lon="-4.159883">
        <ele>408.956</ele>
        <time>2024-08-15T15:01:43.565Z</time>
      </trkpt>
      <trkpt lat="43.280535" lon="-4.159991">
        <ele>408.661</ele>
        <time>2024-08-15T15:01:44.565Z</time>
      </trkpt>
      <trkpt lat="43.280602" lon="-4.160236">
        <ele>407.752</ele>
        <time>2024-08-15T15:01:46.564Z</time>
      </trkpt>
      <trkpt lat="43.280641" lon="-4.160370">
        <ele>406.715</ele>
        <time>2024-08-15T15:01:47.564Z</time>
      </trkpt>
      <trkpt lat="43.280682" lon="-4.160499">
        <ele>406.499</ele>
        <time>2024-08-15T15:01:48.565Z</time>
      </trkpt>
      <trkpt lat="43.280769" lon="-4.160725">
        <ele>405.854</ele>
        <time>2024-08-15T15:01:50.564Z</time>
      </trkpt>
      <trkpt lat="43.280815" lon="-4.160817">
        <ele>405.117</ele>
        <time>2024-08-15T15:01:51.565Z</time>
      </trkpt>
      <trkpt lat="43.280906" lon="-4.160932">
        <ele>404.287</ele>
        <time>2024-08-15T15:01:53.565Z</time>
      </trkpt>
      <trkpt lat="43.280965" lon="-4.160955">
        <ele>404.015</ele>
        <time>2024-08-15T15:01:54.565Z</time>
      </trkpt>
      <trkpt lat="43.281037" lon="-4.160949">
        <ele>404.009</ele>
        <time>2024-08-15T15:01:55.565Z</time>
      </trkpt>
      <trkpt lat="43.281107" lon="-4.160933">
        <ele>404.012</ele>
        <time>2024-08-15T15:01:56.565Z</time>
      </trkpt>
      <trkpt lat="43.281163" lon="-4.160940">
        <ele>404.099</ele>
        <time>2024-08-15T15:01:57.565Z</time>
      </trkpt>
      <trkpt lat="43.281201" lon="-4.161003">
        <ele>404.072</ele>
        <time>2024-08-15T15:01:59.565Z</time>
      </trkpt>
      <trkpt lat="43.281180" lon="-4.161125">
        <ele>404.082</ele>
        <time>2024-08-15T15:02:00.565Z</time>
      </trkpt>
      <trkpt lat="43.281134" lon="-4.161274">
        <ele>404.467</ele>
        <time>2024-08-15T15:02:01.565Z</time>
      </trkpt>
      <trkpt lat="43.281064" lon="-4.161452">
        <ele>408.318</ele>
        <time>2024-08-15T15:02:02.565Z</time>
      </trkpt>
      <trkpt lat="43.281027" lon="-4.161572">
        <ele>409.981</ele>
        <time>2024-08-15T15:02:03.565Z</time>
      </trkpt>
      <trkpt lat="43.281009" lon="-4.161673">
        <ele>408.145</ele>
        <time>2024-08-15T15:02:04.565Z</time>
      </trkpt>
      <trkpt lat="43.281016" lon="-4.161767">
        <ele>407.880</ele>
        <time>2024-08-15T15:02:05.565Z</time>
      </trkpt>
      <trkpt lat="43.281054" lon="-4.161896">
        <ele>406.199</ele>
        <time>2024-08-15T15:02:06.565Z</time>
      </trkpt>
      <trkpt lat="43.281119" lon="-4.162035">
        <ele>404.107</ele>
        <time>2024-08-15T15:02:07.565Z</time>
      </trkpt>
      <trkpt lat="43.281201" lon="-4.162239">
        <ele>402.227</ele>
        <time>2024-08-15T15:02:08.565Z</time>
      </trkpt>
      <trkpt lat="43.281268" lon="-4.162376">
        <ele>399.709</ele>
        <time>2024-08-15T15:02:09.565Z</time>
      </trkpt>
      <trkpt lat="43.281329" lon="-4.162494">
        <ele>397.180</ele>
        <time>2024-08-15T15:02:10.565Z</time>
      </trkpt>
      <trkpt lat="43.281394" lon="-4.162586">
        <ele>396.927</ele>
        <time>2024-08-15T15:02:11.565Z</time>
      </trkpt>
      <trkpt lat="43.281471" lon="-4.162664">
        <ele>396.410</ele>
        <time>2024-08-15T15:02:12.565Z</time>
      </trkpt>
      <trkpt lat="43.281545" lon="-4.162746">
        <ele>396.070</ele>
        <time>2024-08-15T15:02:13.565Z</time>
      </trkpt>
      <trkpt lat="43.281603" lon="-4.162821">
        <ele>395.025</ele>
        <time>2024-08-15T15:02:14.565Z</time>
      </trkpt>
      <trkpt lat="43.281649" lon="-4.162915">
        <ele>394.286</ele>
        <time>2024-08-15T15:02:15.565Z</time>
      </trkpt>
      <trkpt lat="43.281675" lon="-4.163014">
        <ele>393.439</ele>
        <time>2024-08-15T15:02:16.565Z</time>
      </trkpt>
      <trkpt lat="43.281705" lon="-4.163120">
        <ele>392.133</ele>
        <time>2024-08-15T15:02:17.565Z</time>
      </trkpt>
      <trkpt lat="43.281730" lon="-4.163229">
        <ele>391.428</ele>
        <time>2024-08-15T15:02:18.565Z</time>
      </trkpt>
      <trkpt lat="43.281736" lon="-4.163334">
        <ele>390.977</ele>
        <time>2024-08-15T15:02:19.565Z</time>
      </trkpt>
      <trkpt lat="43.281722" lon="-4.163436">
        <ele>390.161</ele>
        <time>2024-08-15T15:02:20.565Z</time>
      </trkpt>
      <trkpt lat="43.281704" lon="-4.163537">
        <ele>389.327</ele>
        <time>2024-08-15T15:02:21.565Z</time>
      </trkpt>
      <trkpt lat="43.281702" lon="-4.163642">
        <ele>388.609</ele>
        <time>2024-08-15T15:02:22.565Z</time>
      </trkpt>
      <trkpt lat="43.281725" lon="-4.163757">
        <ele>387.878</ele>
        <time>2024-08-15T15:02:23.565Z</time>
      </trkpt>
      <trkpt lat="43.281769" lon="-4.163877">
        <ele>387.025</ele>
        <time>2024-08-15T15:02:24.565Z</time>
      </trkpt>
      <trkpt lat="43.281816" lon="-4.163986">
        <ele>386.118</ele>
        <time>2024-08-15T15:02:25.565Z</time>
      </trkpt>
      <trkpt lat="43.281855" lon="-4.164092">
        <ele>385.338</ele>
        <time>2024-08-15T15:02:26.566Z</time>
      </trkpt>
      <trkpt lat="43.281888" lon="-4.164203">
        <ele>384.723</ele>
        <time>2024-08-15T15:02:27.566Z</time>
      </trkpt>
      <trkpt lat="43.281945" lon="-4.164417">
        <ele>383.024</ele>
        <time>2024-08-15T15:02:29.565Z</time>
      </trkpt>
      <trkpt lat="43.281975" lon="-4.164507">
        <ele>382.177</ele>
        <time>2024-08-15T15:02:30.565Z</time>
      </trkpt>
      <trkpt lat="43.282008" lon="-4.164585">
        <ele>381.081</ele>
        <time>2024-08-15T15:02:31.565Z</time>
      </trkpt>
      <trkpt lat="43.282043" lon="-4.164658">
        <ele>379.856</ele>
        <time>2024-08-15T15:02:32.566Z</time>
      </trkpt>
      <trkpt lat="43.282087" lon="-4.164714">
        <ele>378.682</ele>
        <time>2024-08-15T15:02:33.566Z</time>
      </trkpt>
      <trkpt lat="43.282206" lon="-4.164746">
        <ele>377.543</ele>
        <time>2024-08-15T15:02:35.565Z</time>
      </trkpt>
      <trkpt lat="43.282268" lon="-4.164706">
        <ele>376.817</ele>
        <time>2024-08-15T15:02:36.566Z</time>
      </trkpt>
      <trkpt lat="43.282304" lon="-4.164644">
        <ele>376.709</ele>
        <time>2024-08-15T15:02:37.566Z</time>
      </trkpt>
      <trkpt lat="43.282376" lon="-4.164446">
        <ele>375.129</ele>
        <time>2024-08-15T15:02:39.566Z</time>
      </trkpt>
      <trkpt lat="43.282430" lon="-4.164391">
        <ele>374.056</ele>
        <time>2024-08-15T15:02:40.566Z</time>
      </trkpt>
      <trkpt lat="43.282491" lon="-4.164386">
        <ele>373.269</ele>
        <time>2024-08-15T15:02:41.566Z</time>
      </trkpt>
      <trkpt lat="43.282563" lon="-4.164401">
        <ele>371.949</ele>
        <time>2024-08-15T15:02:42.566Z</time>
      </trkpt>
      <trkpt lat="43.282634" lon="-4.164433">
        <ele>370.934</ele>
        <time>2024-08-15T15:02:43.566Z</time>
      </trkpt>
      <trkpt lat="43.282706" lon="-4.164503">
        <ele>370.465</ele>
        <time>2024-08-15T15:02:44.567Z</time>
      </trkpt>
      <trkpt lat="43.282852" lon="-4.164605">
        <ele>367.548</ele>
        <time>2024-08-15T15:02:46.566Z</time>
      </trkpt>
      <trkpt lat="43.282922" lon="-4.164639">
        <ele>366.272</ele>
        <time>2024-08-15T15:02:47.566Z</time>
      </trkpt>
      <trkpt lat="43.282993" lon="-4.164672">
        <ele>365.067</ele>
        <time>2024-08-15T15:02:48.566Z</time>
      </trkpt>
      <trkpt lat="43.283058" lon="-4.164711">
        <ele>364.377</ele>
        <time>2024-08-15T15:02:49.566Z</time>
      </trkpt>
      <trkpt lat="43.283117" lon="-4.164747">
        <ele>363.461</ele>
        <time>2024-08-15T15:02:50.566Z</time>
      </trkpt>
      <trkpt lat="43.283172" lon="-4.164786">
        <ele>362.427</ele>
        <time>2024-08-15T15:02:51.566Z</time>
      </trkpt>
      <trkpt lat="43.283225" lon="-4.164833">
        <ele>361.409</ele>
        <time>2024-08-15T15:02:52.566Z</time>
      </trkpt>
      <trkpt lat="43.283273" lon="-4.164890">
        <ele>360.988</ele>
        <time>2024-08-15T15:02:53.566Z</time>
      </trkpt>
      <trkpt lat="43.283312" lon="-4.164959">
        <ele>359.645</ele>
        <time>2024-08-15T15:02:54.566Z</time>
      </trkpt>
      <trkpt lat="43.283339" lon="-4.165038">
        <ele>358.688</ele>
        <time>2024-08-15T15:02:55.566Z</time>
      </trkpt>
      <trkpt lat="43.283353" lon="-4.165134">
        <ele>357.478</ele>
        <time>2024-08-15T15:02:56.566Z</time>
      </trkpt>
      <trkpt lat="43.283349" lon="-4.165246">
        <ele>356.313</ele>
        <time>2024-08-15T15:02:57.567Z</time>
      </trkpt>
      <trkpt lat="43.283280" lon="-4.165461">
        <ele>353.074</ele>
        <time>2024-08-15T15:02:59.566Z</time>
      </trkpt>
      <trkpt lat="43.283233" lon="-4.165550">
        <ele>351.737</ele>
        <time>2024-08-15T15:03:00.566Z</time>
      </trkpt>
      <trkpt lat="43.283191" lon="-4.165630">
        <ele>350.371</ele>
        <time>2024-08-15T15:03:01.566Z</time>
      </trkpt>
      <trkpt lat="43.283153" lon="-4.165716">
        <ele>349.366</ele>
        <time>2024-08-15T15:03:02.566Z</time>
      </trkpt>
      <trkpt lat="43.283128" lon="-4.165808">
        <ele>348.447</ele>
        <time>2024-08-15T15:03:03.566Z</time>
      </trkpt>
      <trkpt lat="43.283115" lon="-4.165905">
        <ele>347.729</ele>
        <time>2024-08-15T15:03:04.566Z</time>
      </trkpt>
      <trkpt lat="43.283115" lon="-4.166004">
        <ele>347.021</ele>
        <time>2024-08-15T15:03:05.566Z</time>
      </trkpt>
      <trkpt lat="43.283125" lon="-4.166103">
        <ele>346.209</ele>
        <time>2024-08-15T15:03:06.566Z</time>
      </trkpt>
      <trkpt lat="43.283134" lon="-4.166201">
        <ele>345.565</ele>
        <time>2024-08-15T15:03:07.566Z</time>
      </trkpt>
      <trkpt lat="43.283138" lon="-4.166294">
        <ele>344.922</ele>
        <time>2024-08-15T15:03:08.566Z</time>
      </trkpt>
      <trkpt lat="43.283136" lon="-4.166379">
        <ele>344.285</ele>
        <time>2024-08-15T15:03:09.566Z</time>
      </trkpt>
      <trkpt lat="43.283134" lon="-4.166453">
        <ele>343.215</ele>
        <time>2024-08-15T15:03:10.566Z</time>
      </trkpt>
      <trkpt lat="43.283154" lon="-4.166534">
        <ele>342.540</ele>
        <time>2024-08-15T15:03:11.566Z</time>
      </trkpt>
      <trkpt lat="43.283187" lon="-4.166613">
        <ele>341.141</ele>
        <time>2024-08-15T15:03:12.566Z</time>
      </trkpt>
      <trkpt lat="43.283245" lon="-4.166679">
        <ele>340.474</ele>
        <time>2024-08-15T15:03:13.566Z</time>
      </trkpt>
      <trkpt lat="43.283334" lon="-4.166706">
        <ele>338.958</ele>
        <time>2024-08-15T15:03:14.566Z</time>
      </trkpt>
      <trkpt lat="43.283434" lon="-4.166705">
        <ele>338.553</ele>
        <time>2024-08-15T15:03:15.566Z</time>
      </trkpt>
      <trkpt lat="43.283531" lon="-4.166700">
        <ele>338.116</ele>
        <time>2024-08-15T15:03:16.567Z</time>
      </trkpt>
      <trkpt lat="43.283732" lon="-4.166750">
        <ele>335.376</ele>
        <time>2024-08-15T15:03:18.566Z</time>
      </trkpt>
      <trkpt lat="43.283834" lon="-4.166805">
        <ele>333.613</ele>
        <time>2024-08-15T15:03:19.566Z</time>
      </trkpt>
      <trkpt lat="43.283924" lon="-4.166866">
        <ele>332.609</ele>
        <time>2024-08-15T15:03:20.566Z</time>
      </trkpt>
      <trkpt lat="43.284009" lon="-4.166914">
        <ele>331.592</ele>
        <time>2024-08-15T15:03:21.566Z</time>
      </trkpt>
      <trkpt lat="43.284100" lon="-4.166943">
        <ele>331.129</ele>
        <time>2024-08-15T15:03:22.566Z</time>
      </trkpt>
      <trkpt lat="43.284189" lon="-4.166960">
        <ele>330.542</ele>
        <time>2024-08-15T15:03:23.567Z</time>
      </trkpt>
      <trkpt lat="43.284377" lon="-4.166983">
        <ele>331.492</ele>
        <time>2024-08-15T15:03:25.567Z</time>
      </trkpt>
      <trkpt lat="43.284441" lon="-4.166997">
        <ele>332.087</ele>
        <time>2024-08-15T15:03:26.567Z</time>
      </trkpt>
      <trkpt lat="43.284521" lon="-4.167046">
        <ele>331.728</ele>
        <time>2024-08-15T15:03:28.567Z</time>
      </trkpt>
      <trkpt lat="43.284554" lon="-4.167137">
        <ele>330.971</ele>
        <time>2024-08-15T15:03:30.567Z</time>
      </trkpt>
      <trkpt lat="43.284559" lon="-4.167212">
        <ele>331.015</ele>
        <time>2024-08-15T15:03:32.567Z</time>
      </trkpt>
      <trkpt lat="43.284575" lon="-4.167304">
        <ele>331.290</ele>
        <time>2024-08-15T15:03:34.567Z</time>
      </trkpt>
      <trkpt lat="43.284597" lon="-4.167403">
        <ele>331.052</ele>
        <time>2024-08-15T15:03:36.567Z</time>
      </trkpt>
      <trkpt lat="43.284629" lon="-4.167502">
        <ele>331.253</ele>
        <time>2024-08-15T15:03:38.567Z</time>
      </trkpt>
      <trkpt lat="43.284682" lon="-4.167594">
        <ele>331.208</ele>
        <time>2024-08-15T15:03:40.567Z</time>
      </trkpt>
      <trkpt lat="43.284741" lon="-4.167675">
        <ele>331.209</ele>
        <time>2024-08-15T15:03:42.567Z</time>
      </trkpt>
      <trkpt lat="43.284794" lon="-4.167757">
        <ele>331.356</ele>
        <time>2024-08-15T15:03:44.567Z</time>
      </trkpt>
      <trkpt lat="43.284846" lon="-4.167848">
        <ele>331.393</ele>
        <time>2024-08-15T15:03:46.567Z</time>
      </trkpt>
      <trkpt lat="43.284876" lon="-4.167900">
        <ele>331.366</ele>
        <time>2024-08-15T15:03:47.567Z</time>
      </trkpt>
      <trkpt lat="43.284929" lon="-4.167986">
        <ele>331.396</ele>
        <time>2024-08-15T15:03:49.567Z</time>
      </trkpt>
      <trkpt lat="43.284969" lon="-4.168047">
        <ele>331.131</ele>
        <time>2024-08-15T15:03:51.567Z</time>
      </trkpt>
      <trkpt lat="43.284996" lon="-4.168105">
        <ele>330.782</ele>
        <time>2024-08-15T15:03:53.567Z</time>
      </trkpt>
      <trkpt lat="43.285019" lon="-4.168173">
        <ele>330.595</ele>
        <time>2024-08-15T15:03:57.567Z</time>
      </trkpt>
      <trkpt lat="43.285005" lon="-4.168110">
        <ele>329.379</ele>
        <time>2024-08-15T15:04:41.568Z</time>
      </trkpt>
      <trkpt lat="43.284978" lon="-4.168056">
        <ele>329.314</ele>
        <time>2024-08-15T15:04:42.568Z</time>
      </trkpt>
      <trkpt lat="43.284944" lon="-4.167997">
        <ele>329.314</ele>
        <time>2024-08-15T15:04:43.568Z</time>
      </trkpt>
      <trkpt lat="43.284905" lon="-4.167929">
        <ele>329.354</ele>
        <time>2024-08-15T15:04:44.568Z</time>
      </trkpt>
      <trkpt lat="43.284860" lon="-4.167853">
        <ele>329.309</ele>
        <time>2024-08-15T15:04:45.568Z</time>
      </trkpt>
      <trkpt lat="43.284813" lon="-4.167773">
        <ele>328.509</ele>
        <time>2024-08-15T15:04:46.568Z</time>
      </trkpt>
      <trkpt lat="43.284757" lon="-4.167683">
        <ele>328.052</ele>
        <time>2024-08-15T15:04:47.568Z</time>
      </trkpt>
      <trkpt lat="43.284701" lon="-4.167595">
        <ele>328.099</ele>
        <time>2024-08-15T15:04:48.568Z</time>
      </trkpt>
      <trkpt lat="43.284647" lon="-4.167517">
        <ele>328.012</ele>
        <time>2024-08-15T15:04:49.568Z</time>
      </trkpt>
      <trkpt lat="43.284597" lon="-4.167443">
        <ele>328.092</ele>
        <time>2024-08-15T15:04:50.568Z</time>
      </trkpt>
      <trkpt lat="43.284556" lon="-4.167365">
        <ele>328.097</ele>
        <time>2024-08-15T15:04:51.568Z</time>
      </trkpt>
      <trkpt lat="43.284534" lon="-4.167268">
        <ele>328.028</ele>
        <time>2024-08-15T15:04:52.568Z</time>
      </trkpt>
      <trkpt lat="43.284521" lon="-4.167158">
        <ele>328.091</ele>
        <time>2024-08-15T15:04:53.568Z</time>
      </trkpt>
      <trkpt lat="43.284505" lon="-4.167058">
        <ele>328.175</ele>
        <time>2024-08-15T15:04:54.568Z</time>
      </trkpt>
      <trkpt lat="43.284477" lon="-4.166987">
        <ele>328.110</ele>
        <time>2024-08-15T15:04:55.569Z</time>
      </trkpt>
      <trkpt lat="43.284372" lon="-4.166902">
        <ele>328.578</ele>
        <time>2024-08-15T15:04:57.568Z</time>
      </trkpt>
      <trkpt lat="43.284270" lon="-4.166870">
        <ele>328.833</ele>
        <time>2024-08-15T15:04:58.568Z</time>
      </trkpt>
      <trkpt lat="43.284185" lon="-4.166859">
        <ele>329.526</ele>
        <time>2024-08-15T15:04:59.568Z</time>
      </trkpt>
      <trkpt lat="43.284081" lon="-4.166867">
        <ele>329.509</ele>
        <time>2024-08-15T15:05:00.568Z</time>
      </trkpt>
      <trkpt lat="43.283960" lon="-4.166863">
        <ele>329.988</ele>
        <time>2024-08-15T15:05:01.568Z</time>
      </trkpt>
      <trkpt lat="43.283856" lon="-4.166855">
        <ele>329.955</ele>
        <time>2024-08-15T15:05:02.568Z</time>
      </trkpt>
      <trkpt lat="43.283774" lon="-4.166822">
        <ele>329.918</ele>
        <time>2024-08-15T15:05:03.568Z</time>
      </trkpt>
      <trkpt lat="43.283702" lon="-4.166774">
        <ele>329.928</ele>
        <time>2024-08-15T15:05:04.568Z</time>
      </trkpt>
      <trkpt lat="43.283625" lon="-4.166708">
        <ele>330.083</ele>
        <time>2024-08-15T15:05:05.568Z</time>
      </trkpt>
      <trkpt lat="43.283552" lon="-4.166675">
        <ele>330.024</ele>
        <time>2024-08-15T15:05:06.568Z</time>
      </trkpt>
      <trkpt lat="43.283479" lon="-4.166647">
        <ele>330.147</ele>
        <time>2024-08-15T15:05:07.568Z</time>
      </trkpt>
      <trkpt lat="43.283399" lon="-4.166637">
        <ele>330.281</ele>
        <time>2024-08-15T15:05:08.569Z</time>
      </trkpt>
      <trkpt lat="43.283283" lon="-4.166678">
        <ele>330.056</ele>
        <time>2024-08-15T15:05:10.568Z</time>
      </trkpt>
      <trkpt lat="43.283221" lon="-4.166698">
        <ele>330.099</ele>
        <time>2024-08-15T15:05:12.568Z</time>
      </trkpt>
      <trkpt lat="43.283171" lon="-4.166611">
        <ele>330.307</ele>
        <time>2024-08-15T15:05:14.568Z</time>
      </trkpt>
      <trkpt lat="43.283152" lon="-4.166538">
        <ele>330.627</ele>
        <time>2024-08-15T15:05:15.569Z</time>
      </trkpt>
      <trkpt lat="43.283124" lon="-4.166377">
        <ele>331.209</ele>
        <time>2024-08-15T15:05:17.568Z</time>
      </trkpt>
      <trkpt lat="43.283127" lon="-4.166288">
        <ele>332.330</ele>
        <time>2024-08-15T15:05:18.569Z</time>
      </trkpt>
      <trkpt lat="43.283133" lon="-4.166195">
        <ele>333.147</ele>
        <time>2024-08-15T15:05:19.569Z</time>
      </trkpt>
      <trkpt lat="43.283134" lon="-4.165980">
        <ele>335.520</ele>
        <time>2024-08-15T15:05:21.568Z</time>
      </trkpt>
      <trkpt lat="43.283134" lon="-4.165866">
        <ele>336.210</ele>
        <time>2024-08-15T15:05:22.568Z</time>
      </trkpt>
      <trkpt lat="43.283130" lon="-4.165759">
        <ele>337.175</ele>
        <time>2024-08-15T15:05:23.568Z</time>
      </trkpt>
      <trkpt lat="43.283146" lon="-4.165663">
        <ele>338.676</ele>
        <time>2024-08-15T15:05:24.569Z</time>
      </trkpt>
      <trkpt lat="43.283174" lon="-4.165579">
        <ele>339.839</ele>
        <time>2024-08-15T15:05:25.569Z</time>
      </trkpt>
      <trkpt lat="43.283209" lon="-4.165494">
        <ele>340.953</ele>
        <time>2024-08-15T15:05:26.569Z</time>
      </trkpt>
      <trkpt lat="43.283251" lon="-4.165401">
        <ele>342.598</ele>
        <time>2024-08-15T15:05:27.569Z</time>
      </trkpt>
      <trkpt lat="43.283286" lon="-4.165321">
        <ele>343.461</ele>
        <time>2024-08-15T15:05:28.569Z</time>
      </trkpt>
      <trkpt lat="43.283328" lon="-4.165209">
        <ele>343.421</ele>
        <time>2024-08-15T15:05:29.569Z</time>
      </trkpt>
      <trkpt lat="43.283352" lon="-4.165107">
        <ele>343.813</ele>
        <time>2024-08-15T15:05:30.569Z</time>
      </trkpt>
      <trkpt lat="43.283345" lon="-4.164993">
        <ele>344.609</ele>
        <time>2024-08-15T15:05:31.569Z</time>
      </trkpt>
      <trkpt lat="43.283311" lon="-4.164891">
        <ele>345.587</ele>
        <time>2024-08-15T15:05:32.569Z</time>
      </trkpt>
      <trkpt lat="43.283235" lon="-4.164790">
        <ele>346.824</ele>
        <time>2024-08-15T15:05:33.569Z</time>
      </trkpt>
      <trkpt lat="43.283147" lon="-4.164715">
        <ele>348.977</ele>
        <time>2024-08-15T15:05:34.569Z</time>
      </trkpt>
      <trkpt lat="43.283051" lon="-4.164667">
        <ele>351.697</ele>
        <time>2024-08-15T15:05:35.569Z</time>
      </trkpt>
      <trkpt lat="43.282951" lon="-4.164634">
        <ele>352.612</ele>
        <time>2024-08-15T15:05:36.569Z</time>
      </trkpt>
      <trkpt lat="43.282856" lon="-4.164609">
        <ele>354.513</ele>
        <time>2024-08-15T15:05:37.569Z</time>
      </trkpt>
      <trkpt lat="43.282762" lon="-4.164584">
        <ele>355.716</ele>
        <time>2024-08-15T15:05:38.569Z</time>
      </trkpt>
      <trkpt lat="43.282681" lon="-4.164559">
        <ele>357.880</ele>
        <time>2024-08-15T15:05:39.569Z</time>
      </trkpt>
      <trkpt lat="43.282595" lon="-4.164526">
        <ele>359.785</ele>
        <time>2024-08-15T15:05:40.569Z</time>
      </trkpt>
      <trkpt lat="43.282519" lon="-4.164477">
        <ele>360.553</ele>
        <time>2024-08-15T15:05:41.569Z</time>
      </trkpt>
      <trkpt lat="43.282450" lon="-4.164420">
        <ele>362.304</ele>
        <time>2024-08-15T15:05:42.569Z</time>
      </trkpt>
      <trkpt lat="43.282393" lon="-4.164392">
        <ele>363.914</ele>
        <time>2024-08-15T15:05:43.569Z</time>
      </trkpt>
      <trkpt lat="43.282336" lon="-4.164405">
        <ele>365.209</ele>
        <time>2024-08-15T15:05:44.569Z</time>
      </trkpt>
      <trkpt lat="43.282283" lon="-4.164455">
        <ele>366.876</ele>
        <time>2024-08-15T15:05:45.569Z</time>
      </trkpt>
      <trkpt lat="43.282230" lon="-4.164548">
        <ele>367.843</ele>
        <time>2024-08-15T15:05:46.569Z</time>
      </trkpt>
      <trkpt lat="43.282186" lon="-4.164631">
        <ele>369.676</ele>
        <time>2024-08-15T15:05:47.569Z</time>
      </trkpt>
      <trkpt lat="43.282155" lon="-4.164729">
        <ele>369.776</ele>
        <time>2024-08-15T15:05:48.569Z</time>
      </trkpt>
      <trkpt lat="43.282092" lon="-4.164784">
        <ele>369.181</ele>
        <time>2024-08-15T15:05:50.569Z</time>
      </trkpt>
      <trkpt lat="43.282049" lon="-4.164807">
        <ele>369.532</ele>
        <time>2024-08-15T15:05:51.569Z</time>
      </trkpt>
      <trkpt lat="43.281996" lon="-4.164809">
        <ele>369.625</ele>
        <time>2024-08-15T15:05:52.569Z</time>
      </trkpt>
      <trkpt lat="43.281938" lon="-4.164783">
        <ele>370.119</ele>
        <time>2024-08-15T15:05:53.569Z</time>
      </trkpt>
      <trkpt lat="43.281870" lon="-4.164723">
        <ele>370.914</ele>
        <time>2024-08-15T15:05:54.569Z</time>
      </trkpt>
      <trkpt lat="43.281799" lon="-4.164642">
        <ele>371.895</ele>
        <time>2024-08-15T15:05:55.569Z</time>
      </trkpt>
      <trkpt lat="43.281726" lon="-4.164559">
        <ele>371.949</ele>
        <time>2024-08-15T15:05:56.569Z</time>
      </trkpt>
      <trkpt lat="43.281650" lon="-4.164478">
        <ele>371.723</ele>
        <time>2024-08-15T15:05:57.569Z</time>
      </trkpt>
      <trkpt lat="43.281575" lon="-4.164399">
        <ele>371.109</ele>
        <time>2024-08-15T15:05:58.569Z</time>
      </trkpt>
      <trkpt lat="43.281504" lon="-4.164324">
        <ele>370.870</ele>
        <time>2024-08-15T15:05:59.569Z</time>
      </trkpt>
      <trkpt lat="43.281441" lon="-4.164252">
        <ele>370.717</ele>
        <time>2024-08-15T15:06:00.569Z</time>
      </trkpt>
      <trkpt lat="43.281383" lon="-4.164189">
        <ele>370.630</ele>
        <time>2024-08-15T15:06:01.569Z</time>
      </trkpt>
      <trkpt lat="43.281326" lon="-4.164144">
        <ele>370.370</ele>
        <time>2024-08-15T15:06:02.569Z</time>
      </trkpt>
      <trkpt lat="43.281274" lon="-4.164129">
        <ele>370.045</ele>
        <time>2024-08-15T15:06:03.569Z</time>
      </trkpt>
      <trkpt lat="43.281223" lon="-4.164147">
        <ele>369.896</ele>
        <time>2024-08-15T15:06:04.569Z</time>
      </trkpt>
      <trkpt lat="43.281169" lon="-4.164196">
        <ele>369.899</ele>
        <time>2024-08-15T15:06:05.570Z</time>
      </trkpt>
      <trkpt lat="43.281150" lon="-4.164279">
        <ele>369.253</ele>
        <time>2024-08-15T15:06:06.570Z</time>
      </trkpt>
      <trkpt lat="43.281157" lon="-4.164387">
        <ele>369.098</ele>
        <time>2024-08-15T15:06:07.570Z</time>
      </trkpt>
      <trkpt lat="43.281241" lon="-4.164619">
        <ele>368.543</ele>
        <time>2024-08-15T15:06:09.570Z</time>
      </trkpt>
      <trkpt lat="43.281317" lon="-4.164730">
        <ele>366.264</ele>
        <time>2024-08-15T15:06:11.570Z</time>
      </trkpt>
      <trkpt lat="43.281360" lon="-4.164758">
        <ele>365.310</ele>
        <time>2024-08-15T15:06:13.570Z</time>
      </trkpt>
      <trkpt lat="43.281319" lon="-4.164658">
        <ele>364.209</ele>
        <time>2024-08-15T15:10:11.574Z</time>
      </trkpt>
      <trkpt lat="43.281286" lon="-4.164595">
        <ele>364.285</ele>
        <time>2024-08-15T15:10:12.574Z</time>
      </trkpt>
      <trkpt lat="43.281258" lon="-4.164530">
        <ele>364.282</ele>
        <time>2024-08-15T15:10:13.574Z</time>
      </trkpt>
      <trkpt lat="43.281227" lon="-4.164461">
        <ele>364.525</ele>
        <time>2024-08-15T15:10:14.574Z</time>
      </trkpt>
      <trkpt lat="43.281201" lon="-4.164386">
        <ele>366.375</ele>
        <time>2024-08-15T15:10:15.574Z</time>
      </trkpt>
      <trkpt lat="43.281188" lon="-4.164317">
        <ele>366.290</ele>
        <time>2024-08-15T15:10:16.574Z</time>
      </trkpt>
      <trkpt lat="43.281192" lon="-4.164245">
        <ele>366.241</ele>
        <time>2024-08-15T15:10:17.574Z</time>
      </trkpt>
      <trkpt lat="43.281214" lon="-4.164174">
        <ele>366.254</ele>
        <time>2024-08-15T15:10:18.574Z</time>
      </trkpt>
      <trkpt lat="43.281252" lon="-4.164133">
        <ele>366.388</ele>
        <time>2024-08-15T15:10:19.574Z</time>
      </trkpt>
      <trkpt lat="43.281307" lon="-4.164131">
        <ele>366.613</ele>
        <time>2024-08-15T15:10:20.574Z</time>
      </trkpt>
      <trkpt lat="43.281370" lon="-4.164147">
        <ele>367.218</ele>
        <time>2024-08-15T15:10:21.574Z</time>
      </trkpt>
      <trkpt lat="43.281436" lon="-4.164199">
        <ele>369.198</ele>
        <time>2024-08-15T15:10:22.574Z</time>
      </trkpt>
      <trkpt lat="43.281513" lon="-4.164284">
        <ele>370.017</ele>
        <time>2024-08-15T15:10:23.574Z</time>
      </trkpt>
      <trkpt lat="43.281588" lon="-4.164376">
        <ele>370.709</ele>
        <time>2024-08-15T15:10:24.574Z</time>
      </trkpt>
      <trkpt lat="43.281660" lon="-4.164463">
        <ele>371.052</ele>
        <time>2024-08-15T15:10:25.574Z</time>
      </trkpt>
      <trkpt lat="43.281735" lon="-4.164546">
        <ele>371.059</ele>
        <time>2024-08-15T15:10:26.574Z</time>
      </trkpt>
      <trkpt lat="43.281812" lon="-4.164632">
        <ele>371.152</ele>
        <time>2024-08-15T15:10:27.574Z</time>
      </trkpt>
      <trkpt lat="43.281897" lon="-4.164718">
        <ele>371.742</ele>
        <time>2024-08-15T15:10:28.574Z</time>
      </trkpt>
      <trkpt lat="43.281969" lon="-4.164779">
        <ele>371.717</ele>
        <time>2024-08-15T15:10:29.574Z</time>
      </trkpt>
      <trkpt lat="43.282035" lon="-4.164810">
        <ele>371.718</ele>
        <time>2024-08-15T15:10:30.574Z</time>
      </trkpt>
      <trkpt lat="43.282093" lon="-4.164814">
        <ele>371.841</ele>
        <time>2024-08-15T15:10:31.574Z</time>
      </trkpt>
      <trkpt lat="43.282141" lon="-4.164795">
        <ele>371.965</ele>
        <time>2024-08-15T15:10:32.574Z</time>
      </trkpt>
      <trkpt lat="43.282213" lon="-4.164707">
        <ele>372.960</ele>
        <time>2024-08-15T15:10:34.574Z</time>
      </trkpt>
      <trkpt lat="43.282257" lon="-4.164637">
        <ele>373.688</ele>
        <time>2024-08-15T15:10:35.574Z</time>
      </trkpt>
      <trkpt lat="43.282299" lon="-4.164558">
        <ele>373.624</ele>
        <time>2024-08-15T15:10:36.574Z</time>
      </trkpt>
      <trkpt lat="43.282334" lon="-4.164474">
        <ele>373.626</ele>
        <time>2024-08-15T15:10:37.574Z</time>
      </trkpt>
      <trkpt lat="43.282373" lon="-4.164412">
        <ele>373.609</ele>
        <time>2024-08-15T15:10:38.574Z</time>
      </trkpt>
      <trkpt lat="43.282426" lon="-4.164382">
        <ele>373.329</ele>
        <time>2024-08-15T15:10:39.574Z</time>
      </trkpt>
      <trkpt lat="43.282480" lon="-4.164373">
        <ele>372.836</ele>
        <time>2024-08-15T15:10:40.574Z</time>
      </trkpt>
      <trkpt lat="43.282539" lon="-4.164366">
        <ele>371.879</ele>
        <time>2024-08-15T15:10:41.574Z</time>
      </trkpt>
      <trkpt lat="43.282632" lon="-4.164436">
        <ele>371.179</ele>
        <time>2024-08-15T15:10:42.574Z</time>
      </trkpt>
      <trkpt lat="43.282738" lon="-4.164531">
        <ele>370.344</ele>
        <time>2024-08-15T15:10:43.574Z</time>
      </trkpt>
      <trkpt lat="43.282852" lon="-4.164600">
        <ele>368.255</ele>
        <time>2024-08-15T15:10:44.574Z</time>
      </trkpt>
      <trkpt lat="43.282945" lon="-4.164647">
        <ele>365.818</ele>
        <time>2024-08-15T15:10:45.574Z</time>
      </trkpt>
      <trkpt lat="43.283026" lon="-4.164685">
        <ele>364.812</ele>
        <time>2024-08-15T15:10:46.574Z</time>
      </trkpt>
      <trkpt lat="43.283099" lon="-4.164722">
        <ele>364.027</ele>
        <time>2024-08-15T15:10:47.575Z</time>
      </trkpt>
      <trkpt lat="43.283164" lon="-4.164761">
        <ele>363.536</ele>
        <time>2024-08-15T15:10:48.575Z</time>
      </trkpt>
      <trkpt lat="43.283277" lon="-4.164862">
        <ele>361.017</ele>
        <time>2024-08-15T15:10:50.575Z</time>
      </trkpt>
      <trkpt lat="43.283325" lon="-4.164933">
        <ele>359.318</ele>
        <time>2024-08-15T15:10:51.575Z</time>
      </trkpt>
      <trkpt lat="43.283359" lon="-4.165017">
        <ele>357.709</ele>
        <time>2024-08-15T15:10:52.575Z</time>
      </trkpt>
      <trkpt lat="43.283375" lon="-4.165122">
        <ele>356.464</ele>
        <time>2024-08-15T15:10:53.575Z</time>
      </trkpt>
      <trkpt lat="43.283362" lon="-4.165327">
        <ele>354.631</ele>
        <time>2024-08-15T15:10:55.574Z</time>
      </trkpt>
      <trkpt lat="43.283300" lon="-4.165448">
        <ele>354.294</ele>
        <time>2024-08-15T15:10:56.574Z</time>
      </trkpt>
      <trkpt lat="43.283246" lon="-4.165558">
        <ele>353.814</ele>
        <time>2024-08-15T15:10:57.575Z</time>
      </trkpt>
      <trkpt lat="43.283200" lon="-4.165670">
        <ele>351.989</ele>
        <time>2024-08-15T15:10:58.575Z</time>
      </trkpt>
      <trkpt lat="43.283137" lon="-4.165908">
        <ele>348.930</ele>
        <time>2024-08-15T15:11:00.574Z</time>
      </trkpt>
      <trkpt lat="43.283129" lon="-4.166028">
        <ele>347.373</ele>
        <time>2024-08-15T15:11:01.575Z</time>
      </trkpt>
      <trkpt lat="43.283132" lon="-4.166157">
        <ele>346.147</ele>
        <time>2024-08-15T15:11:02.575Z</time>
      </trkpt>
      <trkpt lat="43.283139" lon="-4.166272">
        <ele>344.912</ele>
        <time>2024-08-15T15:11:03.575Z</time>
      </trkpt>
      <trkpt lat="43.283141" lon="-4.166372">
        <ele>344.757</ele>
        <time>2024-08-15T15:11:04.575Z</time>
      </trkpt>
      <trkpt lat="43.283144" lon="-4.166469">
        <ele>344.100</ele>
        <time>2024-08-15T15:11:05.575Z</time>
      </trkpt>
      <trkpt lat="43.283154" lon="-4.166570">
        <ele>343.220</ele>
        <time>2024-08-15T15:11:06.575Z</time>
      </trkpt>
      <trkpt lat="43.283182" lon="-4.166666">
        <ele>342.109</ele>
        <time>2024-08-15T15:11:07.575Z</time>
      </trkpt>
      <trkpt lat="43.283228" lon="-4.166729">
        <ele>340.986</ele>
        <time>2024-08-15T15:11:08.575Z</time>
      </trkpt>
      <trkpt lat="43.283300" lon="-4.166770">
        <ele>340.283</ele>
        <time>2024-08-15T15:11:09.575Z</time>
      </trkpt>
      <trkpt lat="43.283382" lon="-4.166790">
        <ele>340.286</ele>
        <time>2024-08-15T15:11:10.575Z</time>
      </trkpt>
      <trkpt lat="43.283489" lon="-4.166763">
        <ele>340.676</ele>
        <time>2024-08-15T15:11:11.575Z</time>
      </trkpt>
      <trkpt lat="43.283609" lon="-4.166779">
        <ele>341.121</ele>
        <time>2024-08-15T15:11:12.575Z</time>
      </trkpt>
      <trkpt lat="43.283738" lon="-4.166821">
        <ele>338.582</ele>
        <time>2024-08-15T15:11:13.575Z</time>
      </trkpt>
      <trkpt lat="43.283864" lon="-4.166887">
        <ele>336.615</ele>
        <time>2024-08-15T15:11:14.575Z</time>
      </trkpt>
      <trkpt lat="43.283990" lon="-4.166932">
        <ele>334.369</ele>
        <time>2024-08-15T15:11:15.575Z</time>
      </trkpt>
      <trkpt lat="43.284108" lon="-4.166970">
        <ele>333.954</ele>
        <time>2024-08-15T15:11:16.575Z</time>
      </trkpt>
      <trkpt lat="43.284244" lon="-4.166998">
        <ele>333.834</ele>
        <time>2024-08-15T15:11:17.575Z</time>
      </trkpt>
      <trkpt lat="43.284351" lon="-4.167006">
        <ele>333.855</ele>
        <time>2024-08-15T15:11:18.575Z</time>
      </trkpt>
      <trkpt lat="43.284435" lon="-4.167016">
        <ele>333.910</ele>
        <time>2024-08-15T15:11:19.575Z</time>
      </trkpt>
      <trkpt lat="43.284498" lon="-4.167044">
        <ele>333.909</ele>
        <time>2024-08-15T15:11:20.575Z</time>
      </trkpt>
      <trkpt lat="43.284546" lon="-4.167088">
        <ele>333.154</ele>
        <time>2024-08-15T15:11:21.575Z</time>
      </trkpt>
      <trkpt lat="43.284578" lon="-4.167176">
        <ele>331.861</ele>
        <time>2024-08-15T15:11:22.575Z</time>
      </trkpt>
      <trkpt lat="43.284597" lon="-4.167278">
        <ele>330.884</ele>
        <time>2024-08-15T15:11:23.575Z</time>
      </trkpt>
      <trkpt lat="43.284637" lon="-4.167387">
        <ele>330.334</ele>
        <time>2024-08-15T15:11:24.575Z</time>
      </trkpt>
      <trkpt lat="43.284697" lon="-4.167526">
        <ele>330.169</ele>
        <time>2024-08-15T15:11:25.575Z</time>
      </trkpt>
      <trkpt lat="43.284769" lon="-4.167674">
        <ele>330.250</ele>
        <time>2024-08-15T15:11:26.575Z</time>
      </trkpt>
      <trkpt lat="43.284838" lon="-4.167803">
        <ele>330.153</ele>
        <time>2024-08-15T15:11:27.575Z</time>
      </trkpt>
      <trkpt lat="43.284901" lon="-4.167914">
        <ele>330.137</ele>
        <time>2024-08-15T15:11:28.575Z</time>
      </trkpt>
      <trkpt lat="43.284963" lon="-4.168028">
        <ele>329.652</ele>
        <time>2024-08-15T15:11:29.575Z</time>
      </trkpt>
      <trkpt lat="43.285025" lon="-4.168148">
        <ele>329.424</ele>
        <time>2024-08-15T15:11:30.575Z</time>
      </trkpt>
      <trkpt lat="43.285081" lon="-4.168266">
        <ele>329.204</ele>
        <time>2024-08-15T15:11:31.575Z</time>
      </trkpt>
      <trkpt lat="43.285139" lon="-4.168392">
        <ele>328.814</ele>
        <time>2024-08-15T15:11:32.575Z</time>
      </trkpt>
      <trkpt lat="43.285188" lon="-4.168505">
        <ele>328.409</ele>
        <time>2024-08-15T15:11:33.575Z</time>
      </trkpt>
      <trkpt lat="43.285230" lon="-4.168614">
        <ele>326.973</ele>
        <time>2024-08-15T15:11:34.575Z</time>
      </trkpt>
      <trkpt lat="43.285280" lon="-4.168722">
        <ele>326.470</ele>
        <time>2024-08-15T15:11:35.575Z</time>
      </trkpt>
      <trkpt lat="43.285339" lon="-4.168815">
        <ele>326.463</ele>
        <time>2024-08-15T15:11:36.575Z</time>
      </trkpt>
      <trkpt lat="43.285414" lon="-4.168906">
        <ele>326.653</ele>
        <time>2024-08-15T15:11:37.575Z</time>
      </trkpt>
      <trkpt lat="43.285507" lon="-4.168980">
        <ele>326.638</ele>
        <time>2024-08-15T15:11:38.575Z</time>
      </trkpt>
      <trkpt lat="43.285606" lon="-4.169033">
        <ele>326.699</ele>
        <time>2024-08-15T15:11:39.575Z</time>
      </trkpt>
      <trkpt lat="43.285716" lon="-4.169056">
        <ele>326.352</ele>
        <time>2024-08-15T15:11:40.576Z</time>
      </trkpt>
      <trkpt lat="43.285941" lon="-4.169029">
        <ele>325.586</ele>
        <time>2024-08-15T15:11:42.576Z</time>
      </trkpt>
      <trkpt lat="43.286057" lon="-4.169004">
        <ele>325.421</ele>
        <time>2024-08-15T15:11:43.576Z</time>
      </trkpt>
      <trkpt lat="43.286291" lon="-4.169016">
        <ele>324.028</ele>
        <time>2024-08-15T15:11:45.575Z</time>
      </trkpt>
      <trkpt lat="43.286404" lon="-4.169040">
        <ele>323.289</ele>
        <time>2024-08-15T15:11:46.575Z</time>
      </trkpt>
      <trkpt lat="43.286510" lon="-4.169068">
        <ele>322.217</ele>
        <time>2024-08-15T15:11:47.575Z</time>
      </trkpt>
      <trkpt lat="43.286608" lon="-4.169110">
        <ele>321.209</ele>
        <time>2024-08-15T15:11:48.575Z</time>
      </trkpt>
      <trkpt lat="43.286701" lon="-4.169173">
        <ele>320.693</ele>
        <time>2024-08-15T15:11:49.576Z</time>
      </trkpt>
      <trkpt lat="43.286889" lon="-4.169274">
        <ele>318.940</ele>
        <time>2024-08-15T15:11:51.575Z</time>
      </trkpt>
      <trkpt lat="43.286990" lon="-4.169280">
        <ele>318.163</ele>
        <time>2024-08-15T15:11:52.576Z</time>
      </trkpt>
      <trkpt lat="43.287086" lon="-4.169267">
        <ele>316.593</ele>
        <time>2024-08-15T15:11:53.576Z</time>
      </trkpt>
      <trkpt lat="43.287241" lon="-4.169193">
        <ele>315.038</ele>
        <time>2024-08-15T15:11:55.576Z</time>
      </trkpt>
      <trkpt lat="43.287389" lon="-4.169195">
        <ele>314.049</ele>
        <time>2024-08-15T15:11:57.575Z</time>
      </trkpt>
      <trkpt lat="43.287461" lon="-4.169235">
        <ele>313.252</ele>
        <time>2024-08-15T15:11:58.576Z</time>
      </trkpt>
      <trkpt lat="43.287523" lon="-4.169302">
        <ele>312.846</ele>
        <time>2024-08-15T15:11:59.576Z</time>
      </trkpt>
      <trkpt lat="43.287568" lon="-4.169392">
        <ele>311.811</ele>
        <time>2024-08-15T15:12:00.576Z</time>
      </trkpt>
      <trkpt lat="43.287603" lon="-4.169486">
        <ele>309.924</ele>
        <time>2024-08-15T15:12:01.576Z</time>
      </trkpt>
      <trkpt lat="43.287636" lon="-4.169584">
        <ele>308.204</ele>
        <time>2024-08-15T15:12:02.576Z</time>
      </trkpt>
      <trkpt lat="43.287676" lon="-4.169685">
        <ele>307.314</ele>
        <time>2024-08-15T15:12:03.576Z</time>
      </trkpt>
      <trkpt lat="43.287717" lon="-4.169790">
        <ele>307.009</ele>
        <time>2024-08-15T15:12:04.576Z</time>
      </trkpt>
      <trkpt lat="43.287759" lon="-4.169891">
        <ele>306.693</ele>
        <time>2024-08-15T15:12:05.576Z</time>
      </trkpt>
      <trkpt lat="43.287793" lon="-4.170000">
        <ele>305.810</ele>
        <time>2024-08-15T15:12:06.576Z</time>
      </trkpt>
      <trkpt lat="43.287819" lon="-4.170107">
        <ele>304.963</ele>
        <time>2024-08-15T15:12:07.576Z</time>
      </trkpt>
      <trkpt lat="43.287842" lon="-4.170210">
        <ele>304.083</ele>
        <time>2024-08-15T15:12:08.576Z</time>
      </trkpt>
      <trkpt lat="43.287867" lon="-4.170314">
        <ele>303.358</ele>
        <time>2024-08-15T15:12:09.576Z</time>
      </trkpt>
      <trkpt lat="43.287899" lon="-4.170413">
        <ele>302.819</ele>
        <time>2024-08-15T15:12:10.576Z</time>
      </trkpt>
      <trkpt lat="43.287945" lon="-4.170503">
        <ele>302.282</ele>
        <time>2024-08-15T15:12:11.576Z</time>
      </trkpt>
      <trkpt lat="43.288003" lon="-4.170586">
        <ele>301.556</ele>
        <time>2024-08-15T15:12:12.576Z</time>
      </trkpt>
      <trkpt lat="43.288071" lon="-4.170656">
        <ele>300.731</ele>
        <time>2024-08-15T15:12:13.576Z</time>
      </trkpt>
      <trkpt lat="43.288149" lon="-4.170722">
        <ele>299.969</ele>
        <time>2024-08-15T15:12:14.576Z</time>
      </trkpt>
      <trkpt lat="43.288228" lon="-4.170779">
        <ele>299.304</ele>
        <time>2024-08-15T15:12:15.576Z</time>
      </trkpt>
      <trkpt lat="43.288303" lon="-4.170834">
        <ele>298.624</ele>
        <time>2024-08-15T15:12:16.576Z</time>
      </trkpt>
      <trkpt lat="43.288377" lon="-4.170894">
        <ele>297.209</ele>
        <time>2024-08-15T15:12:17.576Z</time>
      </trkpt>
      <trkpt lat="43.288446" lon="-4.170957">
        <ele>295.327</ele>
        <time>2024-08-15T15:12:18.576Z</time>
      </trkpt>
      <trkpt lat="43.288509" lon="-4.171021">
        <ele>293.774</ele>
        <time>2024-08-15T15:12:19.576Z</time>
      </trkpt>
      <trkpt lat="43.288577" lon="-4.171080">
        <ele>292.437</ele>
        <time>2024-08-15T15:12:20.576Z</time>
      </trkpt>
      <trkpt lat="43.288653" lon="-4.171126">
        <ele>291.477</ele>
        <time>2024-08-15T15:12:21.576Z</time>
      </trkpt>
      <trkpt lat="43.288741" lon="-4.171151">
        <ele>290.512</ele>
        <time>2024-08-15T15:12:22.576Z</time>
      </trkpt>
      <trkpt lat="43.288820" lon="-4.171172">
        <ele>289.743</ele>
        <time>2024-08-15T15:12:23.576Z</time>
      </trkpt>
      <trkpt lat="43.288899" lon="-4.171179">
        <ele>288.616</ele>
        <time>2024-08-15T15:12:24.576Z</time>
      </trkpt>
      <trkpt lat="43.288980" lon="-4.171166">
        <ele>287.580</ele>
        <time>2024-08-15T15:12:25.576Z</time>
      </trkpt>
      <trkpt lat="43.289063" lon="-4.171133">
        <ele>286.655</ele>
        <time>2024-08-15T15:12:26.576Z</time>
      </trkpt>
      <trkpt lat="43.289145" lon="-4.171083">
        <ele>285.897</ele>
        <time>2024-08-15T15:12:27.576Z</time>
      </trkpt>
      <trkpt lat="43.289221" lon="-4.171035">
        <ele>285.023</ele>
        <time>2024-08-15T15:12:28.576Z</time>
      </trkpt>
      <trkpt lat="43.289291" lon="-4.170989">
        <ele>284.325</ele>
        <time>2024-08-15T15:12:29.576Z</time>
      </trkpt>
      <trkpt lat="43.289366" lon="-4.170939">
        <ele>283.709</ele>
        <time>2024-08-15T15:12:30.576Z</time>
      </trkpt>
      <trkpt lat="43.289444" lon="-4.170895">
        <ele>282.980</ele>
        <time>2024-08-15T15:12:31.576Z</time>
      </trkpt>
      <trkpt lat="43.289522" lon="-4.170857">
        <ele>281.637</ele>
        <time>2024-08-15T15:12:32.576Z</time>
      </trkpt>
      <trkpt lat="43.289601" lon="-4.170835">
        <ele>280.290</ele>
        <time>2024-08-15T15:12:33.576Z</time>
      </trkpt>
      <trkpt lat="43.289680" lon="-4.170835">
        <ele>279.120</ele>
        <time>2024-08-15T15:12:34.576Z</time>
      </trkpt>
      <trkpt lat="43.289764" lon="-4.170854">
        <ele>277.995</ele>
        <time>2024-08-15T15:12:35.576Z</time>
      </trkpt>
      <trkpt lat="43.289855" lon="-4.170888">
        <ele>276.966</ele>
        <time>2024-08-15T15:12:36.576Z</time>
      </trkpt>
      <trkpt lat="43.289950" lon="-4.170918">
        <ele>275.969</ele>
        <time>2024-08-15T15:12:37.576Z</time>
      </trkpt>
      <trkpt lat="43.290047" lon="-4.170936">
        <ele>274.153</ele>
        <time>2024-08-15T15:12:38.577Z</time>
      </trkpt>
      <trkpt lat="43.290147" lon="-4.170942">
        <ele>272.638</ele>
        <time>2024-08-15T15:12:39.577Z</time>
      </trkpt>
      <trkpt lat="43.290337" lon="-4.170964">
        <ele>269.784</ele>
        <time>2024-08-15T15:12:41.576Z</time>
      </trkpt>
      <trkpt lat="43.290419" lon="-4.170999">
        <ele>268.507</ele>
        <time>2024-08-15T15:12:42.577Z</time>
      </trkpt>
      <trkpt lat="43.290488" lon="-4.171059">
        <ele>267.417</ele>
        <time>2024-08-15T15:12:43.577Z</time>
      </trkpt>
      <trkpt lat="43.290548" lon="-4.171137">
        <ele>266.909</ele>
        <time>2024-08-15T15:12:44.577Z</time>
      </trkpt>
      <trkpt lat="43.290626" lon="-4.171322">
        <ele>265.159</ele>
        <time>2024-08-15T15:12:46.576Z</time>
      </trkpt>
      <trkpt lat="43.290639" lon="-4.171436">
        <ele>264.166</ele>
        <time>2024-08-15T15:12:47.576Z</time>
      </trkpt>
      <trkpt lat="43.290649" lon="-4.171553">
        <ele>263.079</ele>
        <time>2024-08-15T15:12:48.576Z</time>
      </trkpt>
      <trkpt lat="43.290669" lon="-4.171641">
        <ele>262.699</ele>
        <time>2024-08-15T15:12:49.576Z</time>
      </trkpt>
      <trkpt lat="43.290701" lon="-4.171702">
        <ele>262.394</ele>
        <time>2024-08-15T15:12:50.576Z</time>
      </trkpt>
      <trkpt lat="43.290750" lon="-4.171746">
        <ele>261.445</ele>
        <time>2024-08-15T15:12:51.576Z</time>
      </trkpt>
      <trkpt lat="43.290809" lon="-4.171771">
        <ele>260.888</ele>
        <time>2024-08-15T15:12:52.577Z</time>
      </trkpt>
      <trkpt lat="43.290953" lon="-4.171753">
        <ele>258.512</ele>
        <time>2024-08-15T15:12:54.576Z</time>
      </trkpt>
      <trkpt lat="43.291016" lon="-4.171687">
        <ele>258.247</ele>
        <time>2024-08-15T15:12:55.576Z</time>
      </trkpt>
      <trkpt lat="43.291060" lon="-4.171590">
        <ele>257.187</ele>
        <time>2024-08-15T15:12:56.577Z</time>
      </trkpt>
      <trkpt lat="43.291099" lon="-4.171503">
        <ele>256.142</ele>
        <time>2024-08-15T15:12:57.577Z</time>
      </trkpt>
      <trkpt lat="43.291132" lon="-4.171415">
        <ele>255.226</ele>
        <time>2024-08-15T15:12:58.577Z</time>
      </trkpt>
      <trkpt lat="43.291161" lon="-4.171343">
        <ele>254.509</ele>
        <time>2024-08-15T15:12:59.577Z</time>
      </trkpt>
      <trkpt lat="43.291235" lon="-4.171302">
        <ele>253.569</ele>
        <time>2024-08-15T15:13:01.577Z</time>
      </trkpt>
      <trkpt lat="43.291309" lon="-4.171356">
        <ele>252.476</ele>
        <time>2024-08-15T15:13:03.577Z</time>
      </trkpt>
      <trkpt lat="43.291306" lon="-4.171481">
        <ele>250.759</ele>
        <time>2024-08-15T15:13:05.577Z</time>
      </trkpt>
      <trkpt lat="43.291273" lon="-4.171568">
        <ele>250.039</ele>
        <time>2024-08-15T15:13:06.577Z</time>
      </trkpt>
      <trkpt lat="43.291233" lon="-4.171671">
        <ele>246.364</ele>
        <time>2024-08-15T15:13:07.577Z</time>
      </trkpt>
      <trkpt lat="43.291192" lon="-4.171767">
        <ele>244.625</ele>
        <time>2024-08-15T15:13:08.577Z</time>
      </trkpt>
      <trkpt lat="43.291161" lon="-4.171859">
        <ele>243.598</ele>
        <time>2024-08-15T15:13:09.577Z</time>
      </trkpt>
      <trkpt lat="43.291133" lon="-4.171949">
        <ele>243.072</ele>
        <time>2024-08-15T15:13:10.577Z</time>
      </trkpt>
      <trkpt lat="43.291103" lon="-4.172044">
        <ele>242.777</ele>
        <time>2024-08-15T15:13:11.577Z</time>
      </trkpt>
      <trkpt lat="43.291091" lon="-4.172124">
        <ele>242.644</ele>
        <time>2024-08-15T15:13:12.577Z</time>
      </trkpt>
      <trkpt lat="43.291090" lon="-4.172196">
        <ele>242.605</ele>
        <time>2024-08-15T15:13:13.577Z</time>
      </trkpt>
      <trkpt lat="43.291090" lon="-4.172310">
        <ele>242.615</ele>
        <time>2024-08-15T15:13:15.577Z</time>
      </trkpt>
      <trkpt lat="43.291096" lon="-4.172376">
        <ele>242.409</ele>
        <time>2024-08-15T15:13:17.577Z</time>
      </trkpt>
      <trkpt lat="43.291061" lon="-4.172430">
        <ele>241.665</ele>
        <time>2024-08-15T15:13:20.577Z</time>
      </trkpt>
      <trkpt lat="43.290998" lon="-4.172416">
        <ele>240.932</ele>
        <time>2024-08-15T15:13:22.577Z</time>
      </trkpt>
      <trkpt lat="43.290909" lon="-4.172356">
        <ele>240.315</ele>
        <time>2024-08-15T15:13:24.577Z</time>
      </trkpt>
      <trkpt lat="43.290840" lon="-4.172316">
        <ele>239.175</ele>
        <time>2024-08-15T15:13:25.577Z</time>
      </trkpt>
      <trkpt lat="43.290769" lon="-4.172305">
        <ele>238.670</ele>
        <time>2024-08-15T15:13:26.577Z</time>
      </trkpt>
      <trkpt lat="43.290691" lon="-4.172327">
        <ele>238.121</ele>
        <time>2024-08-15T15:13:27.577Z</time>
      </trkpt>
      <trkpt lat="43.290604" lon="-4.172369">
        <ele>238.214</ele>
        <time>2024-08-15T15:13:28.577Z</time>
      </trkpt>
      <trkpt lat="43.290526" lon="-4.172406">
        <ele>237.628</ele>
        <time>2024-08-15T15:13:29.577Z</time>
      </trkpt>
      <trkpt lat="43.290446" lon="-4.172416">
        <ele>236.963</ele>
        <time>2024-08-15T15:13:30.577Z</time>
      </trkpt>
      <trkpt lat="43.290371" lon="-4.172413">
        <ele>236.423</ele>
        <time>2024-08-15T15:13:31.577Z</time>
      </trkpt>
      <trkpt lat="43.290288" lon="-4.172387">
        <ele>235.683</ele>
        <time>2024-08-15T15:13:32.577Z</time>
      </trkpt>
      <trkpt lat="43.290197" lon="-4.172339">
        <ele>234.711</ele>
        <time>2024-08-15T15:13:33.577Z</time>
      </trkpt>
      <trkpt lat="43.290092" lon="-4.172288">
        <ele>233.809</ele>
        <time>2024-08-15T15:13:34.577Z</time>
      </trkpt>
      <trkpt lat="43.289992" lon="-4.172270">
        <ele>233.013</ele>
        <time>2024-08-15T15:13:35.577Z</time>
      </trkpt>
      <trkpt lat="43.289888" lon="-4.172276">
        <ele>232.860</ele>
        <time>2024-08-15T15:13:36.577Z</time>
      </trkpt>
      <trkpt lat="43.289780" lon="-4.172301">
        <ele>232.133</ele>
        <time>2024-08-15T15:13:37.577Z</time>
      </trkpt>
      <trkpt lat="43.289678" lon="-4.172346">
        <ele>231.773</ele>
        <time>2024-08-15T15:13:38.577Z</time>
      </trkpt>
      <trkpt lat="43.289568" lon="-4.172401">
        <ele>230.548</ele>
        <time>2024-08-15T15:13:39.578Z</time>
      </trkpt>
      <trkpt lat="43.289368" lon="-4.172473">
        <ele>230.999</ele>
        <time>2024-08-15T15:13:41.578Z</time>
      </trkpt>
      <trkpt lat="43.289268" lon="-4.172498">
        <ele>231.352</ele>
        <time>2024-08-15T15:13:42.578Z</time>
      </trkpt>
      <trkpt lat="43.289064" lon="-4.172494">
        <ele>232.566</ele>
        <time>2024-08-15T15:13:44.578Z</time>
      </trkpt>
      <trkpt lat="43.288978" lon="-4.172453">
        <ele>233.231</ele>
        <time>2024-08-15T15:13:45.578Z</time>
      </trkpt>
      <trkpt lat="43.288784" lon="-4.172338">
        <ele>235.354</ele>
        <time>2024-08-15T15:13:47.578Z</time>
      </trkpt>
      <trkpt lat="43.288688" lon="-4.172310">
        <ele>235.656</ele>
        <time>2024-08-15T15:13:48.578Z</time>
      </trkpt>
      <trkpt lat="43.288504" lon="-4.172258">
        <ele>238.411</ele>
        <time>2024-08-15T15:13:50.578Z</time>
      </trkpt>
      <trkpt lat="43.288329" lon="-4.172249">
        <ele>239.109</ele>
        <time>2024-08-15T15:13:52.578Z</time>
      </trkpt>
      <trkpt lat="43.288231" lon="-4.172259">
        <ele>239.856</ele>
        <time>2024-08-15T15:13:53.578Z</time>
      </trkpt>
      <trkpt lat="43.288135" lon="-4.172254">
        <ele>241.333</ele>
        <time>2024-08-15T15:13:54.578Z</time>
      </trkpt>
      <trkpt lat="43.288037" lon="-4.172229">
        <ele>241.426</ele>
        <time>2024-08-15T15:13:55.578Z</time>
      </trkpt>
      <trkpt lat="43.287962" lon="-4.172195">
        <ele>241.946</ele>
        <time>2024-08-15T15:13:56.578Z</time>
      </trkpt>
      <trkpt lat="43.287891" lon="-4.172133">
        <ele>242.861</ele>
        <time>2024-08-15T15:13:57.578Z</time>
      </trkpt>
      <trkpt lat="43.287813" lon="-4.172064">
        <ele>242.722</ele>
        <time>2024-08-15T15:13:58.578Z</time>
      </trkpt>
      <trkpt lat="43.287737" lon="-4.171978">
        <ele>242.865</ele>
        <time>2024-08-15T15:13:59.578Z</time>
      </trkpt>
      <trkpt lat="43.287673" lon="-4.171888">
        <ele>243.369</ele>
        <time>2024-08-15T15:14:00.578Z</time>
      </trkpt>
      <trkpt lat="43.287616" lon="-4.171781">
        <ele>243.674</ele>
        <time>2024-08-15T15:14:01.578Z</time>
      </trkpt>
      <trkpt lat="43.287566" lon="-4.171681">
        <ele>243.926</ele>
        <time>2024-08-15T15:14:02.578Z</time>
      </trkpt>
      <trkpt lat="43.287513" lon="-4.171592">
        <ele>244.347</ele>
        <time>2024-08-15T15:14:03.578Z</time>
      </trkpt>
      <trkpt lat="43.287447" lon="-4.171525">
        <ele>244.911</ele>
        <time>2024-08-15T15:14:04.578Z</time>
      </trkpt>
      <trkpt lat="43.287368" lon="-4.171482">
        <ele>245.809</ele>
        <time>2024-08-15T15:14:05.578Z</time>
      </trkpt>
      <trkpt lat="43.287284" lon="-4.171423">
        <ele>246.893</ele>
        <time>2024-08-15T15:14:06.578Z</time>
      </trkpt>
      <trkpt lat="43.287203" lon="-4.171337">
        <ele>248.350</ele>
        <time>2024-08-15T15:14:07.578Z</time>
      </trkpt>
      <trkpt lat="43.287129" lon="-4.171230">
        <ele>250.573</ele>
        <time>2024-08-15T15:14:08.578Z</time>
      </trkpt>
      <trkpt lat="43.287045" lon="-4.171121">
        <ele>250.793</ele>
        <time>2024-08-15T15:14:09.578Z</time>
      </trkpt>
      <trkpt lat="43.286960" lon="-4.171019">
        <ele>251.068</ele>
        <time>2024-08-15T15:14:10.578Z</time>
      </trkpt>
      <trkpt lat="43.286872" lon="-4.170932">
        <ele>250.779</ele>
        <time>2024-08-15T15:14:11.578Z</time>
      </trkpt>
      <trkpt lat="43.286778" lon="-4.170846">
        <ele>250.322</ele>
        <time>2024-08-15T15:14:12.578Z</time>
      </trkpt>
      <trkpt lat="43.286684" lon="-4.170768">
        <ele>250.196</ele>
        <time>2024-08-15T15:14:13.578Z</time>
      </trkpt>
      <trkpt lat="43.286596" lon="-4.170702">
        <ele>249.291</ele>
        <time>2024-08-15T15:14:14.578Z</time>
      </trkpt>
      <trkpt lat="43.286507" lon="-4.170643">
        <ele>249.237</ele>
        <time>2024-08-15T15:14:15.578Z</time>
      </trkpt>
      <trkpt lat="43.286410" lon="-4.170598">
        <ele>249.849</ele>
        <time>2024-08-15T15:14:16.578Z</time>
      </trkpt>
      <trkpt lat="43.286314" lon="-4.170555">
        <ele>250.813</ele>
        <time>2024-08-15T15:14:17.578Z</time>
      </trkpt>
      <trkpt lat="43.286237" lon="-4.170523">
        <ele>252.009</ele>
        <time>2024-08-15T15:14:18.578Z</time>
      </trkpt>
      <trkpt lat="43.286186" lon="-4.170503">
        <ele>252.044</ele>
        <time>2024-08-15T15:14:19.578Z</time>
      </trkpt>
      <trkpt lat="43.286124" lon="-4.170494">
        <ele>250.551</ele>
        <time>2024-08-15T15:14:21.578Z</time>
      </trkpt>
      <trkpt lat="43.286043" lon="-4.170516">
        <ele>249.954</ele>
        <time>2024-08-15T15:14:23.578Z</time>
      </trkpt>
      <trkpt lat="43.285981" lon="-4.170523">
        <ele>249.914</ele>
        <time>2024-08-15T15:14:24.578Z</time>
      </trkpt>
      <trkpt lat="43.285908" lon="-4.170531">
        <ele>250.139</ele>
        <time>2024-08-15T15:14:25.578Z</time>
      </trkpt>
      <trkpt lat="43.285832" lon="-4.170541">
        <ele>250.890</ele>
        <time>2024-08-15T15:14:26.578Z</time>
      </trkpt>
      <trkpt lat="43.285746" lon="-4.170548">
        <ele>252.263</ele>
        <time>2024-08-15T15:14:27.578Z</time>
      </trkpt>
      <trkpt lat="43.285664" lon="-4.170557">
        <ele>254.277</ele>
        <time>2024-08-15T15:14:28.578Z</time>
      </trkpt>
      <trkpt lat="43.285573" lon="-4.170557">
        <ele>255.192</ele>
        <time>2024-08-15T15:14:29.578Z</time>
      </trkpt>
      <trkpt lat="43.285475" lon="-4.170552">
        <ele>256.016</ele>
        <time>2024-08-15T15:14:30.578Z</time>
      </trkpt>
      <trkpt lat="43.285372" lon="-4.170539">
        <ele>257.476</ele>
        <time>2024-08-15T15:14:31.578Z</time>
      </trkpt>
      <trkpt lat="43.285280" lon="-4.170531">
        <ele>257.713</ele>
        <time>2024-08-15T15:14:32.578Z</time>
      </trkpt>
      <trkpt lat="43.285190" lon="-4.170523">
        <ele>257.709</ele>
        <time>2024-08-15T15:14:33.578Z</time>
      </trkpt>
      <trkpt lat="43.285103" lon="-4.170523">
        <ele>257.562</ele>
        <time>2024-08-15T15:14:34.579Z</time>
      </trkpt>
      <trkpt lat="43.284934" lon="-4.170553">
        <ele>257.479</ele>
        <time>2024-08-15T15:14:36.579Z</time>
      </trkpt>
      <trkpt lat="43.284741" lon="-4.170587">
        <ele>258.282</ele>
        <time>2024-08-15T15:14:38.579Z</time>
      </trkpt>
      <trkpt lat="43.284555" lon="-4.170559">
        <ele>258.632</ele>
        <time>2024-08-15T15:14:40.578Z</time>
      </trkpt>
      <trkpt lat="43.284465" lon="-4.170531">
        <ele>258.627</ele>
        <time>2024-08-15T15:14:41.578Z</time>
      </trkpt>
      <trkpt lat="43.284367" lon="-4.170509">
        <ele>258.678</ele>
        <time>2024-08-15T15:14:42.579Z</time>
      </trkpt>
      <trkpt lat="43.284170" lon="-4.170515">
        <ele>259.221</ele>
        <time>2024-08-15T15:14:44.578Z</time>
      </trkpt>
      <trkpt lat="43.284066" lon="-4.170545">
        <ele>259.695</ele>
        <time>2024-08-15T15:14:45.578Z</time>
      </trkpt>
      <trkpt lat="43.283964" lon="-4.170588">
        <ele>259.870</ele>
        <time>2024-08-15T15:14:46.578Z</time>
      </trkpt>
      <trkpt lat="43.283860" lon="-4.170633">
        <ele>260.133</ele>
        <time>2024-08-15T15:14:47.579Z</time>
      </trkpt>
      <trkpt lat="43.283758" lon="-4.170668">
        <ele>260.223</ele>
        <time>2024-08-15T15:14:48.579Z</time>
      </trkpt>
      <trkpt lat="43.283650" lon="-4.170697">
        <ele>260.315</ele>
        <time>2024-08-15T15:14:49.579Z</time>
      </trkpt>
      <trkpt lat="43.283546" lon="-4.170719">
        <ele>260.609</ele>
        <time>2024-08-15T15:14:50.579Z</time>
      </trkpt>
      <trkpt lat="43.283452" lon="-4.170734">
        <ele>261.424</ele>
        <time>2024-08-15T15:14:51.579Z</time>
      </trkpt>
      <trkpt lat="43.283361" lon="-4.170752">
        <ele>262.411</ele>
        <time>2024-08-15T15:14:52.579Z</time>
      </trkpt>
      <trkpt lat="43.283271" lon="-4.170770">
        <ele>263.794</ele>
        <time>2024-08-15T15:14:53.579Z</time>
      </trkpt>
      <trkpt lat="43.283181" lon="-4.170784">
        <ele>264.864</ele>
        <time>2024-08-15T15:14:54.579Z</time>
      </trkpt>
      <trkpt lat="43.283098" lon="-4.170802">
        <ele>265.869</ele>
        <time>2024-08-15T15:14:55.579Z</time>
      </trkpt>
      <trkpt lat="43.283008" lon="-4.170818">
        <ele>266.130</ele>
        <time>2024-08-15T15:14:56.579Z</time>
      </trkpt>
      <trkpt lat="43.282921" lon="-4.170830">
        <ele>266.893</ele>
        <time>2024-08-15T15:14:57.579Z</time>
      </trkpt>
      <trkpt lat="43.282840" lon="-4.170837">
        <ele>267.697</ele>
        <time>2024-08-15T15:14:58.579Z</time>
      </trkpt>
      <trkpt lat="43.282764" lon="-4.170823">
        <ele>268.122</ele>
        <time>2024-08-15T15:14:59.579Z</time>
      </trkpt>
      <trkpt lat="43.282682" lon="-4.170793">
        <ele>268.261</ele>
        <time>2024-08-15T15:15:00.579Z</time>
      </trkpt>
      <trkpt lat="43.282591" lon="-4.170755">
        <ele>268.221</ele>
        <time>2024-08-15T15:15:01.579Z</time>
      </trkpt>
      <trkpt lat="43.282494" lon="-4.170714">
        <ele>268.013</ele>
        <time>2024-08-15T15:15:02.579Z</time>
      </trkpt>
      <trkpt lat="43.282404" lon="-4.170674">
        <ele>266.909</ele>
        <time>2024-08-15T15:15:03.579Z</time>
      </trkpt>
      <trkpt lat="43.282319" lon="-4.170639">
        <ele>266.787</ele>
        <time>2024-08-15T15:15:04.579Z</time>
      </trkpt>
      <trkpt lat="43.282232" lon="-4.170607">
        <ele>266.764</ele>
        <time>2024-08-15T15:15:05.579Z</time>
      </trkpt>
      <trkpt lat="43.282149" lon="-4.170584">
        <ele>266.787</ele>
        <time>2024-08-15T15:15:06.579Z</time>
      </trkpt>
      <trkpt lat="43.282069" lon="-4.170552">
        <ele>267.187</ele>
        <time>2024-08-15T15:15:07.579Z</time>
      </trkpt>
      <trkpt lat="43.281990" lon="-4.170509">
        <ele>267.382</ele>
        <time>2024-08-15T15:15:08.579Z</time>
      </trkpt>
      <trkpt lat="43.281917" lon="-4.170449">
        <ele>267.323</ele>
        <time>2024-08-15T15:15:09.579Z</time>
      </trkpt>
      <trkpt lat="43.281846" lon="-4.170389">
        <ele>266.946</ele>
        <time>2024-08-15T15:15:10.579Z</time>
      </trkpt>
      <trkpt lat="43.281769" lon="-4.170328">
        <ele>265.830</ele>
        <time>2024-08-15T15:15:11.579Z</time>
      </trkpt>
      <trkpt lat="43.281696" lon="-4.170267">
        <ele>264.515</ele>
        <time>2024-08-15T15:15:12.579Z</time>
      </trkpt>
      <trkpt lat="43.281623" lon="-4.170204">
        <ele>263.666</ele>
        <time>2024-08-15T15:15:13.579Z</time>
      </trkpt>
      <trkpt lat="43.281554" lon="-4.170143">
        <ele>262.829</ele>
        <time>2024-08-15T15:15:14.579Z</time>
      </trkpt>
      <trkpt lat="43.281481" lon="-4.170079">
        <ele>262.021</ele>
        <time>2024-08-15T15:15:15.579Z</time>
      </trkpt>
      <trkpt lat="43.281413" lon="-4.170022">
        <ele>261.409</ele>
        <time>2024-08-15T15:15:16.579Z</time>
      </trkpt>
      <trkpt lat="43.281337" lon="-4.169961">
        <ele>261.067</ele>
        <time>2024-08-15T15:15:17.579Z</time>
      </trkpt>
      <trkpt lat="43.281254" lon="-4.169900">
        <ele>260.894</ele>
        <time>2024-08-15T15:15:18.579Z</time>
      </trkpt>
      <trkpt lat="43.281172" lon="-4.169842">
        <ele>260.577</ele>
        <time>2024-08-15T15:15:19.579Z</time>
      </trkpt>
      <trkpt lat="43.281102" lon="-4.169782">
        <ele>260.257</ele>
        <time>2024-08-15T15:15:20.579Z</time>
      </trkpt>
      <trkpt lat="43.281035" lon="-4.169743">
        <ele>260.172</ele>
        <time>2024-08-15T15:15:21.580Z</time>
      </trkpt>
      <trkpt lat="43.280914" lon="-4.169739">
        <ele>259.213</ele>
        <time>2024-08-15T15:15:23.579Z</time>
      </trkpt>
      <trkpt lat="43.280861" lon="-4.169784">
        <ele>258.896</ele>
        <time>2024-08-15T15:15:24.579Z</time>
      </trkpt>
      <trkpt lat="43.280804" lon="-4.169843">
        <ele>258.560</ele>
        <time>2024-08-15T15:15:25.579Z</time>
      </trkpt>
      <trkpt lat="43.280740" lon="-4.169914">
        <ele>257.295</ele>
        <time>2024-08-15T15:15:26.579Z</time>
      </trkpt>
      <trkpt lat="43.280663" lon="-4.169995">
        <ele>257.019</ele>
        <time>2024-08-15T15:15:27.580Z</time>
      </trkpt>
      <trkpt lat="43.280501" lon="-4.170143">
        <ele>258.709</ele>
        <time>2024-08-15T15:15:29.579Z</time>
      </trkpt>
      <trkpt lat="43.280420" lon="-4.170211">
        <ele>259.019</ele>
        <time>2024-08-15T15:15:30.579Z</time>
      </trkpt>
      <trkpt lat="43.280339" lon="-4.170280">
        <ele>259.409</ele>
        <time>2024-08-15T15:15:31.580Z</time>
      </trkpt>
      <trkpt lat="43.280258" lon="-4.170349">
        <ele>259.442</ele>
        <time>2024-08-15T15:15:32.580Z</time>
      </trkpt>
      <trkpt lat="43.280098" lon="-4.170493">
        <ele>259.649</ele>
        <time>2024-08-15T15:15:34.579Z</time>
      </trkpt>
      <trkpt lat="43.280019" lon="-4.170561">
        <ele>259.942</ele>
        <time>2024-08-15T15:15:35.579Z</time>
      </trkpt>
      <trkpt lat="43.279944" lon="-4.170619">
        <ele>260.062</ele>
        <time>2024-08-15T15:15:36.580Z</time>
      </trkpt>
      <trkpt lat="43.279782" lon="-4.170701">
        <ele>260.077</ele>
        <time>2024-08-15T15:15:38.579Z</time>
      </trkpt>
      <trkpt lat="43.279697" lon="-4.170727">
        <ele>260.058</ele>
        <time>2024-08-15T15:15:39.580Z</time>
      </trkpt>
      <trkpt lat="43.279601" lon="-4.170748">
        <ele>259.981</ele>
        <time>2024-08-15T15:15:40.580Z</time>
      </trkpt>
      <trkpt lat="43.279417" lon="-4.170761">
        <ele>259.215</ele>
        <time>2024-08-15T15:15:42.580Z</time>
      </trkpt>
      <trkpt lat="43.279324" lon="-4.170742">
        <ele>259.230</ele>
        <time>2024-08-15T15:15:43.580Z</time>
      </trkpt>
      <trkpt lat="43.279226" lon="-4.170720">
        <ele>259.786</ele>
        <time>2024-08-15T15:15:44.580Z</time>
      </trkpt>
      <trkpt lat="43.279122" lon="-4.170701">
        <ele>260.860</ele>
        <time>2024-08-15T15:15:45.580Z</time>
      </trkpt>
      <trkpt lat="43.279019" lon="-4.170686">
        <ele>261.926</ele>
        <time>2024-08-15T15:15:46.580Z</time>
      </trkpt>
      <trkpt lat="43.278919" lon="-4.170667">
        <ele>262.809</ele>
        <time>2024-08-15T15:15:47.580Z</time>
      </trkpt>
      <trkpt lat="43.278821" lon="-4.170643">
        <ele>263.689</ele>
        <time>2024-08-15T15:15:48.580Z</time>
      </trkpt>
      <trkpt lat="43.278724" lon="-4.170625">
        <ele>264.356</ele>
        <time>2024-08-15T15:15:49.580Z</time>
      </trkpt>
      <trkpt lat="43.278626" lon="-4.170622">
        <ele>265.199</ele>
        <time>2024-08-15T15:15:50.580Z</time>
      </trkpt>
      <trkpt lat="43.278538" lon="-4.170634">
        <ele>265.939</ele>
        <time>2024-08-15T15:15:51.580Z</time>
      </trkpt>
      <trkpt lat="43.278455" lon="-4.170671">
        <ele>266.224</ele>
        <time>2024-08-15T15:15:52.580Z</time>
      </trkpt>
      <trkpt lat="43.278370" lon="-4.170711">
        <ele>266.785</ele>
        <time>2024-08-15T15:15:53.580Z</time>
      </trkpt>
      <trkpt lat="43.278289" lon="-4.170760">
        <ele>266.768</ele>
        <time>2024-08-15T15:15:54.580Z</time>
      </trkpt>
      <trkpt lat="43.278208" lon="-4.170832">
        <ele>266.772</ele>
        <time>2024-08-15T15:15:55.580Z</time>
      </trkpt>
      <trkpt lat="43.278145" lon="-4.170941">
        <ele>266.587</ele>
        <time>2024-08-15T15:15:56.580Z</time>
      </trkpt>
      <trkpt lat="43.278105" lon="-4.171065">
        <ele>266.365</ele>
        <time>2024-08-15T15:15:57.580Z</time>
      </trkpt>
      <trkpt lat="43.278080" lon="-4.171202">
        <ele>266.268</ele>
        <time>2024-08-15T15:15:58.580Z</time>
      </trkpt>
      <trkpt lat="43.278042" lon="-4.171312">
        <ele>266.214</ele>
        <time>2024-08-15T15:15:59.580Z</time>
      </trkpt>
      <trkpt lat="43.277983" lon="-4.171404">
        <ele>266.209</ele>
        <time>2024-08-15T15:16:00.580Z</time>
      </trkpt>
      <trkpt lat="43.277908" lon="-4.171470">
        <ele>266.347</ele>
        <time>2024-08-15T15:16:01.580Z</time>
      </trkpt>
      <trkpt lat="43.277818" lon="-4.171523">
        <ele>266.554</ele>
        <time>2024-08-15T15:16:02.580Z</time>
      </trkpt>
      <trkpt lat="43.277724" lon="-4.171574">
        <ele>267.097</ele>
        <time>2024-08-15T15:16:03.580Z</time>
      </trkpt>
      <trkpt lat="43.277629" lon="-4.171635">
        <ele>267.777</ele>
        <time>2024-08-15T15:16:04.580Z</time>
      </trkpt>
      <trkpt lat="43.277535" lon="-4.171704">
        <ele>268.372</ele>
        <time>2024-08-15T15:16:05.580Z</time>
      </trkpt>
      <trkpt lat="43.277438" lon="-4.171775">
        <ele>268.743</ele>
        <time>2024-08-15T15:16:06.580Z</time>
      </trkpt>
      <trkpt lat="43.277342" lon="-4.171841">
        <ele>269.046</ele>
        <time>2024-08-15T15:16:07.580Z</time>
      </trkpt>
      <trkpt lat="43.277242" lon="-4.171899">
        <ele>269.560</ele>
        <time>2024-08-15T15:16:08.580Z</time>
      </trkpt>
      <trkpt lat="43.277146" lon="-4.171941">
        <ele>270.085</ele>
        <time>2024-08-15T15:16:09.580Z</time>
      </trkpt>
      <trkpt lat="43.277049" lon="-4.171999">
        <ele>270.616</ele>
        <time>2024-08-15T15:16:10.580Z</time>
      </trkpt>
      <trkpt lat="43.276948" lon="-4.172058">
        <ele>271.776</ele>
        <time>2024-08-15T15:16:11.580Z</time>
      </trkpt>
      <trkpt lat="43.276854" lon="-4.172120">
        <ele>271.913</ele>
        <time>2024-08-15T15:16:12.580Z</time>
      </trkpt>
      <trkpt lat="43.276767" lon="-4.172195">
        <ele>272.009</ele>
        <time>2024-08-15T15:16:13.580Z</time>
      </trkpt>
      <trkpt lat="43.276697" lon="-4.172270">
        <ele>272.542</ele>
        <time>2024-08-15T15:16:14.580Z</time>
      </trkpt>
      <trkpt lat="43.276630" lon="-4.172348">
        <ele>272.729</ele>
        <time>2024-08-15T15:16:15.580Z</time>
      </trkpt>
      <trkpt lat="43.276562" lon="-4.172418">
        <ele>273.032</ele>
        <time>2024-08-15T15:16:16.580Z</time>
      </trkpt>
      <trkpt lat="43.276488" lon="-4.172459">
        <ele>273.352</ele>
        <time>2024-08-15T15:16:17.580Z</time>
      </trkpt>
      <trkpt lat="43.276404" lon="-4.172476">
        <ele>273.917</ele>
        <time>2024-08-15T15:16:18.580Z</time>
      </trkpt>
      <trkpt lat="43.276307" lon="-4.172478">
        <ele>274.518</ele>
        <time>2024-08-15T15:16:19.580Z</time>
      </trkpt>
      <trkpt lat="43.276209" lon="-4.172481">
        <ele>275.361</ele>
        <time>2024-08-15T15:16:20.580Z</time>
      </trkpt>
      <trkpt lat="43.276121" lon="-4.172477">
        <ele>277.765</ele>
        <time>2024-08-15T15:16:21.580Z</time>
      </trkpt>
      <trkpt lat="43.276052" lon="-4.172455">
        <ele>279.020</ele>
        <time>2024-08-15T15:16:22.580Z</time>
      </trkpt>
      <trkpt lat="43.276007" lon="-4.172407">
        <ele>279.945</ele>
        <time>2024-08-15T15:16:23.581Z</time>
      </trkpt>
      <trkpt lat="43.275972" lon="-4.172257">
        <ele>282.747</ele>
        <time>2024-08-15T15:16:25.581Z</time>
      </trkpt>
      <trkpt lat="43.276037" lon="-4.172057">
        <ele>283.811</ele>
        <time>2024-08-15T15:16:27.580Z</time>
      </trkpt>
      <trkpt lat="43.276070" lon="-4.171963">
        <ele>285.709</ele>
        <time>2024-08-15T15:16:28.580Z</time>
      </trkpt>
      <trkpt lat="43.276087" lon="-4.171859">
        <ele>287.765</ele>
        <time>2024-08-15T15:16:29.580Z</time>
      </trkpt>
      <trkpt lat="43.276086" lon="-4.171752">
        <ele>288.872</ele>
        <time>2024-08-15T15:16:30.580Z</time>
      </trkpt>
      <trkpt lat="43.276083" lon="-4.171630">
        <ele>289.015</ele>
        <time>2024-08-15T15:16:31.580Z</time>
      </trkpt>
      <trkpt lat="43.276073" lon="-4.171510">
        <ele>289.945</ele>
        <time>2024-08-15T15:16:32.580Z</time>
      </trkpt>
      <trkpt lat="43.276072" lon="-4.171378">
        <ele>291.310</ele>
        <time>2024-08-15T15:16:33.580Z</time>
      </trkpt>
      <trkpt lat="43.276076" lon="-4.171240">
        <ele>292.431</ele>
        <time>2024-08-15T15:16:34.581Z</time>
      </trkpt>
      <trkpt lat="43.276119" lon="-4.170990">
        <ele>294.724</ele>
        <time>2024-08-15T15:16:36.580Z</time>
      </trkpt>
      <trkpt lat="43.276175" lon="-4.170889">
        <ele>295.988</ele>
        <time>2024-08-15T15:16:37.580Z</time>
      </trkpt>
      <trkpt lat="43.276255" lon="-4.170810">
        <ele>296.953</ele>
        <time>2024-08-15T15:16:38.580Z</time>
      </trkpt>
      <trkpt lat="43.276335" lon="-4.170738">
        <ele>299.199</ele>
        <time>2024-08-15T15:16:39.581Z</time>
      </trkpt>
      <trkpt lat="43.276417" lon="-4.170666">
        <ele>300.507</ele>
        <time>2024-08-15T15:16:40.581Z</time>
      </trkpt>
      <trkpt lat="43.276494" lon="-4.170591">
        <ele>302.127</ele>
        <time>2024-08-15T15:16:41.581Z</time>
      </trkpt>
      <trkpt lat="43.276552" lon="-4.170501">
        <ele>303.509</ele>
        <time>2024-08-15T15:16:42.581Z</time>
      </trkpt>
      <trkpt lat="43.276604" lon="-4.170387">
        <ele>303.710</ele>
        <time>2024-08-15T15:16:43.581Z</time>
      </trkpt>
      <trkpt lat="43.276653" lon="-4.170275">
        <ele>304.537</ele>
        <time>2024-08-15T15:16:44.581Z</time>
      </trkpt>
      <trkpt lat="43.276694" lon="-4.170172">
        <ele>305.790</ele>
        <time>2024-08-15T15:16:45.581Z</time>
      </trkpt>
      <trkpt lat="43.276733" lon="-4.170082">
        <ele>307.740</ele>
        <time>2024-08-15T15:16:46.581Z</time>
      </trkpt>
      <trkpt lat="43.276754" lon="-4.169976">
        <ele>308.695</ele>
        <time>2024-08-15T15:16:47.581Z</time>
      </trkpt>
      <trkpt lat="43.276743" lon="-4.169872">
        <ele>309.976</ele>
        <time>2024-08-15T15:16:48.581Z</time>
      </trkpt>
      <trkpt lat="43.276710" lon="-4.169771">
        <ele>310.739</ele>
        <time>2024-08-15T15:16:49.581Z</time>
      </trkpt>
      <trkpt lat="43.276645" lon="-4.169680">
        <ele>311.463</ele>
        <time>2024-08-15T15:16:50.581Z</time>
      </trkpt>
      <trkpt lat="43.276551" lon="-4.169611">
        <ele>312.758</ele>
        <time>2024-08-15T15:16:51.581Z</time>
      </trkpt>
      <trkpt lat="43.276433" lon="-4.169556">
        <ele>313.973</ele>
        <time>2024-08-15T15:16:52.581Z</time>
      </trkpt>
      <trkpt lat="43.276313" lon="-4.169513">
        <ele>314.585</ele>
        <time>2024-08-15T15:16:53.581Z</time>
      </trkpt>
      <trkpt lat="43.276195" lon="-4.169471">
        <ele>315.313</ele>
        <time>2024-08-15T15:16:54.581Z</time>
      </trkpt>
      <trkpt lat="43.276085" lon="-4.169422">
        <ele>316.609</ele>
        <time>2024-08-15T15:16:55.581Z</time>
      </trkpt>
      <trkpt lat="43.275982" lon="-4.169367">
        <ele>317.448</ele>
        <time>2024-08-15T15:16:56.581Z</time>
      </trkpt>
      <trkpt lat="43.275876" lon="-4.169306">
        <ele>318.965</ele>
        <time>2024-08-15T15:16:57.581Z</time>
      </trkpt>
      <trkpt lat="43.275782" lon="-4.169237">
        <ele>321.788</ele>
        <time>2024-08-15T15:16:58.581Z</time>
      </trkpt>
      <trkpt lat="43.275693" lon="-4.169161">
        <ele>323.268</ele>
        <time>2024-08-15T15:16:59.581Z</time>
      </trkpt>
      <trkpt lat="43.275598" lon="-4.169086">
        <ele>326.273</ele>
        <time>2024-08-15T15:17:00.581Z</time>
      </trkpt>
      <trkpt lat="43.275510" lon="-4.169012">
        <ele>329.014</ele>
        <time>2024-08-15T15:17:01.581Z</time>
      </trkpt>
      <trkpt lat="43.275415" lon="-4.168919">
        <ele>330.867</ele>
        <time>2024-08-15T15:17:02.581Z</time>
      </trkpt>
      <trkpt lat="43.275332" lon="-4.168824">
        <ele>331.171</ele>
        <time>2024-08-15T15:17:03.581Z</time>
      </trkpt>
      <trkpt lat="43.275249" lon="-4.168731">
        <ele>333.446</ele>
        <time>2024-08-15T15:17:04.581Z</time>
      </trkpt>
      <trkpt lat="43.275163" lon="-4.168651">
        <ele>336.485</ele>
        <time>2024-08-15T15:17:05.581Z</time>
      </trkpt>
      <trkpt lat="43.275077" lon="-4.168590">
        <ele>338.789</ele>
        <time>2024-08-15T15:17:06.581Z</time>
      </trkpt>
      <trkpt lat="43.274991" lon="-4.168534">
        <ele>340.917</ele>
        <time>2024-08-15T15:17:07.581Z</time>
      </trkpt>
      <trkpt lat="43.274897" lon="-4.168483">
        <ele>342.609</ele>
        <time>2024-08-15T15:17:08.581Z</time>
      </trkpt>
      <trkpt lat="43.274814" lon="-4.168453">
        <ele>345.269</ele>
        <time>2024-08-15T15:17:09.581Z</time>
      </trkpt>
      <trkpt lat="43.274731" lon="-4.168443">
        <ele>347.296</ele>
        <time>2024-08-15T15:17:10.581Z</time>
      </trkpt>
      <trkpt lat="43.274652" lon="-4.168457">
        <ele>349.539</ele>
        <time>2024-08-15T15:17:11.581Z</time>
      </trkpt>
      <trkpt lat="43.274557" lon="-4.168511">
        <ele>349.549</ele>
        <time>2024-08-15T15:17:12.581Z</time>
      </trkpt>
      <trkpt lat="43.274457" lon="-4.168577">
        <ele>349.694</ele>
        <time>2024-08-15T15:17:13.581Z</time>
      </trkpt>
      <trkpt lat="43.274364" lon="-4.168647">
        <ele>352.515</ele>
        <time>2024-08-15T15:17:14.581Z</time>
      </trkpt>
      <trkpt lat="43.274268" lon="-4.168702">
        <ele>354.358</ele>
        <time>2024-08-15T15:17:15.581Z</time>
      </trkpt>
      <trkpt lat="43.274169" lon="-4.168753">
        <ele>355.672</ele>
        <time>2024-08-15T15:17:16.581Z</time>
      </trkpt>
      <trkpt lat="43.274073" lon="-4.168795">
        <ele>358.227</ele>
        <time>2024-08-15T15:17:17.581Z</time>
      </trkpt>
      <trkpt lat="43.273979" lon="-4.168823">
        <ele>359.815</ele>
        <time>2024-08-15T15:17:18.582Z</time>
      </trkpt>
      <trkpt lat="43.273804" lon="-4.168806">
        <ele>364.065</ele>
        <time>2024-08-15T15:17:20.581Z</time>
      </trkpt>
      <trkpt lat="43.273717" lon="-4.168781">
        <ele>365.011</ele>
        <time>2024-08-15T15:17:21.581Z</time>
      </trkpt>
      <trkpt lat="43.273635" lon="-4.168790">
        <ele>365.509</ele>
        <time>2024-08-15T15:17:22.581Z</time>
      </trkpt>
      <trkpt lat="43.273557" lon="-4.168831">
        <ele>366.832</ele>
        <time>2024-08-15T15:17:23.581Z</time>
      </trkpt>
      <trkpt lat="43.273463" lon="-4.168884">
        <ele>368.389</ele>
        <time>2024-08-15T15:17:24.581Z</time>
      </trkpt>
      <trkpt lat="43.273373" lon="-4.168933">
        <ele>369.412</ele>
        <time>2024-08-15T15:17:25.582Z</time>
      </trkpt>
      <trkpt lat="43.273278" lon="-4.168951">
        <ele>371.682</ele>
        <time>2024-08-15T15:17:26.582Z</time>
      </trkpt>
      <trkpt lat="43.273074" lon="-4.168952">
        <ele>374.457</ele>
        <time>2024-08-15T15:17:28.581Z</time>
      </trkpt>
      <trkpt lat="43.272972" lon="-4.168965">
        <ele>375.468</ele>
        <time>2024-08-15T15:17:29.582Z</time>
      </trkpt>
      <trkpt lat="43.272880" lon="-4.168988">
        <ele>376.691</ele>
        <time>2024-08-15T15:17:30.582Z</time>
      </trkpt>
      <trkpt lat="43.272802" lon="-4.169020">
        <ele>378.325</ele>
        <time>2024-08-15T15:17:31.582Z</time>
      </trkpt>
      <trkpt lat="43.272739" lon="-4.169068">
        <ele>379.270</ele>
        <time>2024-08-15T15:17:32.582Z</time>
      </trkpt>
      <trkpt lat="43.272681" lon="-4.169134">
        <ele>379.567</ele>
        <time>2024-08-15T15:17:33.582Z</time>
      </trkpt>
      <trkpt lat="43.272585" lon="-4.169316">
        <ele>380.481</ele>
        <time>2024-08-15T15:17:35.582Z</time>
      </trkpt>
      <trkpt lat="43.272537" lon="-4.169417">
        <ele>380.619</ele>
        <time>2024-08-15T15:17:36.582Z</time>
      </trkpt>
      <trkpt lat="43.272437" lon="-4.169606">
        <ele>380.509</ele>
        <time>2024-08-15T15:17:38.582Z</time>
      </trkpt>
      <trkpt lat="43.272392" lon="-4.169693">
        <ele>380.367</ele>
        <time>2024-08-15T15:17:39.582Z</time>
      </trkpt>
      <trkpt lat="43.272342" lon="-4.169771">
        <ele>380.234</ele>
        <time>2024-08-15T15:17:40.582Z</time>
      </trkpt>
      <trkpt lat="43.272286" lon="-4.169825">
        <ele>380.197</ele>
        <time>2024-08-15T15:17:41.582Z</time>
      </trkpt>
      <trkpt lat="43.272226" lon="-4.169843">
        <ele>379.767</ele>
        <time>2024-08-15T15:17:42.582Z</time>
      </trkpt>
      <trkpt lat="43.272159" lon="-4.169843">
        <ele>379.112</ele>
        <time>2024-08-15T15:17:43.582Z</time>
      </trkpt>
      <trkpt lat="43.272083" lon="-4.169836">
        <ele>378.393</ele>
        <time>2024-08-15T15:17:44.582Z</time>
      </trkpt>
      <trkpt lat="43.272012" lon="-4.169862">
        <ele>377.846</ele>
        <time>2024-08-15T15:17:45.582Z</time>
      </trkpt>
      <trkpt lat="43.271958" lon="-4.169927">
        <ele>377.860</ele>
        <time>2024-08-15T15:17:46.582Z</time>
      </trkpt>
      <trkpt lat="43.271918" lon="-4.170009">
        <ele>378.225</ele>
        <time>2024-08-15T15:17:47.582Z</time>
      </trkpt>
      <trkpt lat="43.271888" lon="-4.170115">
        <ele>378.757</ele>
        <time>2024-08-15T15:17:48.582Z</time>
      </trkpt>
      <trkpt lat="43.271857" lon="-4.170220">
        <ele>378.800</ele>
        <time>2024-08-15T15:17:49.582Z</time>
      </trkpt>
      <trkpt lat="43.271827" lon="-4.170323">
        <ele>378.820</ele>
        <time>2024-08-15T15:17:50.582Z</time>
      </trkpt>
      <trkpt lat="43.271791" lon="-4.170418">
        <ele>378.609</ele>
        <time>2024-08-15T15:17:51.582Z</time>
      </trkpt>
      <trkpt lat="43.271743" lon="-4.170487">
        <ele>378.386</ele>
        <time>2024-08-15T15:17:52.582Z</time>
      </trkpt>
      <trkpt lat="43.271678" lon="-4.170533">
        <ele>378.073</ele>
        <time>2024-08-15T15:17:53.583Z</time>
      </trkpt>
      <trkpt lat="43.271531" lon="-4.170572">
        <ele>376.686</ele>
        <time>2024-08-15T15:17:55.582Z</time>
      </trkpt>
      <trkpt lat="43.271463" lon="-4.170603">
        <ele>375.976</ele>
        <time>2024-08-15T15:17:56.582Z</time>
      </trkpt>
      <trkpt lat="43.271402" lon="-4.170664">
        <ele>375.641</ele>
        <time>2024-08-15T15:17:57.582Z</time>
      </trkpt>
      <trkpt lat="43.271350" lon="-4.170735">
        <ele>375.612</ele>
        <time>2024-08-15T15:17:58.582Z</time>
      </trkpt>
      <trkpt lat="43.271293" lon="-4.170800">
        <ele>375.585</ele>
        <time>2024-08-15T15:17:59.582Z</time>
      </trkpt>
      <trkpt lat="43.271222" lon="-4.170845">
        <ele>375.349</ele>
        <time>2024-08-15T15:18:00.582Z</time>
      </trkpt>
      <trkpt lat="43.271138" lon="-4.170872">
        <ele>375.364</ele>
        <time>2024-08-15T15:18:01.582Z</time>
      </trkpt>
      <trkpt lat="43.271048" lon="-4.170899">
        <ele>375.347</ele>
        <time>2024-08-15T15:18:02.582Z</time>
      </trkpt>
      <trkpt lat="43.270959" lon="-4.170937">
        <ele>375.329</ele>
        <time>2024-08-15T15:18:03.582Z</time>
      </trkpt>
      <trkpt lat="43.270871" lon="-4.170983">
        <ele>375.421</ele>
        <time>2024-08-15T15:18:04.582Z</time>
      </trkpt>
      <trkpt lat="43.270783" lon="-4.171023">
        <ele>375.409</ele>
        <time>2024-08-15T15:18:05.582Z</time>
      </trkpt>
      <trkpt lat="43.270692" lon="-4.171050">
        <ele>375.775</ele>
        <time>2024-08-15T15:18:06.582Z</time>
      </trkpt>
      <trkpt lat="43.270597" lon="-4.171065">
        <ele>376.222</ele>
        <time>2024-08-15T15:18:07.582Z</time>
      </trkpt>
      <trkpt lat="43.270505" lon="-4.171087">
        <ele>376.435</ele>
        <time>2024-08-15T15:18:08.582Z</time>
      </trkpt>
      <trkpt lat="43.270413" lon="-4.171128">
        <ele>377.075</ele>
        <time>2024-08-15T15:18:09.583Z</time>
      </trkpt>
      <trkpt lat="43.270255" lon="-4.171261">
        <ele>379.240</ele>
        <time>2024-08-15T15:18:11.582Z</time>
      </trkpt>
      <trkpt lat="43.270184" lon="-4.171342">
        <ele>380.791</ele>
        <time>2024-08-15T15:18:12.583Z</time>
      </trkpt>
      <trkpt lat="43.270118" lon="-4.171441">
        <ele>382.034</ele>
        <time>2024-08-15T15:18:13.583Z</time>
      </trkpt>
      <trkpt lat="43.269969" lon="-4.171552">
        <ele>384.438</ele>
        <time>2024-08-15T15:18:15.582Z</time>
      </trkpt>
      <trkpt lat="43.269879" lon="-4.171566">
        <ele>385.233</ele>
        <time>2024-08-15T15:18:16.582Z</time>
      </trkpt>
      <trkpt lat="43.269785" lon="-4.171555">
        <ele>385.714</ele>
        <time>2024-08-15T15:18:17.583Z</time>
      </trkpt>
      <trkpt lat="43.269620" lon="-4.171541">
        <ele>389.454</ele>
        <time>2024-08-15T15:18:19.582Z</time>
      </trkpt>
      <trkpt lat="43.269554" lon="-4.171575">
        <ele>390.709</ele>
        <time>2024-08-15T15:18:20.582Z</time>
      </trkpt>
      <trkpt lat="43.269501" lon="-4.171654">
        <ele>392.909</ele>
        <time>2024-08-15T15:18:21.582Z</time>
      </trkpt>
      <trkpt lat="43.269466" lon="-4.171767">
        <ele>394.832</ele>
        <time>2024-08-15T15:18:22.583Z</time>
      </trkpt>
      <trkpt lat="43.269434" lon="-4.172033">
        <ele>397.839</ele>
        <time>2024-08-15T15:18:24.583Z</time>
      </trkpt>
      <trkpt lat="43.269419" lon="-4.172298">
        <ele>400.652</ele>
        <time>2024-08-15T15:18:26.582Z</time>
      </trkpt>
      <trkpt lat="43.269383" lon="-4.172406">
        <ele>401.792</ele>
        <time>2024-08-15T15:18:27.582Z</time>
      </trkpt>
      <trkpt lat="43.269318" lon="-4.172507">
        <ele>402.617</ele>
        <time>2024-08-15T15:18:28.583Z</time>
      </trkpt>
      <trkpt lat="43.269237" lon="-4.172602">
        <ele>403.388</ele>
        <time>2024-08-15T15:18:29.583Z</time>
      </trkpt>
      <trkpt lat="43.269156" lon="-4.172684">
        <ele>404.131</ele>
        <time>2024-08-15T15:18:30.583Z</time>
      </trkpt>
      <trkpt lat="43.269069" lon="-4.172747">
        <ele>404.735</ele>
        <time>2024-08-15T15:18:31.583Z</time>
      </trkpt>
      <trkpt lat="43.268980" lon="-4.172796">
        <ele>405.430</ele>
        <time>2024-08-15T15:18:32.583Z</time>
      </trkpt>
      <trkpt lat="43.268888" lon="-4.172830">
        <ele>406.156</ele>
        <time>2024-08-15T15:18:33.583Z</time>
      </trkpt>
      <trkpt lat="43.268796" lon="-4.172860">
        <ele>406.359</ele>
        <time>2024-08-15T15:18:34.583Z</time>
      </trkpt>
      <trkpt lat="43.268706" lon="-4.172889">
        <ele>406.314</ele>
        <time>2024-08-15T15:18:35.583Z</time>
      </trkpt>
      <trkpt lat="43.268614" lon="-4.172917">
        <ele>406.509</ele>
        <time>2024-08-15T15:18:36.583Z</time>
      </trkpt>
      <trkpt lat="43.268519" lon="-4.172933">
        <ele>406.716</ele>
        <time>2024-08-15T15:18:37.583Z</time>
      </trkpt>
      <trkpt lat="43.268426" lon="-4.172932">
        <ele>406.933</ele>
        <time>2024-08-15T15:18:38.583Z</time>
      </trkpt>
      <trkpt lat="43.268331" lon="-4.172935">
        <ele>407.466</ele>
        <time>2024-08-15T15:18:39.583Z</time>
      </trkpt>
      <trkpt lat="43.268237" lon="-4.172943">
        <ele>408.786</ele>
        <time>2024-08-15T15:18:40.583Z</time>
      </trkpt>
      <trkpt lat="43.268143" lon="-4.172954">
        <ele>409.911</ele>
        <time>2024-08-15T15:18:41.583Z</time>
      </trkpt>
      <trkpt lat="43.268049" lon="-4.172977">
        <ele>411.492</ele>
        <time>2024-08-15T15:18:42.583Z</time>
      </trkpt>
      <trkpt lat="43.267953" lon="-4.173011">
        <ele>413.365</ele>
        <time>2024-08-15T15:18:43.583Z</time>
      </trkpt>
      <trkpt lat="43.267866" lon="-4.173042">
        <ele>415.069</ele>
        <time>2024-08-15T15:18:44.583Z</time>
      </trkpt>
      <trkpt lat="43.267778" lon="-4.173076">
        <ele>415.824</ele>
        <time>2024-08-15T15:18:45.583Z</time>
      </trkpt>
      <trkpt lat="43.267687" lon="-4.173115">
        <ele>418.246</ele>
        <time>2024-08-15T15:18:46.583Z</time>
      </trkpt>
      <trkpt lat="43.267604" lon="-4.173155">
        <ele>418.888</ele>
        <time>2024-08-15T15:18:47.583Z</time>
      </trkpt>
      <trkpt lat="43.267518" lon="-4.173179">
        <ele>420.716</ele>
        <time>2024-08-15T15:18:48.583Z</time>
      </trkpt>
      <trkpt lat="43.267438" lon="-4.173188">
        <ele>421.509</ele>
        <time>2024-08-15T15:18:49.583Z</time>
      </trkpt>
      <trkpt lat="43.267359" lon="-4.173189">
        <ele>422.745</ele>
        <time>2024-08-15T15:18:50.583Z</time>
      </trkpt>
      <trkpt lat="43.267277" lon="-4.173202">
        <ele>424.472</ele>
        <time>2024-08-15T15:18:51.583Z</time>
      </trkpt>
      <trkpt lat="43.267195" lon="-4.173224">
        <ele>425.835</ele>
        <time>2024-08-15T15:18:52.583Z</time>
      </trkpt>
      <trkpt lat="43.267112" lon="-4.173252">
        <ele>427.125</ele>
        <time>2024-08-15T15:18:53.583Z</time>
      </trkpt>
      <trkpt lat="43.267030" lon="-4.173280">
        <ele>428.040</ele>
        <time>2024-08-15T15:18:54.583Z</time>
      </trkpt>
      <trkpt lat="43.266950" lon="-4.173306">
        <ele>428.991</ele>
        <time>2024-08-15T15:18:55.583Z</time>
      </trkpt>
      <trkpt lat="43.266866" lon="-4.173334">
        <ele>429.874</ele>
        <time>2024-08-15T15:18:56.583Z</time>
      </trkpt>
      <trkpt lat="43.266780" lon="-4.173364">
        <ele>430.538</ele>
        <time>2024-08-15T15:18:57.583Z</time>
      </trkpt>
      <trkpt lat="43.266687" lon="-4.173392">
        <ele>430.883</ele>
        <time>2024-08-15T15:18:58.583Z</time>
      </trkpt>
      <trkpt lat="43.266593" lon="-4.173413">
        <ele>430.873</ele>
        <time>2024-08-15T15:18:59.583Z</time>
      </trkpt>
      <trkpt lat="43.266499" lon="-4.173437">
        <ele>430.385</ele>
        <time>2024-08-15T15:19:00.583Z</time>
      </trkpt>
      <trkpt lat="43.266404" lon="-4.173465">
        <ele>430.313</ele>
        <time>2024-08-15T15:19:01.583Z</time>
      </trkpt>
      <trkpt lat="43.266315" lon="-4.173493">
        <ele>430.309</ele>
        <time>2024-08-15T15:19:02.583Z</time>
      </trkpt>
      <trkpt lat="43.266217" lon="-4.173523">
        <ele>430.358</ele>
        <time>2024-08-15T15:19:03.583Z</time>
      </trkpt>
      <trkpt lat="43.266126" lon="-4.173552">
        <ele>430.745</ele>
        <time>2024-08-15T15:19:04.583Z</time>
      </trkpt>
      <trkpt lat="43.266032" lon="-4.173584">
        <ele>431.768</ele>
        <time>2024-08-15T15:19:05.583Z</time>
      </trkpt>
      <trkpt lat="43.265938" lon="-4.173618">
        <ele>432.738</ele>
        <time>2024-08-15T15:19:06.583Z</time>
      </trkpt>
      <trkpt lat="43.265845" lon="-4.173653">
        <ele>433.933</ele>
        <time>2024-08-15T15:19:07.583Z</time>
      </trkpt>
      <trkpt lat="43.265751" lon="-4.173689">
        <ele>434.954</ele>
        <time>2024-08-15T15:19:08.583Z</time>
      </trkpt>
      <trkpt lat="43.265659" lon="-4.173721">
        <ele>436.727</ele>
        <time>2024-08-15T15:19:09.584Z</time>
      </trkpt>
      <trkpt lat="43.265564" lon="-4.173749">
        <ele>438.051</ele>
        <time>2024-08-15T15:19:10.584Z</time>
      </trkpt>
      <trkpt lat="43.265368" lon="-4.173805">
        <ele>441.356</ele>
        <time>2024-08-15T15:19:12.583Z</time>
      </trkpt>
      <trkpt lat="43.265262" lon="-4.173832">
        <ele>442.797</ele>
        <time>2024-08-15T15:19:13.584Z</time>
      </trkpt>
      <trkpt lat="43.265061" lon="-4.173888">
        <ele>445.623</ele>
        <time>2024-08-15T15:19:15.583Z</time>
      </trkpt>
      <trkpt lat="43.264966" lon="-4.173906">
        <ele>447.125</ele>
        <time>2024-08-15T15:19:16.584Z</time>
      </trkpt>
      <trkpt lat="43.264782" lon="-4.173952">
        <ele>450.609</ele>
        <time>2024-08-15T15:19:18.583Z</time>
      </trkpt>
      <trkpt lat="43.264693" lon="-4.173980">
        <ele>452.510</ele>
        <time>2024-08-15T15:19:19.583Z</time>
      </trkpt>
      <trkpt lat="43.264603" lon="-4.174010">
        <ele>452.857</ele>
        <time>2024-08-15T15:19:20.584Z</time>
      </trkpt>
      <trkpt lat="43.264414" lon="-4.174064">
        <ele>454.720</ele>
        <time>2024-08-15T15:19:22.583Z</time>
      </trkpt>
      <trkpt lat="43.264318" lon="-4.174092">
        <ele>458.730</ele>
        <time>2024-08-15T15:19:23.583Z</time>
      </trkpt>
      <trkpt lat="43.264224" lon="-4.174124">
        <ele>461.215</ele>
        <time>2024-08-15T15:19:24.584Z</time>
      </trkpt>
      <trkpt lat="43.264040" lon="-4.174194">
        <ele>463.786</ele>
        <time>2024-08-15T15:19:26.584Z</time>
      </trkpt>
      <trkpt lat="43.263944" lon="-4.174226">
        <ele>464.259</ele>
        <time>2024-08-15T15:19:27.584Z</time>
      </trkpt>
      <trkpt lat="43.263848" lon="-4.174264">
        <ele>465.173</ele>
        <time>2024-08-15T15:19:28.584Z</time>
      </trkpt>
      <trkpt lat="43.263757" lon="-4.174303">
        <ele>467.588</ele>
        <time>2024-08-15T15:19:29.584Z</time>
      </trkpt>
      <trkpt lat="43.263664" lon="-4.174342">
        <ele>468.939</ele>
        <time>2024-08-15T15:19:30.584Z</time>
      </trkpt>
      <trkpt lat="43.263569" lon="-4.174378">
        <ele>469.201</ele>
        <time>2024-08-15T15:19:31.584Z</time>
      </trkpt>
      <trkpt lat="43.263471" lon="-4.174409">
        <ele>470.221</ele>
        <time>2024-08-15T15:19:32.584Z</time>
      </trkpt>
      <trkpt lat="43.263377" lon="-4.174438">
        <ele>471.309</ele>
        <time>2024-08-15T15:19:33.584Z</time>
      </trkpt>
      <trkpt lat="43.263286" lon="-4.174461">
        <ele>473.394</ele>
        <time>2024-08-15T15:19:34.584Z</time>
      </trkpt>
      <trkpt lat="43.263191" lon="-4.174486">
        <ele>475.361</ele>
        <time>2024-08-15T15:19:35.584Z</time>
      </trkpt>
      <trkpt lat="43.263098" lon="-4.174518">
        <ele>476.984</ele>
        <time>2024-08-15T15:19:36.584Z</time>
      </trkpt>
      <trkpt lat="43.263007" lon="-4.174549">
        <ele>479.444</ele>
        <time>2024-08-15T15:19:37.584Z</time>
      </trkpt>
      <trkpt lat="43.262913" lon="-4.174578">
        <ele>481.379</ele>
        <time>2024-08-15T15:19:38.584Z</time>
      </trkpt>
      <trkpt lat="43.262810" lon="-4.174609">
        <ele>483.160</ele>
        <time>2024-08-15T15:19:39.584Z</time>
      </trkpt>
      <trkpt lat="43.262710" lon="-4.174638">
        <ele>484.863</ele>
        <time>2024-08-15T15:19:40.584Z</time>
      </trkpt>
      <trkpt lat="43.262613" lon="-4.174664">
        <ele>485.847</ele>
        <time>2024-08-15T15:19:41.584Z</time>
      </trkpt>
      <trkpt lat="43.262515" lon="-4.174692">
        <ele>486.972</ele>
        <time>2024-08-15T15:19:42.584Z</time>
      </trkpt>
      <trkpt lat="43.262419" lon="-4.174721">
        <ele>488.423</ele>
        <time>2024-08-15T15:19:43.584Z</time>
      </trkpt>
      <trkpt lat="43.262328" lon="-4.174754">
        <ele>489.983</ele>
        <time>2024-08-15T15:19:44.584Z</time>
      </trkpt>
      <trkpt lat="43.262246" lon="-4.174785">
        <ele>491.011</ele>
        <time>2024-08-15T15:19:45.584Z</time>
      </trkpt>
      <trkpt lat="43.262164" lon="-4.174812">
        <ele>492.609</ele>
        <time>2024-08-15T15:19:46.584Z</time>
      </trkpt>
      <trkpt lat="43.262100" lon="-4.174823">
        <ele>493.313</ele>
        <time>2024-08-15T15:19:47.584Z</time>
      </trkpt>
      <trkpt lat="43.262031" lon="-4.174813">
        <ele>496.420</ele>
        <time>2024-08-15T15:19:49.584Z</time>
      </trkpt>
      <trkpt lat="43.261983" lon="-4.174750">
        <ele>497.943</ele>
        <time>2024-08-15T15:20:09.584Z</time>
      </trkpt>
      <trkpt lat="43.261918" lon="-4.174712">
        <ele>498.253</ele>
        <time>2024-08-15T15:20:11.585Z</time>
      </trkpt>
      <trkpt lat="43.261846" lon="-4.174648">
        <ele>498.378</ele>
        <time>2024-08-15T15:20:13.584Z</time>
      </trkpt>
      <trkpt lat="43.261809" lon="-4.174609">
        <ele>499.389</ele>
        <time>2024-08-15T15:20:14.584Z</time>
      </trkpt>
      <trkpt lat="43.261748" lon="-4.174529">
        <ele>503.272</ele>
        <time>2024-08-15T15:20:16.585Z</time>
      </trkpt>
      <trkpt lat="43.261718" lon="-4.174472">
        <ele>503.736</ele>
        <time>2024-08-15T15:20:17.585Z</time>
      </trkpt>
      <trkpt lat="43.261630" lon="-4.174344">
        <ele>506.491</ele>
        <time>2024-08-15T15:20:19.585Z</time>
      </trkpt>
      <trkpt lat="43.261588" lon="-4.174281">
        <ele>507.833</ele>
        <time>2024-08-15T15:20:20.585Z</time>
      </trkpt>
      <trkpt lat="43.261524" lon="-4.174174">
        <ele>509.923</ele>
        <time>2024-08-15T15:20:22.585Z</time>
      </trkpt>
      <trkpt lat="43.261491" lon="-4.174125">
        <ele>510.415</ele>
        <time>2024-08-15T15:20:23.585Z</time>
      </trkpt>
      <trkpt lat="43.261424" lon="-4.174051">
        <ele>511.209</ele>
        <time>2024-08-15T15:20:25.585Z</time>
      </trkpt>
      <trkpt lat="43.261355" lon="-4.173998">
        <ele>512.554</ele>
        <time>2024-08-15T15:20:27.585Z</time>
      </trkpt>
      <trkpt lat="43.261305" lon="-4.174014">
        <ele>515.281</ele>
        <time>2024-08-15T15:20:43.585Z</time>
      </trkpt>
      <trkpt lat="43.261229" lon="-4.174048">
        <ele>515.234</ele>
        <time>2024-08-15T15:20:45.585Z</time>
      </trkpt>
      <trkpt lat="43.261181" lon="-4.174099">
        <ele>515.264</ele>
        <time>2024-08-15T15:20:47.585Z</time>
      </trkpt>
      <trkpt lat="43.261177" lon="-4.174180">
        <ele>515.399</ele>
        <time>2024-08-15T15:20:49.585Z</time>
      </trkpt>
      <trkpt lat="43.261189" lon="-4.174250">
        <ele>518.080</ele>
        <time>2024-08-15T15:20:51.585Z</time>
      </trkpt>
      <trkpt lat="43.261169" lon="-4.174311">
        <ele>518.863</ele>
        <time>2024-08-15T15:20:53.585Z</time>
      </trkpt>
      <trkpt lat="43.261131" lon="-4.174381">
        <ele>519.577</ele>
        <time>2024-08-15T15:20:55.585Z</time>
      </trkpt>
      <trkpt lat="43.261065" lon="-4.174417">
        <ele>519.932</ele>
        <time>2024-08-15T15:20:57.585Z</time>
      </trkpt>
      <trkpt lat="43.261011" lon="-4.174460">
        <ele>523.988</ele>
        <time>2024-08-15T15:21:17.586Z</time>
      </trkpt>
      <trkpt lat="43.260955" lon="-4.174520">
        <ele>524.524</ele>
        <time>2024-08-15T15:21:19.586Z</time>
      </trkpt>
      <trkpt lat="43.260905" lon="-4.174575">
        <ele>525.026</ele>
        <time>2024-08-15T15:21:21.586Z</time>
      </trkpt>
      <trkpt lat="43.260858" lon="-4.174629">
        <ele>525.309</ele>
        <time>2024-08-15T15:21:23.586Z</time>
      </trkpt>
      <trkpt lat="43.260802" lon="-4.174679">
        <ele>525.619</ele>
        <time>2024-08-15T15:21:25.586Z</time>
      </trkpt>
      <trkpt lat="43.260752" lon="-4.174748">
        <ele>529.616</ele>
        <time>2024-08-15T15:21:27.586Z</time>
      </trkpt>
      <trkpt lat="43.260706" lon="-4.174806">
        <ele>530.869</ele>
        <time>2024-08-15T15:21:29.586Z</time>
      </trkpt>
      <trkpt lat="43.260655" lon="-4.174863">
        <ele>533.029</ele>
        <time>2024-08-15T15:21:31.586Z</time>
      </trkpt>
      <trkpt lat="43.260602" lon="-4.174904">
        <ele>534.684</ele>
        <time>2024-08-15T15:21:33.586Z</time>
      </trkpt>
      <trkpt lat="43.260555" lon="-4.174924">
        <ele>536.595</ele>
        <time>2024-08-15T15:21:35.586Z</time>
      </trkpt>
      <trkpt lat="43.260499" lon="-4.174951">
        <ele>542.518</ele>
        <time>2024-08-15T15:23:02.588Z</time>
      </trkpt>
      <trkpt lat="43.260429" lon="-4.175023">
        <ele>542.722</ele>
        <time>2024-08-15T15:23:18.588Z</time>
      </trkpt>
      <trkpt lat="43.260374" lon="-4.175081">
        <ele>542.757</ele>
        <time>2024-08-15T15:23:20.588Z</time>
      </trkpt>
      <trkpt lat="43.260340" lon="-4.175127">
        <ele>543.048</ele>
        <time>2024-08-15T15:23:22.588Z</time>
      </trkpt>
      <trkpt lat="43.260298" lon="-4.175183">
        <ele>545.061</ele>
        <time>2024-08-15T15:23:25.588Z</time>
      </trkpt>
      <trkpt lat="43.260261" lon="-4.175222">
        <ele>548.717</ele>
        <time>2024-08-15T15:23:27.588Z</time>
      </trkpt>
      <trkpt lat="43.260212" lon="-4.175251">
        <ele>549.209</ele>
        <time>2024-08-15T15:23:29.588Z</time>
      </trkpt>
      <trkpt lat="43.260157" lon="-4.175282">
        <ele>556.915</ele>
        <time>2024-08-15T15:25:43.590Z</time>
      </trkpt>
      <trkpt lat="43.260112" lon="-4.175255">
        <ele>557.232</ele>
        <time>2024-08-15T15:26:01.591Z</time>
      </trkpt>
      <trkpt lat="43.260061" lon="-4.175193">
        <ele>557.215</ele>
        <time>2024-08-15T15:26:04.591Z</time>
      </trkpt>
      <trkpt lat="43.260011" lon="-4.175174">
        <ele>557.255</ele>
        <time>2024-08-15T15:26:06.591Z</time>
      </trkpt>
      <trkpt lat="43.259963" lon="-4.175202">
        <ele>558.390</ele>
        <time>2024-08-15T15:26:09.591Z</time>
      </trkpt>
      <trkpt lat="43.259955" lon="-4.175294">
        <ele>561.361</ele>
        <time>2024-08-15T15:47:14.612Z</time>
      </trkpt>
      <trkpt lat="43.260014" lon="-4.175295">
        <ele>561.394</ele>
        <time>2024-08-15T15:53:47.618Z</time>
      </trkpt>
      <trkpt lat="43.260062" lon="-4.175272">
        <ele>561.398</ele>
        <time>2024-08-15T15:53:51.618Z</time>
      </trkpt>
      <trkpt lat="43.260114" lon="-4.175284">
        <ele>561.383</ele>
        <time>2024-08-15T15:53:54.618Z</time>
      </trkpt>
      <trkpt lat="43.260143" lon="-4.175337">
        <ele>561.355</ele>
        <time>2024-08-15T15:53:56.618Z</time>
      </trkpt>
      <trkpt lat="43.260132" lon="-4.175410">
        <ele>556.407</ele>
        <time>2024-08-15T15:54:14.619Z</time>
      </trkpt>
      <trkpt lat="43.260151" lon="-4.175471">
        <ele>555.317</ele>
        <time>2024-08-15T15:54:27.619Z</time>
      </trkpt>
      <trkpt lat="43.260203" lon="-4.175462">
        <ele>555.309</ele>
        <time>2024-08-15T15:54:32.619Z</time>
      </trkpt>
      <trkpt lat="43.260247" lon="-4.175443">
        <ele>555.266</ele>
        <time>2024-08-15T15:54:35.619Z</time>
      </trkpt>
      <trkpt lat="43.260292" lon="-4.175417">
        <ele>555.213</ele>
        <time>2024-08-15T15:54:38.619Z</time>
      </trkpt>
      <trkpt lat="43.260343" lon="-4.175393">
        <ele>554.666</ele>
        <time>2024-08-15T15:54:41.619Z</time>
      </trkpt>
      <trkpt lat="43.260399" lon="-4.175374">
        <ele>554.046</ele>
        <time>2024-08-15T15:54:44.619Z</time>
      </trkpt>
      <trkpt lat="43.260455" lon="-4.175342">
        <ele>552.311</ele>
        <time>2024-08-15T15:54:47.619Z</time>
      </trkpt>
      <trkpt lat="43.260500" lon="-4.175298">
        <ele>550.642</ele>
        <time>2024-08-15T15:54:50.619Z</time>
      </trkpt>
      <trkpt lat="43.260546" lon="-4.175284">
        <ele>549.445</ele>
        <time>2024-08-15T15:54:52.619Z</time>
      </trkpt>
      <trkpt lat="43.260602" lon="-4.175267">
        <ele>547.069</ele>
        <time>2024-08-15T15:54:55.619Z</time>
      </trkpt>
      <trkpt lat="43.260655" lon="-4.175266">
        <ele>545.354</ele>
        <time>2024-08-15T15:54:58.619Z</time>
      </trkpt>
      <trkpt lat="43.260701" lon="-4.175242">
        <ele>543.647</ele>
        <time>2024-08-15T15:55:01.619Z</time>
      </trkpt>
      <trkpt lat="43.260760" lon="-4.175236">
        <ele>541.529</ele>
        <time>2024-08-15T15:55:04.619Z</time>
      </trkpt>
      <trkpt lat="43.260816" lon="-4.175229">
        <ele>540.221</ele>
        <time>2024-08-15T15:55:06.619Z</time>
      </trkpt>
      <trkpt lat="43.260866" lon="-4.175198">
        <ele>538.609</ele>
        <time>2024-08-15T15:55:08.619Z</time>
      </trkpt>
      <trkpt lat="43.260924" lon="-4.175156">
        <ele>536.255</ele>
        <time>2024-08-15T15:55:11.619Z</time>
      </trkpt>
      <trkpt lat="43.260980" lon="-4.175152">
        <ele>533.912</ele>
        <time>2024-08-15T15:55:13.619Z</time>
      </trkpt>
      <trkpt lat="43.261027" lon="-4.175095">
        <ele>525.225</ele>
        <time>2024-08-15T15:55:45.620Z</time>
      </trkpt>
      <trkpt lat="43.261058" lon="-4.175036">
        <ele>525.175</ele>
        <time>2024-08-15T15:55:54.620Z</time>
      </trkpt>
      <trkpt lat="43.261066" lon="-4.174950">
        <ele>525.170</ele>
        <time>2024-08-15T15:55:57.620Z</time>
      </trkpt>
      <trkpt lat="43.261075" lon="-4.174881">
        <ele>525.181</ele>
        <time>2024-08-15T15:55:59.620Z</time>
      </trkpt>
      <trkpt lat="43.261100" lon="-4.174786">
        <ele>525.114</ele>
        <time>2024-08-15T15:56:02.620Z</time>
      </trkpt>
      <trkpt lat="43.261114" lon="-4.174726">
        <ele>524.898</ele>
        <time>2024-08-15T15:56:04.620Z</time>
      </trkpt>
      <trkpt lat="43.261127" lon="-4.174662">
        <ele>523.853</ele>
        <time>2024-08-15T15:56:06.620Z</time>
      </trkpt>
      <trkpt lat="43.261147" lon="-4.174581">
        <ele>522.966</ele>
        <time>2024-08-15T15:56:09.620Z</time>
      </trkpt>
      <trkpt lat="43.261172" lon="-4.174522">
        <ele>522.429</ele>
        <time>2024-08-15T15:56:12.620Z</time>
      </trkpt>
      <trkpt lat="43.261198" lon="-4.174471">
        <ele>521.721</ele>
        <time>2024-08-15T15:56:15.620Z</time>
      </trkpt>
      <trkpt lat="43.261254" lon="-4.174459">
        <ele>520.509</ele>
        <time>2024-08-15T15:56:19.620Z</time>
      </trkpt>
      <trkpt lat="43.261309" lon="-4.174451">
        <ele>519.447</ele>
        <time>2024-08-15T15:56:22.620Z</time>
      </trkpt>
      <trkpt lat="43.261357" lon="-4.174401">
        <ele>518.554</ele>
        <time>2024-08-15T15:56:25.621Z</time>
      </trkpt>
      <trkpt lat="43.261380" lon="-4.174347">
        <ele>513.647</ele>
        <time>2024-08-15T15:56:56.621Z</time>
      </trkpt>
      <trkpt lat="43.261422" lon="-4.174302">
        <ele>513.417</ele>
        <time>2024-08-15T15:57:01.621Z</time>
      </trkpt>
      <trkpt lat="43.261433" lon="-4.174230">
        <ele>513.312</ele>
        <time>2024-08-15T15:57:32.622Z</time>
      </trkpt>
      <trkpt lat="43.261466" lon="-4.174168">
        <ele>513.223</ele>
        <time>2024-08-15T15:57:38.622Z</time>
      </trkpt>
      <trkpt lat="43.261533" lon="-4.174174">
        <ele>513.116</ele>
        <time>2024-08-15T15:57:41.622Z</time>
      </trkpt>
      <trkpt lat="43.261575" lon="-4.174248">
        <ele>513.160</ele>
        <time>2024-08-15T15:57:43.622Z</time>
      </trkpt>
      <trkpt lat="43.261622" lon="-4.174315">
        <ele>512.115</ele>
        <time>2024-08-15T15:57:45.622Z</time>
      </trkpt>
      <trkpt lat="43.261655" lon="-4.174378">
        <ele>511.596</ele>
        <time>2024-08-15T15:57:47.622Z</time>
      </trkpt>
      <trkpt lat="43.261695" lon="-4.174442">
        <ele>510.531</ele>
        <time>2024-08-15T15:57:49.622Z</time>
      </trkpt>
      <trkpt lat="43.261736" lon="-4.174499">
        <ele>509.724</ele>
        <time>2024-08-15T15:57:51.622Z</time>
      </trkpt>
      <trkpt lat="43.261778" lon="-4.174562">
        <ele>509.209</ele>
        <time>2024-08-15T15:57:53.622Z</time>
      </trkpt>
      <trkpt lat="43.261822" lon="-4.174608">
        <ele>508.660</ele>
        <time>2024-08-15T15:57:55.622Z</time>
      </trkpt>
      <trkpt lat="43.261873" lon="-4.174649">
        <ele>507.377</ele>
        <time>2024-08-15T15:57:57.622Z</time>
      </trkpt>
      <trkpt lat="43.261913" lon="-4.174691">
        <ele>506.540</ele>
        <time>2024-08-15T15:58:00.622Z</time>
      </trkpt>
      <trkpt lat="43.261934" lon="-4.174765">
        <ele>505.490</ele>
        <time>2024-08-15T15:58:03.622Z</time>
      </trkpt>
      <trkpt lat="43.261913" lon="-4.174834">
        <ele>501.685</ele>
        <time>2024-08-15T15:58:20.622Z</time>
      </trkpt>
      <trkpt lat="43.261862" lon="-4.174857">
        <ele>501.176</ele>
        <time>2024-08-15T15:58:23.622Z</time>
      </trkpt>
      <trkpt lat="43.261842" lon="-4.174922">
        <ele>500.779</ele>
        <time>2024-08-15T15:58:27.622Z</time>
      </trkpt>
      <trkpt lat="43.261809" lon="-4.174980">
        <ele>500.513</ele>
        <time>2024-08-15T15:58:29.622Z</time>
      </trkpt>
      <trkpt lat="43.261764" lon="-4.175060">
        <ele>500.458</ele>
        <time>2024-08-15T15:58:31.622Z</time>
      </trkpt>
      <trkpt lat="43.261744" lon="-4.175146">
        <ele>499.377</ele>
        <time>2024-08-15T15:58:33.622Z</time>
      </trkpt>
      <trkpt lat="43.261747" lon="-4.175220">
        <ele>499.261</ele>
        <time>2024-08-15T15:58:35.623Z</time>
      </trkpt>
      <trkpt lat="43.261783" lon="-4.175155">
        <ele>501.127</ele>
        <time>2024-08-15T16:01:15.625Z</time>
      </trkpt>
      <trkpt lat="43.261803" lon="-4.175085">
        <ele>501.109</ele>
        <time>2024-08-15T16:01:17.625Z</time>
      </trkpt>
      <trkpt lat="43.261825" lon="-4.175025">
        <ele>501.168</ele>
        <time>2024-08-15T16:01:19.626Z</time>
      </trkpt>
      <trkpt lat="43.261858" lon="-4.174967">
        <ele>501.125</ele>
        <time>2024-08-15T16:01:21.626Z</time>
      </trkpt>
      <trkpt lat="43.261889" lon="-4.174908">
        <ele>500.788</ele>
        <time>2024-08-15T16:01:24.625Z</time>
      </trkpt>
      <trkpt lat="43.261943" lon="-4.174862">
        <ele>499.118</ele>
        <time>2024-08-15T16:01:27.626Z</time>
      </trkpt>
      <trkpt lat="43.261992" lon="-4.174831">
        <ele>498.643</ele>
        <time>2024-08-15T16:01:29.626Z</time>
      </trkpt>
      <trkpt lat="43.262047" lon="-4.174802">
        <ele>498.564</ele>
        <time>2024-08-15T16:01:31.626Z</time>
      </trkpt>
      <trkpt lat="43.262102" lon="-4.174772">
        <ele>498.447</ele>
        <time>2024-08-15T16:01:33.625Z</time>
      </trkpt>
      <trkpt lat="43.262151" lon="-4.174782">
        <ele>498.041</ele>
        <time>2024-08-15T16:01:35.626Z</time>
      </trkpt>
      <trkpt lat="43.262203" lon="-4.174794">
        <ele>498.066</ele>
        <time>2024-08-15T16:01:37.625Z</time>
      </trkpt>
      <trkpt lat="43.262262" lon="-4.174771">
        <ele>497.985</ele>
        <time>2024-08-15T16:01:39.625Z</time>
      </trkpt>
      <trkpt lat="43.262339" lon="-4.174735">
        <ele>497.889</ele>
        <time>2024-08-15T16:01:41.626Z</time>
      </trkpt>
      <trkpt lat="43.262425" lon="-4.174698">
        <ele>497.017</ele>
        <time>2024-08-15T16:01:43.626Z</time>
      </trkpt>
      <trkpt lat="43.262505" lon="-4.174668">
        <ele>495.809</ele>
        <time>2024-08-15T16:01:45.626Z</time>
      </trkpt>
      <trkpt lat="43.262591" lon="-4.174637">
        <ele>494.179</ele>
        <time>2024-08-15T16:01:47.626Z</time>
      </trkpt>
      <trkpt lat="43.262675" lon="-4.174610">
        <ele>492.696</ele>
        <time>2024-08-15T16:01:49.626Z</time>
      </trkpt>
      <trkpt lat="43.262767" lon="-4.174585">
        <ele>491.059</ele>
        <time>2024-08-15T16:01:51.626Z</time>
      </trkpt>
      <trkpt lat="43.262822" lon="-4.174568">
        <ele>490.049</ele>
        <time>2024-08-15T16:01:52.626Z</time>
      </trkpt>
      <trkpt lat="43.262890" lon="-4.174549">
        <ele>488.774</ele>
        <time>2024-08-15T16:01:53.626Z</time>
      </trkpt>
      <trkpt lat="43.262958" lon="-4.174530">
        <ele>488.095</ele>
        <time>2024-08-15T16:01:54.626Z</time>
      </trkpt>
      <trkpt lat="43.263027" lon="-4.174509">
        <ele>486.938</ele>
        <time>2024-08-15T16:01:55.626Z</time>
      </trkpt>
      <trkpt lat="43.263094" lon="-4.174485">
        <ele>486.132</ele>
        <time>2024-08-15T16:01:56.626Z</time>
      </trkpt>
      <trkpt lat="43.263161" lon="-4.174461">
        <ele>484.847</ele>
        <time>2024-08-15T16:01:57.626Z</time>
      </trkpt>
      <trkpt lat="43.263230" lon="-4.174439">
        <ele>483.923</ele>
        <time>2024-08-15T16:01:58.626Z</time>
      </trkpt>
      <trkpt lat="43.263302" lon="-4.174416">
        <ele>483.083</ele>
        <time>2024-08-15T16:01:59.626Z</time>
      </trkpt>
      <trkpt lat="43.263377" lon="-4.174390">
        <ele>482.011</ele>
        <time>2024-08-15T16:02:00.626Z</time>
      </trkpt>
      <trkpt lat="43.263456" lon="-4.174365">
        <ele>481.109</ele>
        <time>2024-08-15T16:02:01.626Z</time>
      </trkpt>
      <trkpt lat="43.263530" lon="-4.174343">
        <ele>480.133</ele>
        <time>2024-08-15T16:02:02.626Z</time>
      </trkpt>
      <trkpt lat="43.263601" lon="-4.174323">
        <ele>479.140</ele>
        <time>2024-08-15T16:02:03.626Z</time>
      </trkpt>
      <trkpt lat="43.263669" lon="-4.174299">
        <ele>478.243</ele>
        <time>2024-08-15T16:02:04.626Z</time>
      </trkpt>
      <trkpt lat="43.263736" lon="-4.174271">
        <ele>477.333</ele>
        <time>2024-08-15T16:02:05.626Z</time>
      </trkpt>
      <trkpt lat="43.263799" lon="-4.174242">
        <ele>476.588</ele>
        <time>2024-08-15T16:02:06.626Z</time>
      </trkpt>
      <trkpt lat="43.263861" lon="-4.174211">
        <ele>475.979</ele>
        <time>2024-08-15T16:02:07.626Z</time>
      </trkpt>
      <trkpt lat="43.263925" lon="-4.174184">
        <ele>475.412</ele>
        <time>2024-08-15T16:02:08.626Z</time>
      </trkpt>
      <trkpt lat="43.263989" lon="-4.174163">
        <ele>475.236</ele>
        <time>2024-08-15T16:02:09.626Z</time>
      </trkpt>
      <trkpt lat="43.264053" lon="-4.174142">
        <ele>474.731</ele>
        <time>2024-08-15T16:02:10.626Z</time>
      </trkpt>
      <trkpt lat="43.264113" lon="-4.174120">
        <ele>474.192</ele>
        <time>2024-08-15T16:02:11.626Z</time>
      </trkpt>
      <trkpt lat="43.264173" lon="-4.174099">
        <ele>473.473</ele>
        <time>2024-08-15T16:02:12.626Z</time>
      </trkpt>
      <trkpt lat="43.264231" lon="-4.174079">
        <ele>472.720</ele>
        <time>2024-08-15T16:02:13.626Z</time>
      </trkpt>
      <trkpt lat="43.264289" lon="-4.174057">
        <ele>471.709</ele>
        <time>2024-08-15T16:02:14.626Z</time>
      </trkpt>
      <trkpt lat="43.264355" lon="-4.174034">
        <ele>470.570</ele>
        <time>2024-08-15T16:02:15.626Z</time>
      </trkpt>
      <trkpt lat="43.264422" lon="-4.174013">
        <ele>469.437</ele>
        <time>2024-08-15T16:02:16.626Z</time>
      </trkpt>
      <trkpt lat="43.264492" lon="-4.173992">
        <ele>468.210</ele>
        <time>2024-08-15T16:02:17.626Z</time>
      </trkpt>
      <trkpt lat="43.264562" lon="-4.173971">
        <ele>467.030</ele>
        <time>2024-08-15T16:02:18.626Z</time>
      </trkpt>
      <trkpt lat="43.264629" lon="-4.173949">
        <ele>465.735</ele>
        <time>2024-08-15T16:02:19.626Z</time>
      </trkpt>
      <trkpt lat="43.264694" lon="-4.173927">
        <ele>464.936</ele>
        <time>2024-08-15T16:02:20.627Z</time>
      </trkpt>
      <trkpt lat="43.264827" lon="-4.173882">
        <ele>462.999</ele>
        <time>2024-08-15T16:02:22.627Z</time>
      </trkpt>
      <trkpt lat="43.264897" lon="-4.173862">
        <ele>461.863</ele>
        <time>2024-08-15T16:02:23.627Z</time>
      </trkpt>
      <trkpt lat="43.264970" lon="-4.173846">
        <ele>460.648</ele>
        <time>2024-08-15T16:02:24.627Z</time>
      </trkpt>
      <trkpt lat="43.265044" lon="-4.173830">
        <ele>459.394</ele>
        <time>2024-08-15T16:02:25.627Z</time>
      </trkpt>
      <trkpt lat="43.265198" lon="-4.173801">
        <ele>456.657</ele>
        <time>2024-08-15T16:02:27.627Z</time>
      </trkpt>
      <trkpt lat="43.265369" lon="-4.173759">
        <ele>453.622</ele>
        <time>2024-08-15T16:02:29.627Z</time>
      </trkpt>
      <trkpt lat="43.265545" lon="-4.173720">
        <ele>450.509</ele>
        <time>2024-08-15T16:02:31.626Z</time>
      </trkpt>
      <trkpt lat="43.265627" lon="-4.173698">
        <ele>449.120</ele>
        <time>2024-08-15T16:02:32.626Z</time>
      </trkpt>
      <trkpt lat="43.265707" lon="-4.173670">
        <ele>447.937</ele>
        <time>2024-08-15T16:02:33.627Z</time>
      </trkpt>
      <trkpt lat="43.265785" lon="-4.173646">
        <ele>446.640</ele>
        <time>2024-08-15T16:02:34.627Z</time>
      </trkpt>
      <trkpt lat="43.265865" lon="-4.173615">
        <ele>445.250</ele>
        <time>2024-08-15T16:02:35.627Z</time>
      </trkpt>
      <trkpt lat="43.266014" lon="-4.173571">
        <ele>442.855</ele>
        <time>2024-08-15T16:02:37.627Z</time>
      </trkpt>
      <trkpt lat="43.266089" lon="-4.173547">
        <ele>441.536</ele>
        <time>2024-08-15T16:02:38.627Z</time>
      </trkpt>
      <trkpt lat="43.266166" lon="-4.173520">
        <ele>440.759</ele>
        <time>2024-08-15T16:02:39.627Z</time>
      </trkpt>
      <trkpt lat="43.266247" lon="-4.173482">
        <ele>439.913</ele>
        <time>2024-08-15T16:02:40.627Z</time>
      </trkpt>
      <trkpt lat="43.266325" lon="-4.173442">
        <ele>438.928</ele>
        <time>2024-08-15T16:02:41.627Z</time>
      </trkpt>
      <trkpt lat="43.266413" lon="-4.173411">
        <ele>437.251</ele>
        <time>2024-08-15T16:02:42.627Z</time>
      </trkpt>
      <trkpt lat="43.266508" lon="-4.173381">
        <ele>435.101</ele>
        <time>2024-08-15T16:02:43.627Z</time>
      </trkpt>
      <trkpt lat="43.266599" lon="-4.173354">
        <ele>433.411</ele>
        <time>2024-08-15T16:02:44.627Z</time>
      </trkpt>
      <trkpt lat="43.266688" lon="-4.173332">
        <ele>432.309</ele>
        <time>2024-08-15T16:02:45.627Z</time>
      </trkpt>
      <trkpt lat="43.266773" lon="-4.173316">
        <ele>431.276</ele>
        <time>2024-08-15T16:02:46.627Z</time>
      </trkpt>
      <trkpt lat="43.266854" lon="-4.173297">
        <ele>430.973</ele>
        <time>2024-08-15T16:02:47.627Z</time>
      </trkpt>
      <trkpt lat="43.266932" lon="-4.173279">
        <ele>430.476</ele>
        <time>2024-08-15T16:02:48.627Z</time>
      </trkpt>
      <trkpt lat="43.267005" lon="-4.173258">
        <ele>430.286</ele>
        <time>2024-08-15T16:02:49.627Z</time>
      </trkpt>
      <trkpt lat="43.267073" lon="-4.173235">
        <ele>430.161</ele>
        <time>2024-08-15T16:02:50.627Z</time>
      </trkpt>
      <trkpt lat="43.267139" lon="-4.173214">
        <ele>430.062</ele>
        <time>2024-08-15T16:02:51.627Z</time>
      </trkpt>
      <trkpt lat="43.267211" lon="-4.173197">
        <ele>429.725</ele>
        <time>2024-08-15T16:02:52.627Z</time>
      </trkpt>
      <trkpt lat="43.267282" lon="-4.173183">
        <ele>429.319</ele>
        <time>2024-08-15T16:02:53.627Z</time>
      </trkpt>
      <trkpt lat="43.267351" lon="-4.173170">
        <ele>429.074</ele>
        <time>2024-08-15T16:02:54.627Z</time>
      </trkpt>
      <trkpt lat="43.267415" lon="-4.173157">
        <ele>428.888</ele>
        <time>2024-08-15T16:02:55.627Z</time>
      </trkpt>
      <trkpt lat="43.267482" lon="-4.173142">
        <ele>428.724</ele>
        <time>2024-08-15T16:02:56.627Z</time>
      </trkpt>
      <trkpt lat="43.267550" lon="-4.173125">
        <ele>428.426</ele>
        <time>2024-08-15T16:02:57.627Z</time>
      </trkpt>
      <trkpt lat="43.267618" lon="-4.173109">
        <ele>428.009</ele>
        <time>2024-08-15T16:02:58.627Z</time>
      </trkpt>
      <trkpt lat="43.267684" lon="-4.173090">
        <ele>427.559</ele>
        <time>2024-08-15T16:02:59.627Z</time>
      </trkpt>
      <trkpt lat="43.267749" lon="-4.173069">
        <ele>426.986</ele>
        <time>2024-08-15T16:03:00.627Z</time>
      </trkpt>
      <trkpt lat="43.267813" lon="-4.173042">
        <ele>426.289</ele>
        <time>2024-08-15T16:03:01.627Z</time>
      </trkpt>
      <trkpt lat="43.267878" lon="-4.173007">
        <ele>425.499</ele>
        <time>2024-08-15T16:03:02.627Z</time>
      </trkpt>
      <trkpt lat="43.267949" lon="-4.172970">
        <ele>424.534</ele>
        <time>2024-08-15T16:03:03.627Z</time>
      </trkpt>
      <trkpt lat="43.268022" lon="-4.172942">
        <ele>423.675</ele>
        <time>2024-08-15T16:03:04.627Z</time>
      </trkpt>
      <trkpt lat="43.268098" lon="-4.172919">
        <ele>422.558</ele>
        <time>2024-08-15T16:03:05.627Z</time>
      </trkpt>
      <trkpt lat="43.268174" lon="-4.172897">
        <ele>421.152</ele>
        <time>2024-08-15T16:03:06.627Z</time>
      </trkpt>
      <trkpt lat="43.268254" lon="-4.172873">
        <ele>419.787</ele>
        <time>2024-08-15T16:03:07.627Z</time>
      </trkpt>
      <trkpt lat="43.268337" lon="-4.172856">
        <ele>418.475</ele>
        <time>2024-08-15T16:03:08.627Z</time>
      </trkpt>
      <trkpt lat="43.268425" lon="-4.172847">
        <ele>417.128</ele>
        <time>2024-08-15T16:03:09.627Z</time>
      </trkpt>
      <trkpt lat="43.268517" lon="-4.172845">
        <ele>415.720</ele>
        <time>2024-08-15T16:03:10.627Z</time>
      </trkpt>
      <trkpt lat="43.268603" lon="-4.172844">
        <ele>414.209</ele>
        <time>2024-08-15T16:03:11.627Z</time>
      </trkpt>
      <trkpt lat="43.268686" lon="-4.172831">
        <ele>412.898</ele>
        <time>2024-08-15T16:03:12.627Z</time>
      </trkpt>
      <trkpt lat="43.268763" lon="-4.172807">
        <ele>411.655</ele>
        <time>2024-08-15T16:03:13.627Z</time>
      </trkpt>
      <trkpt lat="43.268835" lon="-4.172779">
        <ele>410.648</ele>
        <time>2024-08-15T16:03:14.627Z</time>
      </trkpt>
      <trkpt lat="43.268907" lon="-4.172750">
        <ele>409.688</ele>
        <time>2024-08-15T16:03:15.627Z</time>
      </trkpt>
      <trkpt lat="43.268977" lon="-4.172721">
        <ele>408.693</ele>
        <time>2024-08-15T16:03:16.627Z</time>
      </trkpt>
      <trkpt lat="43.269048" lon="-4.172690">
        <ele>407.614</ele>
        <time>2024-08-15T16:03:17.627Z</time>
      </trkpt>
      <trkpt lat="43.269117" lon="-4.172649">
        <ele>406.947</ele>
        <time>2024-08-15T16:03:18.627Z</time>
      </trkpt>
      <trkpt lat="43.269180" lon="-4.172596">
        <ele>406.381</ele>
        <time>2024-08-15T16:03:19.628Z</time>
      </trkpt>
      <trkpt lat="43.269239" lon="-4.172530">
        <ele>405.816</ele>
        <time>2024-08-15T16:03:20.628Z</time>
      </trkpt>
      <trkpt lat="43.269347" lon="-4.172381">
        <ele>405.094</ele>
        <time>2024-08-15T16:03:22.627Z</time>
      </trkpt>
      <trkpt lat="43.269399" lon="-4.172307">
        <ele>404.557</ele>
        <time>2024-08-15T16:03:23.627Z</time>
      </trkpt>
      <trkpt lat="43.269443" lon="-4.172230">
        <ele>404.122</ele>
        <time>2024-08-15T16:03:24.627Z</time>
      </trkpt>
      <trkpt lat="43.269474" lon="-4.172139">
        <ele>403.609</ele>
        <time>2024-08-15T16:03:25.627Z</time>
      </trkpt>
      <trkpt lat="43.269488" lon="-4.172042">
        <ele>402.910</ele>
        <time>2024-08-15T16:03:26.628Z</time>
      </trkpt>
      <trkpt lat="43.269493" lon="-4.171864">
        <ele>401.597</ele>
        <time>2024-08-15T16:03:28.627Z</time>
      </trkpt>
      <trkpt lat="43.269499" lon="-4.171787">
        <ele>400.780</ele>
        <time>2024-08-15T16:03:29.627Z</time>
      </trkpt>
      <trkpt lat="43.269515" lon="-4.171716">
        <ele>400.290</ele>
        <time>2024-08-15T16:03:30.628Z</time>
      </trkpt>
      <trkpt lat="43.269542" lon="-4.171654">
        <ele>399.385</ele>
        <time>2024-08-15T16:03:31.628Z</time>
      </trkpt>
      <trkpt lat="43.269573" lon="-4.171591">
        <ele>399.046</ele>
        <time>2024-08-15T16:03:32.628Z</time>
      </trkpt>
      <trkpt lat="43.269640" lon="-4.171490">
        <ele>398.439</ele>
        <time>2024-08-15T16:03:34.628Z</time>
      </trkpt>
      <trkpt lat="43.269767" lon="-4.171469">
        <ele>397.993</ele>
        <time>2024-08-15T16:03:36.627Z</time>
      </trkpt>
      <trkpt lat="43.269840" lon="-4.171484">
        <ele>397.468</ele>
        <time>2024-08-15T16:03:37.628Z</time>
      </trkpt>
      <trkpt lat="43.269912" lon="-4.171490">
        <ele>397.171</ele>
        <time>2024-08-15T16:03:38.628Z</time>
      </trkpt>
      <trkpt lat="43.269987" lon="-4.171478">
        <ele>395.841</ele>
        <time>2024-08-15T16:03:39.628Z</time>
      </trkpt>
      <trkpt lat="43.270060" lon="-4.171456">
        <ele>394.715</ele>
        <time>2024-08-15T16:03:40.628Z</time>
      </trkpt>
      <trkpt lat="43.270130" lon="-4.171416">
        <ele>393.609</ele>
        <time>2024-08-15T16:03:41.628Z</time>
      </trkpt>
      <trkpt lat="43.270194" lon="-4.171353">
        <ele>392.268</ele>
        <time>2024-08-15T16:03:42.628Z</time>
      </trkpt>
      <trkpt lat="43.270251" lon="-4.171269">
        <ele>390.645</ele>
        <time>2024-08-15T16:03:43.628Z</time>
      </trkpt>
      <trkpt lat="43.270309" lon="-4.171182">
        <ele>389.158</ele>
        <time>2024-08-15T16:03:44.628Z</time>
      </trkpt>
      <trkpt lat="43.270372" lon="-4.171116">
        <ele>387.548</ele>
        <time>2024-08-15T16:03:45.628Z</time>
      </trkpt>
      <trkpt lat="43.270446" lon="-4.171066">
        <ele>385.863</ele>
        <time>2024-08-15T16:03:46.628Z</time>
      </trkpt>
      <trkpt lat="43.270525" lon="-4.171020">
        <ele>384.294</ele>
        <time>2024-08-15T16:03:47.628Z</time>
      </trkpt>
      <trkpt lat="43.270608" lon="-4.170985">
        <ele>382.957</ele>
        <time>2024-08-15T16:03:48.628Z</time>
      </trkpt>
      <trkpt lat="43.270698" lon="-4.170964">
        <ele>381.731</ele>
        <time>2024-08-15T16:03:49.628Z</time>
      </trkpt>
      <trkpt lat="43.270788" lon="-4.170957">
        <ele>380.756</ele>
        <time>2024-08-15T16:03:50.628Z</time>
      </trkpt>
      <trkpt lat="43.270874" lon="-4.170949">
        <ele>379.754</ele>
        <time>2024-08-15T16:03:51.628Z</time>
      </trkpt>
      <trkpt lat="43.270956" lon="-4.170922">
        <ele>378.756</ele>
        <time>2024-08-15T16:03:52.628Z</time>
      </trkpt>
      <trkpt lat="43.271038" lon="-4.170873">
        <ele>377.911</ele>
        <time>2024-08-15T16:03:53.628Z</time>
      </trkpt>
      <trkpt lat="43.271124" lon="-4.170824">
        <ele>377.209</ele>
        <time>2024-08-15T16:03:54.628Z</time>
      </trkpt>
      <trkpt lat="43.271210" lon="-4.170783">
        <ele>376.596</ele>
        <time>2024-08-15T16:03:55.628Z</time>
      </trkpt>
      <trkpt lat="43.271290" lon="-4.170744">
        <ele>375.253</ele>
        <time>2024-08-15T16:03:56.628Z</time>
      </trkpt>
      <trkpt lat="43.271361" lon="-4.170694">
        <ele>374.936</ele>
        <time>2024-08-15T16:03:57.628Z</time>
      </trkpt>
      <trkpt lat="43.271426" lon="-4.170625">
        <ele>374.646</ele>
        <time>2024-08-15T16:03:58.628Z</time>
      </trkpt>
      <trkpt lat="43.271484" lon="-4.170538">
        <ele>374.651</ele>
        <time>2024-08-15T16:03:59.628Z</time>
      </trkpt>
      <trkpt lat="43.271531" lon="-4.170460">
        <ele>374.662</ele>
        <time>2024-08-15T16:04:00.628Z</time>
      </trkpt>
      <trkpt lat="43.271606" lon="-4.170435">
        <ele>374.615</ele>
        <time>2024-08-15T16:04:01.628Z</time>
      </trkpt>
      <trkpt lat="43.271689" lon="-4.170435">
        <ele>374.529</ele>
        <time>2024-08-15T16:04:02.628Z</time>
      </trkpt>
      <trkpt lat="43.271768" lon="-4.170405">
        <ele>374.354</ele>
        <time>2024-08-15T16:04:03.628Z</time>
      </trkpt>
      <trkpt lat="43.271834" lon="-4.170337">
        <ele>374.178</ele>
        <time>2024-08-15T16:04:04.628Z</time>
      </trkpt>
      <trkpt lat="43.271893" lon="-4.170241">
        <ele>374.133</ele>
        <time>2024-08-15T16:04:05.628Z</time>
      </trkpt>
      <trkpt lat="43.271934" lon="-4.170127">
        <ele>373.826</ele>
        <time>2024-08-15T16:04:06.628Z</time>
      </trkpt>
      <trkpt lat="43.271964" lon="-4.170006">
        <ele>373.309</ele>
        <time>2024-08-15T16:04:07.628Z</time>
      </trkpt>
      <trkpt lat="43.271992" lon="-4.169898">
        <ele>372.528</ele>
        <time>2024-08-15T16:04:08.628Z</time>
      </trkpt>
      <trkpt lat="43.272029" lon="-4.169812">
        <ele>372.575</ele>
        <time>2024-08-15T16:04:09.628Z</time>
      </trkpt>
      <trkpt lat="43.272073" lon="-4.169754">
        <ele>372.758</ele>
        <time>2024-08-15T16:04:10.628Z</time>
      </trkpt>
      <trkpt lat="43.272121" lon="-4.169726">
        <ele>372.948</ele>
        <time>2024-08-15T16:04:11.628Z</time>
      </trkpt>
      <trkpt lat="43.272172" lon="-4.169724">
        <ele>372.993</ele>
        <time>2024-08-15T16:04:12.628Z</time>
      </trkpt>
      <trkpt lat="43.272221" lon="-4.169728">
        <ele>372.974</ele>
        <time>2024-08-15T16:04:13.628Z</time>
      </trkpt>
      <trkpt lat="43.272269" lon="-4.169736">
        <ele>373.087</ele>
        <time>2024-08-15T16:04:14.628Z</time>
      </trkpt>
      <trkpt lat="43.272316" lon="-4.169743">
        <ele>373.161</ele>
        <time>2024-08-15T16:04:15.629Z</time>
      </trkpt>
      <trkpt lat="43.272391" lon="-4.169700">
        <ele>373.656</ele>
        <time>2024-08-15T16:04:17.629Z</time>
      </trkpt>
      <trkpt lat="43.272424" lon="-4.169636">
        <ele>374.076</ele>
        <time>2024-08-15T16:04:18.629Z</time>
      </trkpt>
      <trkpt lat="43.272486" lon="-4.169488">
        <ele>375.590</ele>
        <time>2024-08-15T16:04:20.628Z</time>
      </trkpt>
      <trkpt lat="43.272520" lon="-4.169422">
        <ele>376.219</ele>
        <time>2024-08-15T16:04:21.628Z</time>
      </trkpt>
      <trkpt lat="43.272553" lon="-4.169363">
        <ele>376.209</ele>
        <time>2024-08-15T16:04:22.628Z</time>
      </trkpt>
      <trkpt lat="43.272580" lon="-4.169312">
        <ele>376.158</ele>
        <time>2024-08-15T16:04:23.629Z</time>
      </trkpt>
      <trkpt lat="43.272634" lon="-4.169218">
        <ele>375.695</ele>
        <time>2024-08-15T16:04:25.628Z</time>
      </trkpt>
      <trkpt lat="43.272666" lon="-4.169167">
        <ele>375.638</ele>
        <time>2024-08-15T16:04:26.629Z</time>
      </trkpt>
      <trkpt lat="43.272700" lon="-4.169116">
        <ele>375.668</ele>
        <time>2024-08-15T16:04:27.629Z</time>
      </trkpt>
      <trkpt lat="43.272780" lon="-4.169018">
        <ele>375.883</ele>
        <time>2024-08-15T16:04:29.628Z</time>
      </trkpt>
      <trkpt lat="43.272830" lon="-4.168975">
        <ele>376.244</ele>
        <time>2024-08-15T16:04:30.628Z</time>
      </trkpt>
      <trkpt lat="43.272888" lon="-4.168940">
        <ele>376.697</ele>
        <time>2024-08-15T16:04:31.628Z</time>
      </trkpt>
      <trkpt lat="43.272952" lon="-4.168915">
        <ele>377.071</ele>
        <time>2024-08-15T16:04:32.628Z</time>
      </trkpt>
      <trkpt lat="43.273015" lon="-4.168899">
        <ele>377.276</ele>
        <time>2024-08-15T16:04:33.629Z</time>
      </trkpt>
      <trkpt lat="43.273138" lon="-4.168881">
        <ele>377.214</ele>
        <time>2024-08-15T16:04:35.628Z</time>
      </trkpt>
      <trkpt lat="43.273204" lon="-4.168876">
        <ele>377.154</ele>
        <time>2024-08-15T16:04:36.629Z</time>
      </trkpt>
      <trkpt lat="43.273272" lon="-4.168876">
        <ele>377.109</ele>
        <time>2024-08-15T16:04:37.629Z</time>
      </trkpt>
      <trkpt lat="43.273338" lon="-4.168882">
        <ele>376.909</ele>
        <time>2024-08-15T16:04:38.629Z</time>
      </trkpt>
      <trkpt lat="43.273406" lon="-4.168889">
        <ele>376.452</ele>
        <time>2024-08-15T16:04:39.629Z</time>
      </trkpt>
      <trkpt lat="43.273468" lon="-4.168892">
        <ele>375.749</ele>
        <time>2024-08-15T16:04:40.629Z</time>
      </trkpt>
      <trkpt lat="43.273519" lon="-4.168886">
        <ele>375.062</ele>
        <time>2024-08-15T16:04:41.629Z</time>
      </trkpt>
      <trkpt lat="43.273608" lon="-4.168842">
        <ele>373.952</ele>
        <time>2024-08-15T16:04:43.629Z</time>
      </trkpt>
      <trkpt lat="43.273660" lon="-4.168805">
        <ele>373.587</ele>
        <time>2024-08-15T16:04:44.629Z</time>
      </trkpt>
      <trkpt lat="43.273721" lon="-4.168769">
        <ele>373.328</ele>
        <time>2024-08-15T16:04:45.629Z</time>
      </trkpt>
      <trkpt lat="43.273794" lon="-4.168743">
        <ele>372.571</ele>
        <time>2024-08-15T16:04:46.629Z</time>
      </trkpt>
      <trkpt lat="43.273870" lon="-4.168743">
        <ele>371.965</ele>
        <time>2024-08-15T16:04:47.629Z</time>
      </trkpt>
      <trkpt lat="43.273950" lon="-4.168764">
        <ele>370.640</ele>
        <time>2024-08-15T16:04:48.629Z</time>
      </trkpt>
      <trkpt lat="43.274032" lon="-4.168776">
        <ele>369.745</ele>
        <time>2024-08-15T16:04:49.629Z</time>
      </trkpt>
      <trkpt lat="43.274117" lon="-4.168759">
        <ele>368.847</ele>
        <time>2024-08-15T16:04:50.629Z</time>
      </trkpt>
      <trkpt lat="43.274201" lon="-4.168718">
        <ele>367.811</ele>
        <time>2024-08-15T16:04:51.629Z</time>
      </trkpt>
      <trkpt lat="43.274285" lon="-4.168670">
        <ele>366.809</ele>
        <time>2024-08-15T16:04:52.629Z</time>
      </trkpt>
      <trkpt lat="43.274368" lon="-4.168625">
        <ele>365.865</ele>
        <time>2024-08-15T16:04:53.629Z</time>
      </trkpt>
      <trkpt lat="43.274452" lon="-4.168580">
        <ele>363.632</ele>
        <time>2024-08-15T16:04:54.629Z</time>
      </trkpt>
      <trkpt lat="43.274531" lon="-4.168537">
        <ele>362.065</ele>
        <time>2024-08-15T16:04:55.629Z</time>
      </trkpt>
      <trkpt lat="43.274602" lon="-4.168493">
        <ele>361.465</ele>
        <time>2024-08-15T16:04:56.629Z</time>
      </trkpt>
      <trkpt lat="43.274669" lon="-4.168453">
        <ele>360.240</ele>
        <time>2024-08-15T16:04:57.629Z</time>
      </trkpt>
      <trkpt lat="43.274737" lon="-4.168424">
        <ele>359.021</ele>
        <time>2024-08-15T16:04:58.629Z</time>
      </trkpt>
      <trkpt lat="43.274815" lon="-4.168418">
        <ele>357.874</ele>
        <time>2024-08-15T16:04:59.629Z</time>
      </trkpt>
      <trkpt lat="43.274892" lon="-4.168439">
        <ele>356.668</ele>
        <time>2024-08-15T16:05:00.629Z</time>
      </trkpt>
      <trkpt lat="43.274967" lon="-4.168478">
        <ele>355.783</ele>
        <time>2024-08-15T16:05:01.629Z</time>
      </trkpt>
      <trkpt lat="43.275037" lon="-4.168523">
        <ele>354.843</ele>
        <time>2024-08-15T16:05:02.629Z</time>
      </trkpt>
      <trkpt lat="43.275110" lon="-4.168566">
        <ele>353.764</ele>
        <time>2024-08-15T16:05:03.629Z</time>
      </trkpt>
      <trkpt lat="43.275182" lon="-4.168612">
        <ele>352.410</ele>
        <time>2024-08-15T16:05:04.629Z</time>
      </trkpt>
      <trkpt lat="43.275253" lon="-4.168668">
        <ele>351.109</ele>
        <time>2024-08-15T16:05:05.629Z</time>
      </trkpt>
      <trkpt lat="43.275322" lon="-4.168733">
        <ele>349.865</ele>
        <time>2024-08-15T16:05:06.629Z</time>
      </trkpt>
      <trkpt lat="43.275385" lon="-4.168804">
        <ele>348.552</ele>
        <time>2024-08-15T16:05:07.629Z</time>
      </trkpt>
      <trkpt lat="43.275447" lon="-4.168877">
        <ele>347.045</ele>
        <time>2024-08-15T16:05:08.629Z</time>
      </trkpt>
      <trkpt lat="43.275508" lon="-4.168947">
        <ele>345.585</ele>
        <time>2024-08-15T16:05:09.629Z</time>
      </trkpt>
      <trkpt lat="43.275568" lon="-4.169009">
        <ele>344.260</ele>
        <time>2024-08-15T16:05:10.629Z</time>
      </trkpt>
      <trkpt lat="43.275627" lon="-4.169071">
        <ele>342.851</ele>
        <time>2024-08-15T16:05:11.629Z</time>
      </trkpt>
      <trkpt lat="43.275685" lon="-4.169131">
        <ele>341.354</ele>
        <time>2024-08-15T16:05:12.630Z</time>
      </trkpt>
      <trkpt lat="43.275820" lon="-4.169236">
        <ele>338.718</ele>
        <time>2024-08-15T16:05:14.629Z</time>
      </trkpt>
      <trkpt lat="43.275891" lon="-4.169294">
        <ele>337.033</ele>
        <time>2024-08-15T16:05:15.629Z</time>
      </trkpt>
      <trkpt lat="43.275962" lon="-4.169348">
        <ele>335.181</ele>
        <time>2024-08-15T16:05:16.629Z</time>
      </trkpt>
      <trkpt lat="43.276036" lon="-4.169394">
        <ele>333.361</ele>
        <time>2024-08-15T16:05:17.629Z</time>
      </trkpt>
      <trkpt lat="43.276110" lon="-4.169436">
        <ele>331.917</ele>
        <time>2024-08-15T16:05:18.629Z</time>
      </trkpt>
      <trkpt lat="43.276183" lon="-4.169479">
        <ele>330.609</ele>
        <time>2024-08-15T16:05:19.630Z</time>
      </trkpt>
      <trkpt lat="43.276331" lon="-4.169560">
        <ele>327.869</ele>
        <time>2024-08-15T16:05:21.629Z</time>
      </trkpt>
      <trkpt lat="43.276406" lon="-4.169597">
        <ele>326.416</ele>
        <time>2024-08-15T16:05:22.630Z</time>
      </trkpt>
      <trkpt lat="43.276552" lon="-4.169669">
        <ele>323.519</ele>
        <time>2024-08-15T16:05:24.630Z</time>
      </trkpt>
      <trkpt lat="43.276610" lon="-4.169709">
        <ele>322.339</ele>
        <time>2024-08-15T16:05:25.630Z</time>
      </trkpt>
      <trkpt lat="43.276699" lon="-4.169813">
        <ele>319.944</ele>
        <time>2024-08-15T16:05:27.630Z</time>
      </trkpt>
      <trkpt lat="43.276739" lon="-4.169984">
        <ele>318.375</ele>
        <time>2024-08-15T16:05:29.629Z</time>
      </trkpt>
      <trkpt lat="43.276729" lon="-4.170083">
        <ele>317.378</ele>
        <time>2024-08-15T16:05:30.629Z</time>
      </trkpt>
      <trkpt lat="43.276702" lon="-4.170179">
        <ele>316.442</ele>
        <time>2024-08-15T16:05:31.630Z</time>
      </trkpt>
      <trkpt lat="43.276660" lon="-4.170259">
        <ele>315.017</ele>
        <time>2024-08-15T16:05:32.630Z</time>
      </trkpt>
      <trkpt lat="43.276615" lon="-4.170336">
        <ele>314.023</ele>
        <time>2024-08-15T16:05:33.630Z</time>
      </trkpt>
      <trkpt lat="43.276569" lon="-4.170413">
        <ele>312.883</ele>
        <time>2024-08-15T16:05:34.630Z</time>
      </trkpt>
      <trkpt lat="43.276528" lon="-4.170491">
        <ele>311.511</ele>
        <time>2024-08-15T16:05:35.630Z</time>
      </trkpt>
      <trkpt lat="43.276489" lon="-4.170570">
        <ele>310.109</ele>
        <time>2024-08-15T16:05:36.630Z</time>
      </trkpt>
      <trkpt lat="43.276446" lon="-4.170648">
        <ele>308.823</ele>
        <time>2024-08-15T16:05:37.630Z</time>
      </trkpt>
      <trkpt lat="43.276401" lon="-4.170716">
        <ele>307.960</ele>
        <time>2024-08-15T16:05:38.630Z</time>
      </trkpt>
      <trkpt lat="43.276348" lon="-4.170772">
        <ele>307.113</ele>
        <time>2024-08-15T16:05:39.630Z</time>
      </trkpt>
      <trkpt lat="43.276290" lon="-4.170819">
        <ele>306.443</ele>
        <time>2024-08-15T16:05:40.630Z</time>
      </trkpt>
      <trkpt lat="43.276236" lon="-4.170867">
        <ele>305.968</ele>
        <time>2024-08-15T16:05:41.630Z</time>
      </trkpt>
      <trkpt lat="43.276181" lon="-4.170926">
        <ele>305.689</ele>
        <time>2024-08-15T16:05:42.630Z</time>
      </trkpt>
      <trkpt lat="43.276135" lon="-4.170995">
        <ele>305.042</ele>
        <time>2024-08-15T16:05:43.630Z</time>
      </trkpt>
      <trkpt lat="43.276102" lon="-4.171069">
        <ele>304.256</ele>
        <time>2024-08-15T16:05:44.630Z</time>
      </trkpt>
      <trkpt lat="43.276076" lon="-4.171155">
        <ele>303.441</ele>
        <time>2024-08-15T16:05:45.630Z</time>
      </trkpt>
      <trkpt lat="43.276061" lon="-4.171248">
        <ele>302.628</ele>
        <time>2024-08-15T16:05:46.630Z</time>
      </trkpt>
      <trkpt lat="43.276057" lon="-4.171345">
        <ele>301.589</ele>
        <time>2024-08-15T16:05:47.630Z</time>
      </trkpt>
      <trkpt lat="43.276054" lon="-4.171445">
        <ele>300.217</ele>
        <time>2024-08-15T16:05:48.630Z</time>
      </trkpt>
      <trkpt lat="43.276059" lon="-4.171535">
        <ele>299.109</ele>
        <time>2024-08-15T16:05:49.630Z</time>
      </trkpt>
      <trkpt lat="43.276061" lon="-4.171631">
        <ele>298.473</ele>
        <time>2024-08-15T16:05:50.630Z</time>
      </trkpt>
      <trkpt lat="43.276064" lon="-4.171725">
        <ele>297.470</ele>
        <time>2024-08-15T16:05:51.630Z</time>
      </trkpt>
      <trkpt lat="43.276070" lon="-4.171820">
        <ele>295.993</ele>
        <time>2024-08-15T16:05:52.630Z</time>
      </trkpt>
      <trkpt lat="43.276075" lon="-4.171916">
        <ele>294.673</ele>
        <time>2024-08-15T16:05:53.630Z</time>
      </trkpt>
      <trkpt lat="43.276076" lon="-4.172007">
        <ele>293.328</ele>
        <time>2024-08-15T16:05:54.630Z</time>
      </trkpt>
      <trkpt lat="43.276068" lon="-4.172086">
        <ele>292.059</ele>
        <time>2024-08-15T16:05:55.630Z</time>
      </trkpt>
      <trkpt lat="43.276051" lon="-4.172156">
        <ele>291.452</ele>
        <time>2024-08-15T16:05:56.630Z</time>
      </trkpt>
      <trkpt lat="43.276032" lon="-4.172221">
        <ele>290.046</ele>
        <time>2024-08-15T16:05:57.630Z</time>
      </trkpt>
      <trkpt lat="43.276017" lon="-4.172282">
        <ele>289.161</ele>
        <time>2024-08-15T16:05:58.630Z</time>
      </trkpt>
      <trkpt lat="43.276016" lon="-4.172394">
        <ele>287.216</ele>
        <time>2024-08-15T16:06:00.630Z</time>
      </trkpt>
      <trkpt lat="43.276082" lon="-4.172483">
        <ele>285.776</ele>
        <time>2024-08-15T16:06:02.630Z</time>
      </trkpt>
      <trkpt lat="43.276137" lon="-4.172500">
        <ele>284.713</ele>
        <time>2024-08-15T16:06:03.630Z</time>
      </trkpt>
      <trkpt lat="43.276214" lon="-4.172490">
        <ele>283.909</ele>
        <time>2024-08-15T16:06:04.630Z</time>
      </trkpt>
      <trkpt lat="43.276292" lon="-4.172465">
        <ele>283.442</ele>
        <time>2024-08-15T16:06:05.630Z</time>
      </trkpt>
      <trkpt lat="43.276355" lon="-4.172447">
        <ele>283.279</ele>
        <time>2024-08-15T16:06:06.630Z</time>
      </trkpt>
      <trkpt lat="43.276422" lon="-4.172432">
        <ele>280.892</ele>
        <time>2024-08-15T16:06:07.630Z</time>
      </trkpt>
      <trkpt lat="43.276492" lon="-4.172429">
        <ele>279.982</ele>
        <time>2024-08-15T16:06:08.630Z</time>
      </trkpt>
      <trkpt lat="43.276555" lon="-4.172416">
        <ele>279.097</ele>
        <time>2024-08-15T16:06:09.630Z</time>
      </trkpt>
      <trkpt lat="43.276614" lon="-4.172384">
        <ele>278.368</ele>
        <time>2024-08-15T16:06:10.630Z</time>
      </trkpt>
      <trkpt lat="43.276677" lon="-4.172316">
        <ele>278.181</ele>
        <time>2024-08-15T16:06:11.630Z</time>
      </trkpt>
      <trkpt lat="43.276741" lon="-4.172230">
        <ele>277.315</ele>
        <time>2024-08-15T16:06:12.630Z</time>
      </trkpt>
      <trkpt lat="43.276805" lon="-4.172152">
        <ele>276.580</ele>
        <time>2024-08-15T16:06:13.630Z</time>
      </trkpt>
      <trkpt lat="43.276870" lon="-4.172090">
        <ele>274.765</ele>
        <time>2024-08-15T16:06:14.631Z</time>
      </trkpt>
      <trkpt lat="43.277014" lon="-4.172007">
        <ele>271.068</ele>
        <time>2024-08-15T16:06:16.630Z</time>
      </trkpt>
      <trkpt lat="43.277084" lon="-4.171980">
        <ele>269.514</ele>
        <time>2024-08-15T16:06:17.630Z</time>
      </trkpt>
      <trkpt lat="43.277148" lon="-4.171949">
        <ele>268.209</ele>
        <time>2024-08-15T16:06:18.630Z</time>
      </trkpt>
      <trkpt lat="43.277210" lon="-4.171911">
        <ele>267.387</ele>
        <time>2024-08-15T16:06:19.630Z</time>
      </trkpt>
      <trkpt lat="43.277275" lon="-4.171858">
        <ele>267.044</ele>
        <time>2024-08-15T16:06:20.630Z</time>
      </trkpt>
      <trkpt lat="43.277344" lon="-4.171809">
        <ele>266.997</ele>
        <time>2024-08-15T16:06:21.630Z</time>
      </trkpt>
      <trkpt lat="43.277412" lon="-4.171761">
        <ele>266.777</ele>
        <time>2024-08-15T16:06:22.631Z</time>
      </trkpt>
      <trkpt lat="43.277475" lon="-4.171711">
        <ele>266.222</ele>
        <time>2024-08-15T16:06:23.631Z</time>
      </trkpt>
      <trkpt lat="43.277541" lon="-4.171656">
        <ele>265.693</ele>
        <time>2024-08-15T16:06:24.631Z</time>
      </trkpt>
      <trkpt lat="43.277668" lon="-4.171553">
        <ele>265.286</ele>
        <time>2024-08-15T16:06:26.631Z</time>
      </trkpt>
      <trkpt lat="43.277802" lon="-4.171468">
        <ele>264.280</ele>
        <time>2024-08-15T16:06:28.630Z</time>
      </trkpt>
      <trkpt lat="43.277863" lon="-4.171431">
        <ele>263.895</ele>
        <time>2024-08-15T16:06:29.630Z</time>
      </trkpt>
      <trkpt lat="43.277927" lon="-4.171400">
        <ele>263.386</ele>
        <time>2024-08-15T16:06:30.630Z</time>
      </trkpt>
      <trkpt lat="43.277984" lon="-4.171368">
        <ele>262.960</ele>
        <time>2024-08-15T16:06:31.630Z</time>
      </trkpt>
      <trkpt lat="43.278032" lon="-4.171335">
        <ele>262.826</ele>
        <time>2024-08-15T16:06:32.631Z</time>
      </trkpt>
      <trkpt lat="43.278070" lon="-4.171301">
        <ele>262.109</ele>
        <time>2024-08-15T16:06:33.631Z</time>
      </trkpt>
      <trkpt lat="43.278128" lon="-4.171196">
        <ele>261.529</ele>
        <time>2024-08-15T16:06:35.631Z</time>
      </trkpt>
      <trkpt lat="43.278158" lon="-4.171093">
        <ele>261.556</ele>
        <time>2024-08-15T16:06:36.631Z</time>
      </trkpt>
      <trkpt lat="43.278194" lon="-4.170971">
        <ele>261.519</ele>
        <time>2024-08-15T16:06:37.631Z</time>
      </trkpt>
      <trkpt lat="43.278237" lon="-4.170854">
        <ele>261.819</ele>
        <time>2024-08-15T16:06:38.631Z</time>
      </trkpt>
      <trkpt lat="43.278296" lon="-4.170755">
        <ele>261.984</ele>
        <time>2024-08-15T16:06:39.631Z</time>
      </trkpt>
      <trkpt lat="43.278379" lon="-4.170680">
        <ele>261.475</ele>
        <time>2024-08-15T16:06:40.631Z</time>
      </trkpt>
      <trkpt lat="43.278483" lon="-4.170632">
        <ele>260.788</ele>
        <time>2024-08-15T16:06:41.631Z</time>
      </trkpt>
      <trkpt lat="43.278599" lon="-4.170615">
        <ele>259.752</ele>
        <time>2024-08-15T16:06:42.631Z</time>
      </trkpt>
      <trkpt lat="43.278707" lon="-4.170612">
        <ele>259.357</ele>
        <time>2024-08-15T16:06:43.631Z</time>
      </trkpt>
      <trkpt lat="43.278816" lon="-4.170612">
        <ele>259.191</ele>
        <time>2024-08-15T16:06:44.631Z</time>
      </trkpt>
      <trkpt lat="43.278922" lon="-4.170620">
        <ele>259.081</ele>
        <time>2024-08-15T16:06:45.631Z</time>
      </trkpt>
      <trkpt lat="43.279034" lon="-4.170637">
        <ele>258.419</ele>
        <time>2024-08-15T16:06:46.631Z</time>
      </trkpt>
      <trkpt lat="43.279145" lon="-4.170658">
        <ele>257.609</ele>
        <time>2024-08-15T16:06:47.631Z</time>
      </trkpt>
      <trkpt lat="43.279253" lon="-4.170678">
        <ele>256.930</ele>
        <time>2024-08-15T16:06:48.631Z</time>
      </trkpt>
      <trkpt lat="43.279354" lon="-4.170695">
        <ele>256.167</ele>
        <time>2024-08-15T16:06:49.631Z</time>
      </trkpt>
      <trkpt lat="43.279446" lon="-4.170706">
        <ele>255.480</ele>
        <time>2024-08-15T16:06:50.631Z</time>
      </trkpt>
      <trkpt lat="43.279533" lon="-4.170716">
        <ele>254.790</ele>
        <time>2024-08-15T16:06:51.631Z</time>
      </trkpt>
      <trkpt lat="43.279617" lon="-4.170718">
        <ele>254.655</ele>
        <time>2024-08-15T16:06:52.631Z</time>
      </trkpt>
      <trkpt lat="43.279702" lon="-4.170703">
        <ele>254.586</ele>
        <time>2024-08-15T16:06:53.631Z</time>
      </trkpt>
      <trkpt lat="43.279791" lon="-4.170676">
        <ele>254.279</ele>
        <time>2024-08-15T16:06:54.631Z</time>
      </trkpt>
      <trkpt lat="43.279878" lon="-4.170643">
        <ele>253.943</ele>
        <time>2024-08-15T16:06:55.631Z</time>
      </trkpt>
      <trkpt lat="43.279960" lon="-4.170608">
        <ele>253.868</ele>
        <time>2024-08-15T16:06:56.631Z</time>
      </trkpt>
      <trkpt lat="43.280035" lon="-4.170555">
        <ele>253.641</ele>
        <time>2024-08-15T16:06:57.631Z</time>
      </trkpt>
      <trkpt lat="43.280114" lon="-4.170495">
        <ele>253.281</ele>
        <time>2024-08-15T16:06:58.631Z</time>
      </trkpt>
      <trkpt lat="43.280188" lon="-4.170431">
        <ele>253.009</ele>
        <time>2024-08-15T16:06:59.631Z</time>
      </trkpt>
      <trkpt lat="43.280261" lon="-4.170368">
        <ele>253.009</ele>
        <time>2024-08-15T16:07:00.632Z</time>
      </trkpt>
      <trkpt lat="43.280406" lon="-4.170240">
        <ele>252.765</ele>
        <time>2024-08-15T16:07:02.631Z</time>
      </trkpt>
      <trkpt lat="43.280480" lon="-4.170176">
        <ele>252.642</ele>
        <time>2024-08-15T16:07:03.631Z</time>
      </trkpt>
      <trkpt lat="43.280557" lon="-4.170111">
        <ele>252.635</ele>
        <time>2024-08-15T16:07:04.631Z</time>
      </trkpt>
      <trkpt lat="43.280633" lon="-4.170047">
        <ele>252.675</ele>
        <time>2024-08-15T16:07:05.631Z</time>
      </trkpt>
      <trkpt lat="43.280711" lon="-4.169983">
        <ele>252.710</ele>
        <time>2024-08-15T16:07:06.631Z</time>
      </trkpt>
      <trkpt lat="43.280784" lon="-4.169920">
        <ele>252.991</ele>
        <time>2024-08-15T16:07:07.631Z</time>
      </trkpt>
      <trkpt lat="43.280847" lon="-4.169854">
        <ele>253.094</ele>
        <time>2024-08-15T16:07:08.631Z</time>
      </trkpt>
      <trkpt lat="43.280904" lon="-4.169786">
        <ele>253.028</ele>
        <time>2024-08-15T16:07:09.632Z</time>
      </trkpt>
      <trkpt lat="43.281041" lon="-4.169721">
        <ele>252.533</ele>
        <time>2024-08-15T16:07:11.631Z</time>
      </trkpt>
      <trkpt lat="43.281125" lon="-4.169754">
        <ele>251.983</ele>
        <time>2024-08-15T16:07:12.631Z</time>
      </trkpt>
      <trkpt lat="43.281211" lon="-4.169819">
        <ele>251.325</ele>
        <time>2024-08-15T16:07:13.631Z</time>
      </trkpt>
      <trkpt lat="43.281295" lon="-4.169893">
        <ele>251.117</ele>
        <time>2024-08-15T16:07:14.631Z</time>
      </trkpt>
      <trkpt lat="43.281394" lon="-4.169960">
        <ele>251.009</ele>
        <time>2024-08-15T16:07:15.631Z</time>
      </trkpt>
      <trkpt lat="43.281497" lon="-4.170026">
        <ele>251.019</ele>
        <time>2024-08-15T16:07:16.631Z</time>
      </trkpt>
      <trkpt lat="43.281604" lon="-4.170099">
        <ele>249.976</ele>
        <time>2024-08-15T16:07:17.632Z</time>
      </trkpt>
      <trkpt lat="43.281783" lon="-4.170245">
        <ele>247.739</ele>
        <time>2024-08-15T16:07:19.631Z</time>
      </trkpt>
      <trkpt lat="43.281863" lon="-4.170310">
        <ele>247.459</ele>
        <time>2024-08-15T16:07:20.631Z</time>
      </trkpt>
      <trkpt lat="43.281937" lon="-4.170378">
        <ele>247.474</ele>
        <time>2024-08-15T16:07:21.632Z</time>
      </trkpt>
      <trkpt lat="43.282087" lon="-4.170499">
        <ele>248.155</ele>
        <time>2024-08-15T16:07:23.632Z</time>
      </trkpt>
      <trkpt lat="43.282247" lon="-4.170595">
        <ele>248.518</ele>
        <time>2024-08-15T16:07:25.631Z</time>
      </trkpt>
      <trkpt lat="43.282335" lon="-4.170624">
        <ele>249.062</ele>
        <time>2024-08-15T16:07:26.632Z</time>
      </trkpt>
      <trkpt lat="43.282430" lon="-4.170646">
        <ele>249.957</ele>
        <time>2024-08-15T16:07:27.632Z</time>
      </trkpt>
      <trkpt lat="43.282626" lon="-4.170701">
        <ele>252.066</ele>
        <time>2024-08-15T16:07:29.631Z</time>
      </trkpt>
      <trkpt lat="43.282716" lon="-4.170732">
        <ele>253.029</ele>
        <time>2024-08-15T16:07:30.632Z</time>
      </trkpt>
      <trkpt lat="43.282806" lon="-4.170764">
        <ele>253.721</ele>
        <time>2024-08-15T16:07:31.632Z</time>
      </trkpt>
      <trkpt lat="43.282900" lon="-4.170799">
        <ele>254.809</ele>
        <time>2024-08-15T16:07:32.632Z</time>
      </trkpt>
      <trkpt lat="43.282996" lon="-4.170826">
        <ele>255.937</ele>
        <time>2024-08-15T16:07:33.632Z</time>
      </trkpt>
      <trkpt lat="43.283097" lon="-4.170825">
        <ele>256.934</ele>
        <time>2024-08-15T16:07:34.632Z</time>
      </trkpt>
      <trkpt lat="43.283203" lon="-4.170783">
        <ele>258.027</ele>
        <time>2024-08-15T16:07:35.632Z</time>
      </trkpt>
      <trkpt lat="43.283298" lon="-4.170745">
        <ele>258.857</ele>
        <time>2024-08-15T16:07:36.632Z</time>
      </trkpt>
      <trkpt lat="43.283391" lon="-4.170710">
        <ele>258.852</ele>
        <time>2024-08-15T16:07:37.632Z</time>
      </trkpt>
      <trkpt lat="43.283491" lon="-4.170681">
        <ele>259.073</ele>
        <time>2024-08-15T16:07:38.632Z</time>
      </trkpt>
      <trkpt lat="43.283593" lon="-4.170656">
        <ele>259.096</ele>
        <time>2024-08-15T16:07:39.632Z</time>
      </trkpt>
      <trkpt lat="43.283701" lon="-4.170634">
        <ele>259.020</ele>
        <time>2024-08-15T16:07:40.632Z</time>
      </trkpt>
      <trkpt lat="43.283803" lon="-4.170614">
        <ele>258.925</ele>
        <time>2024-08-15T16:07:41.632Z</time>
      </trkpt>
      <trkpt lat="43.283905" lon="-4.170591">
        <ele>258.913</ele>
        <time>2024-08-15T16:07:42.632Z</time>
      </trkpt>
      <trkpt lat="43.284002" lon="-4.170566">
        <ele>258.843</ele>
        <time>2024-08-15T16:07:43.632Z</time>
      </trkpt>
      <trkpt lat="43.284098" lon="-4.170538">
        <ele>258.007</ele>
        <time>2024-08-15T16:07:44.632Z</time>
      </trkpt>
      <trkpt lat="43.284195" lon="-4.170505">
        <ele>257.009</ele>
        <time>2024-08-15T16:07:45.632Z</time>
      </trkpt>
      <trkpt lat="43.284289" lon="-4.170471">
        <ele>256.562</ele>
        <time>2024-08-15T16:07:46.632Z</time>
      </trkpt>
      <trkpt lat="43.284381" lon="-4.170450">
        <ele>256.029</ele>
        <time>2024-08-15T16:07:47.632Z</time>
      </trkpt>
      <trkpt lat="43.284471" lon="-4.170457">
        <ele>255.132</ele>
        <time>2024-08-15T16:07:48.632Z</time>
      </trkpt>
      <trkpt lat="43.284560" lon="-4.170487">
        <ele>254.572</ele>
        <time>2024-08-15T16:07:49.632Z</time>
      </trkpt>
      <trkpt lat="43.284645" lon="-4.170518">
        <ele>253.827</ele>
        <time>2024-08-15T16:07:50.632Z</time>
      </trkpt>
      <trkpt lat="43.284723" lon="-4.170539">
        <ele>253.598</ele>
        <time>2024-08-15T16:07:51.632Z</time>
      </trkpt>
      <trkpt lat="43.284798" lon="-4.170545">
        <ele>253.041</ele>
        <time>2024-08-15T16:07:52.632Z</time>
      </trkpt>
      <trkpt lat="43.284874" lon="-4.170538">
        <ele>252.775</ele>
        <time>2024-08-15T16:07:53.632Z</time>
      </trkpt>
      <trkpt lat="43.284953" lon="-4.170519">
        <ele>252.430</ele>
        <time>2024-08-15T16:07:54.632Z</time>
      </trkpt>
      <trkpt lat="43.285038" lon="-4.170492">
        <ele>252.144</ele>
        <time>2024-08-15T16:07:55.632Z</time>
      </trkpt>
      <trkpt lat="43.285129" lon="-4.170471">
        <ele>251.605</ele>
        <time>2024-08-15T16:07:56.632Z</time>
      </trkpt>
      <trkpt lat="43.285224" lon="-4.170474">
        <ele>251.015</ele>
        <time>2024-08-15T16:07:57.632Z</time>
      </trkpt>
      <trkpt lat="43.285330" lon="-4.170494">
        <ele>250.509</ele>
        <time>2024-08-15T16:07:58.632Z</time>
      </trkpt>
      <trkpt lat="43.285445" lon="-4.170515">
        <ele>250.485</ele>
        <time>2024-08-15T16:07:59.632Z</time>
      </trkpt>
      <trkpt lat="43.285566" lon="-4.170534">
        <ele>250.412</ele>
        <time>2024-08-15T16:08:00.632Z</time>
      </trkpt>
      <trkpt lat="43.285676" lon="-4.170544">
        <ele>250.415</ele>
        <time>2024-08-15T16:08:01.632Z</time>
      </trkpt>
      <trkpt lat="43.285783" lon="-4.170547">
        <ele>250.925</ele>
        <time>2024-08-15T16:08:02.632Z</time>
      </trkpt>
      <trkpt lat="43.285887" lon="-4.170550">
        <ele>251.580</ele>
        <time>2024-08-15T16:08:03.632Z</time>
      </trkpt>
      <trkpt lat="43.285992" lon="-4.170546">
        <ele>252.071</ele>
        <time>2024-08-15T16:08:04.632Z</time>
      </trkpt>
      <trkpt lat="43.286093" lon="-4.170537">
        <ele>252.554</ele>
        <time>2024-08-15T16:08:05.632Z</time>
      </trkpt>
      <trkpt lat="43.286194" lon="-4.170530">
        <ele>252.928</ele>
        <time>2024-08-15T16:08:06.632Z</time>
      </trkpt>
      <trkpt lat="43.286292" lon="-4.170541">
        <ele>252.963</ele>
        <time>2024-08-15T16:08:07.632Z</time>
      </trkpt>
      <trkpt lat="43.286384" lon="-4.170573">
        <ele>252.633</ele>
        <time>2024-08-15T16:08:08.632Z</time>
      </trkpt>
      <trkpt lat="43.286469" lon="-4.170616">
        <ele>252.523</ele>
        <time>2024-08-15T16:08:09.632Z</time>
      </trkpt>
      <trkpt lat="43.286555" lon="-4.170657">
        <ele>252.315</ele>
        <time>2024-08-15T16:08:10.632Z</time>
      </trkpt>
      <trkpt lat="43.286643" lon="-4.170709">
        <ele>252.009</ele>
        <time>2024-08-15T16:08:11.632Z</time>
      </trkpt>
      <trkpt lat="43.286720" lon="-4.170783">
        <ele>251.664</ele>
        <time>2024-08-15T16:08:12.632Z</time>
      </trkpt>
      <trkpt lat="43.286795" lon="-4.170856">
        <ele>250.851</ele>
        <time>2024-08-15T16:08:13.632Z</time>
      </trkpt>
      <trkpt lat="43.286870" lon="-4.170925">
        <ele>250.854</ele>
        <time>2024-08-15T16:08:14.633Z</time>
      </trkpt>
      <trkpt lat="43.287020" lon="-4.171051">
        <ele>249.184</ele>
        <time>2024-08-15T16:08:16.632Z</time>
      </trkpt>
      <trkpt lat="43.287096" lon="-4.171121">
        <ele>248.179</ele>
        <time>2024-08-15T16:08:17.632Z</time>
      </trkpt>
      <trkpt lat="43.287160" lon="-4.171203">
        <ele>246.440</ele>
        <time>2024-08-15T16:08:18.632Z</time>
      </trkpt>
      <trkpt lat="43.287225" lon="-4.171301">
        <ele>245.033</ele>
        <time>2024-08-15T16:08:19.632Z</time>
      </trkpt>
      <trkpt lat="43.287278" lon="-4.171405">
        <ele>243.357</ele>
        <time>2024-08-15T16:08:20.632Z</time>
      </trkpt>
      <trkpt lat="43.287331" lon="-4.171491">
        <ele>242.342</ele>
        <time>2024-08-15T16:08:21.632Z</time>
      </trkpt>
      <trkpt lat="43.287403" lon="-4.171556">
        <ele>241.465</ele>
        <time>2024-08-15T16:08:22.632Z</time>
      </trkpt>
      <trkpt lat="43.287481" lon="-4.171603">
        <ele>241.268</ele>
        <time>2024-08-15T16:08:23.632Z</time>
      </trkpt>
      <trkpt lat="43.287568" lon="-4.171644">
        <ele>240.414</ele>
        <time>2024-08-15T16:08:24.632Z</time>
      </trkpt>
      <trkpt lat="43.287644" lon="-4.171729">
        <ele>239.409</ele>
        <time>2024-08-15T16:08:25.632Z</time>
      </trkpt>
      <trkpt lat="43.287702" lon="-4.171841">
        <ele>238.517</ele>
        <time>2024-08-15T16:08:26.632Z</time>
      </trkpt>
      <trkpt lat="43.287763" lon="-4.171957">
        <ele>237.944</ele>
        <time>2024-08-15T16:08:27.633Z</time>
      </trkpt>
      <trkpt lat="43.287909" lon="-4.172126">
        <ele>236.837</ele>
        <time>2024-08-15T16:08:29.632Z</time>
      </trkpt>
      <trkpt lat="43.287996" lon="-4.172186">
        <ele>235.777</ele>
        <time>2024-08-15T16:08:30.633Z</time>
      </trkpt>
      <trkpt lat="43.288191" lon="-4.172269">
        <ele>234.752</ele>
        <time>2024-08-15T16:08:32.633Z</time>
      </trkpt>
      <trkpt lat="43.288288" lon="-4.172290">
        <ele>234.443</ele>
        <time>2024-08-15T16:08:33.633Z</time>
      </trkpt>
      <trkpt lat="43.288388" lon="-4.172284">
        <ele>234.416</ele>
        <time>2024-08-15T16:08:34.633Z</time>
      </trkpt>
      <trkpt lat="43.288481" lon="-4.172270">
        <ele>234.920</ele>
        <time>2024-08-15T16:08:35.633Z</time>
      </trkpt>
      <trkpt lat="43.288575" lon="-4.172253">
        <ele>235.055</ele>
        <time>2024-08-15T16:08:36.633Z</time>
      </trkpt>
      <trkpt lat="43.288674" lon="-4.172254">
        <ele>235.366</ele>
        <time>2024-08-15T16:08:37.633Z</time>
      </trkpt>
      <trkpt lat="43.288774" lon="-4.172291">
        <ele>235.829</ele>
        <time>2024-08-15T16:08:38.633Z</time>
      </trkpt>
      <trkpt lat="43.288870" lon="-4.172334">
        <ele>235.821</ele>
        <time>2024-08-15T16:08:39.633Z</time>
      </trkpt>
      <trkpt lat="43.288959" lon="-4.172364">
        <ele>236.009</ele>
        <time>2024-08-15T16:08:40.633Z</time>
      </trkpt>
      <trkpt lat="43.289049" lon="-4.172390">
        <ele>235.087</ele>
        <time>2024-08-15T16:08:41.633Z</time>
      </trkpt>
      <trkpt lat="43.289140" lon="-4.172421">
        <ele>235.044</ele>
        <time>2024-08-15T16:08:42.633Z</time>
      </trkpt>
      <trkpt lat="43.289232" lon="-4.172458">
        <ele>233.617</ele>
        <time>2024-08-15T16:08:43.633Z</time>
      </trkpt>
      <trkpt lat="43.289327" lon="-4.172480">
        <ele>233.047</ele>
        <time>2024-08-15T16:08:44.633Z</time>
      </trkpt>
      <trkpt lat="43.289428" lon="-4.172476">
        <ele>232.862</ele>
        <time>2024-08-15T16:08:45.633Z</time>
      </trkpt>
      <trkpt lat="43.289536" lon="-4.172436">
        <ele>232.813</ele>
        <time>2024-08-15T16:08:46.633Z</time>
      </trkpt>
      <trkpt lat="43.289650" lon="-4.172383">
        <ele>234.166</ele>
        <time>2024-08-15T16:08:47.633Z</time>
      </trkpt>
      <trkpt lat="43.289776" lon="-4.172330">
        <ele>234.180</ele>
        <time>2024-08-15T16:08:48.633Z</time>
      </trkpt>
      <trkpt lat="43.289908" lon="-4.172285">
        <ele>233.975</ele>
        <time>2024-08-15T16:08:49.633Z</time>
      </trkpt>
      <trkpt lat="43.290038" lon="-4.172257">
        <ele>232.826</ele>
        <time>2024-08-15T16:08:50.633Z</time>
      </trkpt>
      <trkpt lat="43.290164" lon="-4.172263">
        <ele>231.747</ele>
        <time>2024-08-15T16:08:51.633Z</time>
      </trkpt>
      <trkpt lat="43.290292" lon="-4.172294">
        <ele>231.111</ele>
        <time>2024-08-15T16:08:52.633Z</time>
      </trkpt>
      <trkpt lat="43.290413" lon="-4.172344">
        <ele>230.409</ele>
        <time>2024-08-15T16:08:53.633Z</time>
      </trkpt>
      <trkpt lat="43.290517" lon="-4.172393">
        <ele>229.893</ele>
        <time>2024-08-15T16:08:54.633Z</time>
      </trkpt>
      <trkpt lat="43.290602" lon="-4.172418">
        <ele>229.750</ele>
        <time>2024-08-15T16:08:55.633Z</time>
      </trkpt>
      <trkpt lat="43.290686" lon="-4.172389">
        <ele>229.763</ele>
        <time>2024-08-15T16:08:56.633Z</time>
      </trkpt>
      <trkpt lat="43.290780" lon="-4.172331">
        <ele>230.743</ele>
        <time>2024-08-15T16:08:57.633Z</time>
      </trkpt>
      <trkpt lat="43.290877" lon="-4.172297">
        <ele>230.818</ele>
        <time>2024-08-15T16:08:58.633Z</time>
      </trkpt>
      <trkpt lat="43.290962" lon="-4.172309">
        <ele>230.889</ele>
        <time>2024-08-15T16:08:59.633Z</time>
      </trkpt>
      <trkpt lat="43.291025" lon="-4.172354">
        <ele>229.832</ele>
        <time>2024-08-15T16:09:00.634Z</time>
      </trkpt>
      <trkpt lat="43.291101" lon="-4.172398">
        <ele>229.926</ele>
        <time>2024-08-15T16:09:02.633Z</time>
      </trkpt>
      <trkpt lat="43.291142" lon="-4.172303">
        <ele>230.141</ele>
        <time>2024-08-15T16:09:04.633Z</time>
      </trkpt>
      <trkpt lat="43.291141" lon="-4.172219">
        <ele>230.284</ele>
        <time>2024-08-15T16:09:05.633Z</time>
      </trkpt>
      <trkpt lat="43.291129" lon="-4.172126">
        <ele>230.407</ele>
        <time>2024-08-15T16:09:06.633Z</time>
      </trkpt>
      <trkpt lat="43.291128" lon="-4.172021">
        <ele>230.517</ele>
        <time>2024-08-15T16:09:07.633Z</time>
      </trkpt>
      <trkpt lat="43.291140" lon="-4.171899">
        <ele>230.909</ele>
        <time>2024-08-15T16:09:08.633Z</time>
      </trkpt>
      <trkpt lat="43.291165" lon="-4.171779">
        <ele>231.359</ele>
        <time>2024-08-15T16:09:09.633Z</time>
      </trkpt>
      <trkpt lat="43.291198" lon="-4.171671">
        <ele>231.736</ele>
        <time>2024-08-15T16:09:10.634Z</time>
      </trkpt>
      <trkpt lat="43.291279" lon="-4.171491">
        <ele>232.889</ele>
        <time>2024-08-15T16:09:12.633Z</time>
      </trkpt>
      <trkpt lat="43.291314" lon="-4.171420">
        <ele>233.459</ele>
        <time>2024-08-15T16:09:13.634Z</time>
      </trkpt>
      <trkpt lat="43.291318" lon="-4.171294">
        <ele>234.254</ele>
        <time>2024-08-15T16:09:15.633Z</time>
      </trkpt>
      <trkpt lat="43.291271" lon="-4.171256">
        <ele>234.185</ele>
        <time>2024-08-15T16:09:16.634Z</time>
      </trkpt>
      <trkpt lat="43.291195" lon="-4.171255">
        <ele>234.218</ele>
        <time>2024-08-15T16:09:17.634Z</time>
      </trkpt>
      <trkpt lat="43.291039" lon="-4.171420">
        <ele>236.512</ele>
        <time>2024-08-15T16:09:19.633Z</time>
      </trkpt>
      <trkpt lat="43.290991" lon="-4.171535">
        <ele>238.087</ele>
        <time>2024-08-15T16:09:20.634Z</time>
      </trkpt>
      <trkpt lat="43.290944" lon="-4.171642">
        <ele>239.163</ele>
        <time>2024-08-15T16:09:21.634Z</time>
      </trkpt>
      <trkpt lat="43.290894" lon="-4.171709">
        <ele>240.444</ele>
        <time>2024-08-15T16:09:22.634Z</time>
      </trkpt>
      <trkpt lat="43.290739" lon="-4.171747">
        <ele>243.618</ele>
        <time>2024-08-15T16:09:24.633Z</time>
      </trkpt>
      <trkpt lat="43.290659" lon="-4.171698">
        <ele>244.509</ele>
        <time>2024-08-15T16:09:25.633Z</time>
      </trkpt>
      <trkpt lat="43.290591" lon="-4.171604">
        <ele>245.597</ele>
        <time>2024-08-15T16:09:26.633Z</time>
      </trkpt>
      <trkpt lat="43.290556" lon="-4.171489">
        <ele>246.634</ele>
        <time>2024-08-15T16:09:27.634Z</time>
      </trkpt>
      <trkpt lat="43.290547" lon="-4.171374">
        <ele>247.617</ele>
        <time>2024-08-15T16:09:28.634Z</time>
      </trkpt>
      <trkpt lat="43.290540" lon="-4.171264">
        <ele>248.247</ele>
        <time>2024-08-15T16:09:29.634Z</time>
      </trkpt>
      <trkpt lat="43.290526" lon="-4.171160">
        <ele>248.812</ele>
        <time>2024-08-15T16:09:30.634Z</time>
      </trkpt>
      <trkpt lat="43.290490" lon="-4.171067">
        <ele>249.653</ele>
        <time>2024-08-15T16:09:31.634Z</time>
      </trkpt>
      <trkpt lat="43.290429" lon="-4.170992">
        <ele>250.526</ele>
        <time>2024-08-15T16:09:32.634Z</time>
      </trkpt>
      <trkpt lat="43.290348" lon="-4.170941">
        <ele>251.640</ele>
        <time>2024-08-15T16:09:33.634Z</time>
      </trkpt>
      <trkpt lat="43.290256" lon="-4.170912">
        <ele>252.585</ele>
        <time>2024-08-15T16:09:34.634Z</time>
      </trkpt>
      <trkpt lat="43.290149" lon="-4.170909">
        <ele>253.834</ele>
        <time>2024-08-15T16:09:35.634Z</time>
      </trkpt>
      <trkpt lat="43.290039" lon="-4.170910">
        <ele>257.055</ele>
        <time>2024-08-15T16:09:36.634Z</time>
      </trkpt>
      <trkpt lat="43.289927" lon="-4.170904">
        <ele>258.410</ele>
        <time>2024-08-15T16:09:37.634Z</time>
      </trkpt>
      <trkpt lat="43.289816" lon="-4.170886">
        <ele>259.309</ele>
        <time>2024-08-15T16:09:38.634Z</time>
      </trkpt>
      <trkpt lat="43.289710" lon="-4.170858">
        <ele>260.084</ele>
        <time>2024-08-15T16:09:39.634Z</time>
      </trkpt>
      <trkpt lat="43.289607" lon="-4.170825">
        <ele>261.081</ele>
        <time>2024-08-15T16:09:40.634Z</time>
      </trkpt>
      <trkpt lat="43.289516" lon="-4.170812">
        <ele>262.594</ele>
        <time>2024-08-15T16:09:41.634Z</time>
      </trkpt>
      <trkpt lat="43.289421" lon="-4.170837">
        <ele>264.064</ele>
        <time>2024-08-15T16:09:42.634Z</time>
      </trkpt>
      <trkpt lat="43.289318" lon="-4.170898">
        <ele>265.529</ele>
        <time>2024-08-15T16:09:43.634Z</time>
      </trkpt>
      <trkpt lat="43.289214" lon="-4.170961">
        <ele>267.030</ele>
        <time>2024-08-15T16:09:44.634Z</time>
      </trkpt>
      <trkpt lat="43.289115" lon="-4.171034">
        <ele>269.013</ele>
        <time>2024-08-15T16:09:45.634Z</time>
      </trkpt>
      <trkpt lat="43.289016" lon="-4.171104">
        <ele>270.277</ele>
        <time>2024-08-15T16:09:46.634Z</time>
      </trkpt>
      <trkpt lat="43.288925" lon="-4.171162">
        <ele>270.762</ele>
        <time>2024-08-15T16:09:47.634Z</time>
      </trkpt>
      <trkpt lat="43.288832" lon="-4.171189">
        <ele>271.725</ele>
        <time>2024-08-15T16:09:48.634Z</time>
      </trkpt>
      <trkpt lat="43.288720" lon="-4.171169">
        <ele>273.426</ele>
        <time>2024-08-15T16:09:49.634Z</time>
      </trkpt>
      <trkpt lat="43.288613" lon="-4.171113">
        <ele>275.608</ele>
        <time>2024-08-15T16:09:50.634Z</time>
      </trkpt>
      <trkpt lat="43.288513" lon="-4.171049">
        <ele>276.909</ele>
        <time>2024-08-15T16:09:51.634Z</time>
      </trkpt>
      <trkpt lat="43.288409" lon="-4.170976">
        <ele>277.893</ele>
        <time>2024-08-15T16:09:52.634Z</time>
      </trkpt>
      <trkpt lat="43.288312" lon="-4.170880">
        <ele>279.070</ele>
        <time>2024-08-15T16:09:53.634Z</time>
      </trkpt>
      <trkpt lat="43.288218" lon="-4.170778">
        <ele>280.753</ele>
        <time>2024-08-15T16:09:54.634Z</time>
      </trkpt>
      <trkpt lat="43.288124" lon="-4.170680">
        <ele>282.373</ele>
        <time>2024-08-15T16:09:55.634Z</time>
      </trkpt>
      <trkpt lat="43.288030" lon="-4.170586">
        <ele>284.088</ele>
        <time>2024-08-15T16:09:56.634Z</time>
      </trkpt>
      <trkpt lat="43.287939" lon="-4.170490">
        <ele>285.589</ele>
        <time>2024-08-15T16:09:57.634Z</time>
      </trkpt>
      <trkpt lat="43.287854" lon="-4.170381">
        <ele>287.142</ele>
        <time>2024-08-15T16:09:58.634Z</time>
      </trkpt>
      <trkpt lat="43.287791" lon="-4.170256">
        <ele>288.756</ele>
        <time>2024-08-15T16:09:59.634Z</time>
      </trkpt>
      <trkpt lat="43.287750" lon="-4.170114">
        <ele>290.391</ele>
        <time>2024-08-15T16:10:00.634Z</time>
      </trkpt>
      <trkpt lat="43.287731" lon="-4.169961">
        <ele>292.171</ele>
        <time>2024-08-15T16:10:01.634Z</time>
      </trkpt>
      <trkpt lat="43.287695" lon="-4.169813">
        <ele>293.441</ele>
        <time>2024-08-15T16:10:02.634Z</time>
      </trkpt>
      <trkpt lat="43.287645" lon="-4.169681">
        <ele>294.715</ele>
        <time>2024-08-15T16:10:03.634Z</time>
      </trkpt>
      <trkpt lat="43.287583" lon="-4.169557">
        <ele>296.309</ele>
        <time>2024-08-15T16:10:04.634Z</time>
      </trkpt>
      <trkpt lat="43.287516" lon="-4.169433">
        <ele>297.898</ele>
        <time>2024-08-15T16:10:05.634Z</time>
      </trkpt>
      <trkpt lat="43.287459" lon="-4.169324">
        <ele>299.145</ele>
        <time>2024-08-15T16:10:06.634Z</time>
      </trkpt>
      <trkpt lat="43.287413" lon="-4.169228">
        <ele>300.078</ele>
        <time>2024-08-15T16:10:07.634Z</time>
      </trkpt>
      <trkpt lat="43.287359" lon="-4.169156">
        <ele>301.138</ele>
        <time>2024-08-15T16:10:08.635Z</time>
      </trkpt>
      <trkpt lat="43.287196" lon="-4.169114">
        <ele>302.513</ele>
        <time>2024-08-15T16:10:10.634Z</time>
      </trkpt>
      <trkpt lat="43.287099" lon="-4.169137">
        <ele>303.484</ele>
        <time>2024-08-15T16:10:11.634Z</time>
      </trkpt>
      <trkpt lat="43.286999" lon="-4.169170">
        <ele>304.017</ele>
        <time>2024-08-15T16:10:12.635Z</time>
      </trkpt>
      <trkpt lat="43.286803" lon="-4.169228">
        <ele>306.041</ele>
        <time>2024-08-15T16:10:14.635Z</time>
      </trkpt>
      <trkpt lat="43.286602" lon="-4.169161">
        <ele>308.556</ele>
        <time>2024-08-15T16:10:16.634Z</time>
      </trkpt>
      <trkpt lat="43.286499" lon="-4.169083">
        <ele>309.487</ele>
        <time>2024-08-15T16:10:17.635Z</time>
      </trkpt>
      <trkpt lat="43.286272" lon="-4.168989">
        <ele>310.942</ele>
        <time>2024-08-15T16:10:19.635Z</time>
      </trkpt>
      <trkpt lat="43.286029" lon="-4.168954">
        <ele>313.926</ele>
        <time>2024-08-15T16:10:21.634Z</time>
      </trkpt>
      <trkpt lat="43.285913" lon="-4.168941">
        <ele>315.409</ele>
        <time>2024-08-15T16:10:22.634Z</time>
      </trkpt>
      <trkpt lat="43.285811" lon="-4.168960">
        <ele>316.269</ele>
        <time>2024-08-15T16:10:23.635Z</time>
      </trkpt>
      <trkpt lat="43.285619" lon="-4.168995">
        <ele>318.186</ele>
        <time>2024-08-15T16:10:25.635Z</time>
      </trkpt>
      <trkpt lat="43.285533" lon="-4.168975">
        <ele>318.549</ele>
        <time>2024-08-15T16:10:26.635Z</time>
      </trkpt>
      <trkpt lat="43.285456" lon="-4.168932">
        <ele>318.559</ele>
        <time>2024-08-15T16:10:27.635Z</time>
      </trkpt>
      <trkpt lat="43.285375" lon="-4.168869">
        <ele>318.634</ele>
        <time>2024-08-15T16:10:28.635Z</time>
      </trkpt>
      <trkpt lat="43.285295" lon="-4.168783">
        <ele>318.845</ele>
        <time>2024-08-15T16:10:29.635Z</time>
      </trkpt>
      <trkpt lat="43.285216" lon="-4.168669">
        <ele>320.058</ele>
        <time>2024-08-15T16:10:30.635Z</time>
      </trkpt>
      <trkpt lat="43.285148" lon="-4.168529">
        <ele>320.972</ele>
        <time>2024-08-15T16:10:31.635Z</time>
      </trkpt>
      <trkpt lat="43.285090" lon="-4.168377">
        <ele>321.517</ele>
        <time>2024-08-15T16:10:32.635Z</time>
      </trkpt>
      <trkpt lat="43.285031" lon="-4.168230">
        <ele>322.221</ele>
        <time>2024-08-15T16:10:33.635Z</time>
      </trkpt>
      <trkpt lat="43.284973" lon="-4.168087">
        <ele>322.441</ele>
        <time>2024-08-15T16:10:34.635Z</time>
      </trkpt>
      <trkpt lat="43.284910" lon="-4.167955">
        <ele>322.405</ele>
        <time>2024-08-15T16:10:35.635Z</time>
      </trkpt>
      <trkpt lat="43.284843" lon="-4.167835">
        <ele>322.709</ele>
        <time>2024-08-15T16:10:36.635Z</time>
      </trkpt>
      <trkpt lat="43.284774" lon="-4.167717">
        <ele>323.463</ele>
        <time>2024-08-15T16:10:37.635Z</time>
      </trkpt>
      <trkpt lat="43.284707" lon="-4.167608">
        <ele>324.080</ele>
        <time>2024-08-15T16:10:38.635Z</time>
      </trkpt>
      <trkpt lat="43.284643" lon="-4.167511">
        <ele>324.423</ele>
        <time>2024-08-15T16:10:39.635Z</time>
      </trkpt>
      <trkpt lat="43.284586" lon="-4.167420">
        <ele>324.863</ele>
        <time>2024-08-15T16:10:40.635Z</time>
      </trkpt>
      <trkpt lat="43.284543" lon="-4.167322">
        <ele>325.368</ele>
        <time>2024-08-15T16:10:41.635Z</time>
      </trkpt>
      <trkpt lat="43.284516" lon="-4.167205">
        <ele>325.519</ele>
        <time>2024-08-15T16:10:42.635Z</time>
      </trkpt>
      <trkpt lat="43.284499" lon="-4.167089">
        <ele>326.092</ele>
        <time>2024-08-15T16:10:43.635Z</time>
      </trkpt>
      <trkpt lat="43.284474" lon="-4.166992">
        <ele>326.456</ele>
        <time>2024-08-15T16:10:44.635Z</time>
      </trkpt>
      <trkpt lat="43.284424" lon="-4.166927">
        <ele>326.841</ele>
        <time>2024-08-15T16:10:45.635Z</time>
      </trkpt>
      <trkpt lat="43.284346" lon="-4.166893">
        <ele>327.157</ele>
        <time>2024-08-15T16:10:46.635Z</time>
      </trkpt>
      <trkpt lat="43.284241" lon="-4.166875">
        <ele>327.600</ele>
        <time>2024-08-15T16:10:47.635Z</time>
      </trkpt>
      <trkpt lat="43.284108" lon="-4.166859">
        <ele>328.320</ele>
        <time>2024-08-15T16:10:48.635Z</time>
      </trkpt>
      <trkpt lat="43.283978" lon="-4.166848">
        <ele>328.509</ele>
        <time>2024-08-15T16:10:49.635Z</time>
      </trkpt>
      <trkpt lat="43.283845" lon="-4.166831">
        <ele>327.856</ele>
        <time>2024-08-15T16:10:50.636Z</time>
      </trkpt>
      <trkpt lat="43.283628" lon="-4.166719">
        <ele>328.243</ele>
        <time>2024-08-15T16:10:52.635Z</time>
      </trkpt>
      <trkpt lat="43.283522" lon="-4.166650">
        <ele>328.236</ele>
        <time>2024-08-15T16:10:53.635Z</time>
      </trkpt>
      <trkpt lat="43.283407" lon="-4.166609">
        <ele>328.286</ele>
        <time>2024-08-15T16:10:54.635Z</time>
      </trkpt>
      <trkpt lat="43.283299" lon="-4.166597">
        <ele>328.341</ele>
        <time>2024-08-15T16:10:55.635Z</time>
      </trkpt>
      <trkpt lat="43.283213" lon="-4.166595">
        <ele>328.512</ele>
        <time>2024-08-15T16:10:56.635Z</time>
      </trkpt>
      <trkpt lat="43.283161" lon="-4.166555">
        <ele>328.765</ele>
        <time>2024-08-15T16:10:57.635Z</time>
      </trkpt>
      <trkpt lat="43.283111" lon="-4.166461">
        <ele>328.889</ele>
        <time>2024-08-15T16:10:58.635Z</time>
      </trkpt>
      <trkpt lat="43.283083" lon="-4.166352">
        <ele>329.014</ele>
        <time>2024-08-15T16:10:59.635Z</time>
      </trkpt>
      <trkpt lat="43.283082" lon="-4.166216">
        <ele>329.417</ele>
        <time>2024-08-15T16:11:00.635Z</time>
      </trkpt>
      <trkpt lat="43.283093" lon="-4.166073">
        <ele>330.087</ele>
        <time>2024-08-15T16:11:01.636Z</time>
      </trkpt>
      <trkpt lat="43.283122" lon="-4.165763">
        <ele>330.715</ele>
        <time>2024-08-15T16:11:03.635Z</time>
      </trkpt>
      <trkpt lat="43.283139" lon="-4.165612">
        <ele>331.309</ele>
        <time>2024-08-15T16:11:04.635Z</time>
      </trkpt>
      <trkpt lat="43.283179" lon="-4.165494">
        <ele>333.132</ele>
        <time>2024-08-15T16:11:05.635Z</time>
      </trkpt>
      <trkpt lat="43.283241" lon="-4.165380">
        <ele>334.159</ele>
        <time>2024-08-15T16:11:06.635Z</time>
      </trkpt>
      <trkpt lat="43.283307" lon="-4.165260">
        <ele>336.342</ele>
        <time>2024-08-15T16:11:07.635Z</time>
      </trkpt>
      <trkpt lat="43.283351" lon="-4.165145">
        <ele>337.712</ele>
        <time>2024-08-15T16:11:08.635Z</time>
      </trkpt>
      <trkpt lat="43.283365" lon="-4.165028">
        <ele>338.427</ele>
        <time>2024-08-15T16:11:09.635Z</time>
      </trkpt>
      <trkpt lat="43.283348" lon="-4.164915">
        <ele>339.578</ele>
        <time>2024-08-15T16:11:10.636Z</time>
      </trkpt>
      <trkpt lat="43.283225" lon="-4.164734">
        <ele>341.871</ele>
        <time>2024-08-15T16:11:12.635Z</time>
      </trkpt>
      <trkpt lat="43.283142" lon="-4.164671">
        <ele>342.835</ele>
        <time>2024-08-15T16:11:13.635Z</time>
      </trkpt>
      <trkpt lat="43.283044" lon="-4.164623">
        <ele>345.070</ele>
        <time>2024-08-15T16:11:14.635Z</time>
      </trkpt>
      <trkpt lat="43.282940" lon="-4.164592">
        <ele>346.749</ele>
        <time>2024-08-15T16:11:15.635Z</time>
      </trkpt>
      <trkpt lat="43.282833" lon="-4.164559">
        <ele>347.902</ele>
        <time>2024-08-15T16:11:16.635Z</time>
      </trkpt>
      <trkpt lat="43.282732" lon="-4.164520">
        <ele>349.322</ele>
        <time>2024-08-15T16:11:17.635Z</time>
      </trkpt>
      <trkpt lat="43.282637" lon="-4.164477">
        <ele>350.609</ele>
        <time>2024-08-15T16:11:18.635Z</time>
      </trkpt>
      <trkpt lat="43.282549" lon="-4.164424">
        <ele>352.365</ele>
        <time>2024-08-15T16:11:19.635Z</time>
      </trkpt>
      <trkpt lat="43.282469" lon="-4.164369">
        <ele>353.782</ele>
        <time>2024-08-15T16:11:20.636Z</time>
      </trkpt>
      <trkpt lat="43.282329" lon="-4.164392">
        <ele>355.595</ele>
        <time>2024-08-15T16:11:22.635Z</time>
      </trkpt>
      <trkpt lat="43.282266" lon="-4.164472">
        <ele>357.195</ele>
        <time>2024-08-15T16:11:23.636Z</time>
      </trkpt>
      <trkpt lat="43.282212" lon="-4.164567">
        <ele>359.570</ele>
        <time>2024-08-15T16:11:24.636Z</time>
      </trkpt>
      <trkpt lat="43.282172" lon="-4.164681">
        <ele>361.531</ele>
        <time>2024-08-15T16:11:25.636Z</time>
      </trkpt>
      <trkpt lat="43.282130" lon="-4.164710">
        <ele>362.634</ele>
        <time>2024-08-15T16:11:26.636Z</time>
      </trkpt>
      <trkpt lat="43.282070" lon="-4.164693">
        <ele>362.678</ele>
        <time>2024-08-15T16:11:27.636Z</time>
      </trkpt>
      <trkpt lat="43.282019" lon="-4.164616">
        <ele>363.393</ele>
        <time>2024-08-15T16:11:28.636Z</time>
      </trkpt>
      <trkpt lat="43.281980" lon="-4.164499">
        <ele>364.174</ele>
        <time>2024-08-15T16:11:29.636Z</time>
      </trkpt>
      <trkpt lat="43.281940" lon="-4.164370">
        <ele>365.356</ele>
        <time>2024-08-15T16:11:30.636Z</time>
      </trkpt>
      <trkpt lat="43.281894" lon="-4.164226">
        <ele>367.521</ele>
        <time>2024-08-15T16:11:31.636Z</time>
      </trkpt>
      <trkpt lat="43.281851" lon="-4.164079">
        <ele>369.009</ele>
        <time>2024-08-15T16:11:32.636Z</time>
      </trkpt>
      <trkpt lat="43.281819" lon="-4.163934">
        <ele>370.268</ele>
        <time>2024-08-15T16:11:33.636Z</time>
      </trkpt>
      <trkpt lat="43.281781" lon="-4.163803">
        <ele>371.235</ele>
        <time>2024-08-15T16:11:34.636Z</time>
      </trkpt>
      <trkpt lat="43.281737" lon="-4.163686">
        <ele>372.298</ele>
        <time>2024-08-15T16:11:35.637Z</time>
      </trkpt>
      <trkpt lat="43.281680" lon="-4.163451">
        <ele>373.958</ele>
        <time>2024-08-15T16:11:37.636Z</time>
      </trkpt>
      <trkpt lat="43.281683" lon="-4.163327">
        <ele>374.683</ele>
        <time>2024-08-15T16:11:38.636Z</time>
      </trkpt>
      <trkpt lat="43.281699" lon="-4.163200">
        <ele>375.574</ele>
        <time>2024-08-15T16:11:39.636Z</time>
      </trkpt>
      <trkpt lat="43.281705" lon="-4.163066">
        <ele>376.637</ele>
        <time>2024-08-15T16:11:40.636Z</time>
      </trkpt>
      <trkpt lat="43.281675" lon="-4.162937">
        <ele>377.471</ele>
        <time>2024-08-15T16:11:41.636Z</time>
      </trkpt>
      <trkpt lat="43.281626" lon="-4.162815">
        <ele>378.566</ele>
        <time>2024-08-15T16:11:42.636Z</time>
      </trkpt>
      <trkpt lat="43.281572" lon="-4.162702">
        <ele>379.651</ele>
        <time>2024-08-15T16:11:43.636Z</time>
      </trkpt>
      <trkpt lat="43.281506" lon="-4.162601">
        <ele>379.801</ele>
        <time>2024-08-15T16:11:44.636Z</time>
      </trkpt>
      <trkpt lat="43.281425" lon="-4.162513">
        <ele>380.811</ele>
        <time>2024-08-15T16:11:45.636Z</time>
      </trkpt>
      <trkpt lat="43.281341" lon="-4.162427">
        <ele>381.709</ele>
        <time>2024-08-15T16:11:46.636Z</time>
      </trkpt>
      <trkpt lat="43.281262" lon="-4.162323">
        <ele>382.716</ele>
        <time>2024-08-15T16:11:47.636Z</time>
      </trkpt>
      <trkpt lat="43.281203" lon="-4.162197">
        <ele>383.583</ele>
        <time>2024-08-15T16:11:48.636Z</time>
      </trkpt>
      <trkpt lat="43.281153" lon="-4.162054">
        <ele>384.426</ele>
        <time>2024-08-15T16:11:49.636Z</time>
      </trkpt>
      <trkpt lat="43.281104" lon="-4.161906">
        <ele>385.716</ele>
        <time>2024-08-15T16:11:50.636Z</time>
      </trkpt>
      <trkpt lat="43.281058" lon="-4.161780">
        <ele>386.621</ele>
        <time>2024-08-15T16:11:51.636Z</time>
      </trkpt>
      <trkpt lat="43.281020" lon="-4.161679">
        <ele>387.632</ele>
        <time>2024-08-15T16:11:52.636Z</time>
      </trkpt>
      <trkpt lat="43.281002" lon="-4.161589">
        <ele>389.195</ele>
        <time>2024-08-15T16:11:53.636Z</time>
      </trkpt>
      <trkpt lat="43.281012" lon="-4.161502">
        <ele>389.929</ele>
        <time>2024-08-15T16:11:54.636Z</time>
      </trkpt>
      <trkpt lat="43.281057" lon="-4.161402">
        <ele>390.954</ele>
        <time>2024-08-15T16:11:55.636Z</time>
      </trkpt>
      <trkpt lat="43.281131" lon="-4.161285">
        <ele>391.579</ele>
        <time>2024-08-15T16:11:56.636Z</time>
      </trkpt>
      <trkpt lat="43.281192" lon="-4.161150">
        <ele>392.205</ele>
        <time>2024-08-15T16:11:57.636Z</time>
      </trkpt>
      <trkpt lat="43.281211" lon="-4.161021">
        <ele>392.625</ele>
        <time>2024-08-15T16:11:58.636Z</time>
      </trkpt>
      <trkpt lat="43.281197" lon="-4.160918">
        <ele>392.409</ele>
        <time>2024-08-15T16:11:59.636Z</time>
      </trkpt>
      <trkpt lat="43.281152" lon="-4.160859">
        <ele>392.458</ele>
        <time>2024-08-15T16:12:00.636Z</time>
      </trkpt>
      <trkpt lat="43.281068" lon="-4.160825">
        <ele>393.325</ele>
        <time>2024-08-15T16:12:01.637Z</time>
      </trkpt>
      <trkpt lat="43.280877" lon="-4.160826">
        <ele>396.588</ele>
        <time>2024-08-15T16:12:03.636Z</time>
      </trkpt>
      <trkpt lat="43.280798" lon="-4.160772">
        <ele>398.038</ele>
        <time>2024-08-15T16:12:04.636Z</time>
      </trkpt>
      <trkpt lat="43.280732" lon="-4.160668">
        <ele>398.263</ele>
        <time>2024-08-15T16:12:05.636Z</time>
      </trkpt>
      <trkpt lat="43.280686" lon="-4.160521">
        <ele>398.864</ele>
        <time>2024-08-15T16:12:06.636Z</time>
      </trkpt>
      <trkpt lat="43.280645" lon="-4.160358">
        <ele>399.047</ele>
        <time>2024-08-15T16:12:07.637Z</time>
      </trkpt>
      <trkpt lat="43.280601" lon="-4.160198">
        <ele>399.091</ele>
        <time>2024-08-15T16:12:08.637Z</time>
      </trkpt>
      <trkpt lat="43.280557" lon="-4.160041">
        <ele>399.046</ele>
        <time>2024-08-15T16:12:09.637Z</time>
      </trkpt>
      <trkpt lat="43.280516" lon="-4.159881">
        <ele>399.256</ele>
        <time>2024-08-15T16:12:10.637Z</time>
      </trkpt>
      <trkpt lat="43.280483" lon="-4.159715">
        <ele>399.559</ele>
        <time>2024-08-15T16:12:11.637Z</time>
      </trkpt>
      <trkpt lat="43.280473" lon="-4.159375">
        <ele>400.514</ele>
        <time>2024-08-15T16:12:13.636Z</time>
      </trkpt>
      <trkpt lat="43.280486" lon="-4.159204">
        <ele>401.009</ele>
        <time>2024-08-15T16:12:14.637Z</time>
      </trkpt>
      <trkpt lat="43.280495" lon="-4.158892">
        <ele>401.566</ele>
        <time>2024-08-15T16:12:16.637Z</time>
      </trkpt>
      <trkpt lat="43.280478" lon="-4.158748">
        <ele>401.913</ele>
        <time>2024-08-15T16:12:17.637Z</time>
      </trkpt>
      <trkpt lat="43.280456" lon="-4.158617">
        <ele>402.436</ele>
        <time>2024-08-15T16:12:18.637Z</time>
      </trkpt>
      <trkpt lat="43.280343" lon="-4.158424">
        <ele>402.746</ele>
        <time>2024-08-15T16:12:20.637Z</time>
      </trkpt>
      <trkpt lat="43.280137" lon="-4.158340">
        <ele>403.361</ele>
        <time>2024-08-15T16:12:22.637Z</time>
      </trkpt>
      <trkpt lat="43.280029" lon="-4.158308">
        <ele>403.722</ele>
        <time>2024-08-15T16:12:23.637Z</time>
      </trkpt>
      <trkpt lat="43.279944" lon="-4.158252">
        <ele>404.045</ele>
        <time>2024-08-15T16:12:24.637Z</time>
      </trkpt>
      <trkpt lat="43.279875" lon="-4.158136">
        <ele>404.229</ele>
        <time>2024-08-15T16:12:25.637Z</time>
      </trkpt>
      <trkpt lat="43.279787" lon="-4.158006">
        <ele>404.244</ele>
        <time>2024-08-15T16:12:26.637Z</time>
      </trkpt>
      <trkpt lat="43.279672" lon="-4.157902">
        <ele>404.133</ele>
        <time>2024-08-15T16:12:27.637Z</time>
      </trkpt>
      <trkpt lat="43.279559" lon="-4.157820">
        <ele>404.123</ele>
        <time>2024-08-15T16:12:28.637Z</time>
      </trkpt>
      <trkpt lat="43.279453" lon="-4.157728">
        <ele>405.815</ele>
        <time>2024-08-15T16:12:29.637Z</time>
      </trkpt>
      <trkpt lat="43.279356" lon="-4.157634">
        <ele>406.009</ele>
        <time>2024-08-15T16:12:30.637Z</time>
      </trkpt>
      <trkpt lat="43.279262" lon="-4.157528">
        <ele>406.154</ele>
        <time>2024-08-15T16:12:31.637Z</time>
      </trkpt>
      <trkpt lat="43.279172" lon="-4.157422">
        <ele>406.311</ele>
        <time>2024-08-15T16:12:32.637Z</time>
      </trkpt>
      <trkpt lat="43.279090" lon="-4.157321">
        <ele>406.764</ele>
        <time>2024-08-15T16:12:33.637Z</time>
      </trkpt>
      <trkpt lat="43.279009" lon="-4.157220">
        <ele>407.364</ele>
        <time>2024-08-15T16:12:34.637Z</time>
      </trkpt>
      <trkpt lat="43.278931" lon="-4.157122">
        <ele>407.429</ele>
        <time>2024-08-15T16:12:35.637Z</time>
      </trkpt>
      <trkpt lat="43.278864" lon="-4.157023">
        <ele>407.490</ele>
        <time>2024-08-15T16:12:36.637Z</time>
      </trkpt>
      <trkpt lat="43.278810" lon="-4.156913">
        <ele>407.813</ele>
        <time>2024-08-15T16:12:37.637Z</time>
      </trkpt>
      <trkpt lat="43.278774" lon="-4.156787">
        <ele>408.227</ele>
        <time>2024-08-15T16:12:38.637Z</time>
      </trkpt>
      <trkpt lat="43.278751" lon="-4.156644">
        <ele>408.472</ele>
        <time>2024-08-15T16:12:39.637Z</time>
      </trkpt>
      <trkpt lat="43.278737" lon="-4.156491">
        <ele>408.447</ele>
        <time>2024-08-15T16:12:40.637Z</time>
      </trkpt>
      <trkpt lat="43.278715" lon="-4.156345">
        <ele>408.429</ele>
        <time>2024-08-15T16:12:41.637Z</time>
      </trkpt>
      <trkpt lat="43.278671" lon="-4.156221">
        <ele>408.321</ele>
        <time>2024-08-15T16:12:42.637Z</time>
      </trkpt>
      <trkpt lat="43.278624" lon="-4.156105">
        <ele>408.009</ele>
        <time>2024-08-15T16:12:43.637Z</time>
      </trkpt>
      <trkpt lat="43.278600" lon="-4.155989">
        <ele>407.915</ele>
        <time>2024-08-15T16:12:44.637Z</time>
      </trkpt>
      <trkpt lat="43.278614" lon="-4.155880">
        <ele>407.962</ele>
        <time>2024-08-15T16:12:45.637Z</time>
      </trkpt>
      <trkpt lat="43.278648" lon="-4.155786">
        <ele>408.155</ele>
        <time>2024-08-15T16:12:46.637Z</time>
      </trkpt>
      <trkpt lat="43.278650" lon="-4.155700">
        <ele>408.395</ele>
        <time>2024-08-15T16:12:47.637Z</time>
      </trkpt>
      <trkpt lat="43.278613" lon="-4.155615">
        <ele>408.410</ele>
        <time>2024-08-15T16:12:48.637Z</time>
      </trkpt>
      <trkpt lat="43.278527" lon="-4.155567">
        <ele>408.511</ele>
        <time>2024-08-15T16:12:49.637Z</time>
      </trkpt>
      <trkpt lat="43.278443" lon="-4.155527">
        <ele>408.994</ele>
        <time>2024-08-15T16:12:50.637Z</time>
      </trkpt>
      <trkpt lat="43.278358" lon="-4.155464">
        <ele>409.568</ele>
        <time>2024-08-15T16:12:51.637Z</time>
      </trkpt>
      <trkpt lat="43.278276" lon="-4.155370">
        <ele>409.773</ele>
        <time>2024-08-15T16:12:52.637Z</time>
      </trkpt>
      <trkpt lat="43.278197" lon="-4.155256">
        <ele>409.364</ele>
        <time>2024-08-15T16:12:53.637Z</time>
      </trkpt>
      <trkpt lat="43.278129" lon="-4.155120">
        <ele>409.006</ele>
        <time>2024-08-15T16:12:54.637Z</time>
      </trkpt>
      <trkpt lat="43.278074" lon="-4.154968">
        <ele>409.016</ele>
        <time>2024-08-15T16:12:55.637Z</time>
      </trkpt>
      <trkpt lat="43.278031" lon="-4.154806">
        <ele>409.109</ele>
        <time>2024-08-15T16:12:56.637Z</time>
      </trkpt>
      <trkpt lat="43.278000" lon="-4.154636">
        <ele>409.587</ele>
        <time>2024-08-15T16:12:57.637Z</time>
      </trkpt>
      <trkpt lat="43.277971" lon="-4.154464">
        <ele>409.514</ele>
        <time>2024-08-15T16:12:58.638Z</time>
      </trkpt>
      <trkpt lat="43.277876" lon="-4.154177">
        <ele>409.937</ele>
        <time>2024-08-15T16:13:00.637Z</time>
      </trkpt>
      <trkpt lat="43.277820" lon="-4.154080">
        <ele>409.987</ele>
        <time>2024-08-15T16:13:01.637Z</time>
      </trkpt>
      <trkpt lat="43.277768" lon="-4.153998">
        <ele>410.292</ele>
        <time>2024-08-15T16:13:02.637Z</time>
      </trkpt>
      <trkpt lat="43.277719" lon="-4.153916">
        <ele>410.363</ele>
        <time>2024-08-15T16:13:03.638Z</time>
      </trkpt>
      <trkpt lat="43.277671" lon="-4.153832">
        <ele>410.396</ele>
        <time>2024-08-15T16:13:04.638Z</time>
      </trkpt>
      <trkpt lat="43.277603" lon="-4.153652">
        <ele>410.470</ele>
        <time>2024-08-15T16:13:06.637Z</time>
      </trkpt>
      <trkpt lat="43.277594" lon="-4.153556">
        <ele>410.535</ele>
        <time>2024-08-15T16:13:07.638Z</time>
      </trkpt>
      <trkpt lat="43.277606" lon="-4.153456">
        <ele>410.661</ele>
        <time>2024-08-15T16:13:08.638Z</time>
      </trkpt>
      <trkpt lat="43.277699" lon="-4.153244">
        <ele>410.621</ele>
        <time>2024-08-15T16:13:10.637Z</time>
      </trkpt>
      <trkpt lat="43.277743" lon="-4.153138">
        <ele>410.613</ele>
        <time>2024-08-15T16:13:11.637Z</time>
      </trkpt>
      <trkpt lat="43.277764" lon="-4.153032">
        <ele>410.509</ele>
        <time>2024-08-15T16:13:12.637Z</time>
      </trkpt>
      <trkpt lat="43.277767" lon="-4.152922">
        <ele>410.587</ele>
        <time>2024-08-15T16:13:13.637Z</time>
      </trkpt>
      <trkpt lat="43.277753" lon="-4.152815">
        <ele>410.474</ele>
        <time>2024-08-15T16:13:14.637Z</time>
      </trkpt>
      <trkpt lat="43.277729" lon="-4.152710">
        <ele>410.377</ele>
        <time>2024-08-15T16:13:15.638Z</time>
      </trkpt>
      <trkpt lat="43.277724" lon="-4.152502">
        <ele>410.277</ele>
        <time>2024-08-15T16:13:17.637Z</time>
      </trkpt>
      <trkpt lat="43.277741" lon="-4.152395">
        <ele>409.982</ele>
        <time>2024-08-15T16:13:18.637Z</time>
      </trkpt>
      <trkpt lat="43.277775" lon="-4.152296">
        <ele>409.353</ele>
        <time>2024-08-15T16:13:19.638Z</time>
      </trkpt>
      <trkpt lat="43.277822" lon="-4.152213">
        <ele>408.656</ele>
        <time>2024-08-15T16:13:20.638Z</time>
      </trkpt>
      <trkpt lat="43.277902" lon="-4.152031">
        <ele>407.210</ele>
        <time>2024-08-15T16:13:22.637Z</time>
      </trkpt>
      <trkpt lat="43.277914" lon="-4.151923">
        <ele>406.335</ele>
        <time>2024-08-15T16:13:23.638Z</time>
      </trkpt>
      <trkpt lat="43.277907" lon="-4.151814">
        <ele>405.558</ele>
        <time>2024-08-15T16:13:24.638Z</time>
      </trkpt>
      <trkpt lat="43.277907" lon="-4.151709">
        <ele>405.052</ele>
        <time>2024-08-15T16:13:25.638Z</time>
      </trkpt>
      <trkpt lat="43.277921" lon="-4.151614">
        <ele>404.917</ele>
        <time>2024-08-15T16:13:26.638Z</time>
      </trkpt>
      <trkpt lat="43.277938" lon="-4.151525">
        <ele>404.709</ele>
        <time>2024-08-15T16:13:27.638Z</time>
      </trkpt>
      <trkpt lat="43.277946" lon="-4.151449">
        <ele>404.656</ele>
        <time>2024-08-15T16:13:28.638Z</time>
      </trkpt>
      <trkpt lat="43.277907" lon="-4.151350">
        <ele>404.173</ele>
        <time>2024-08-15T16:13:30.638Z</time>
      </trkpt>
      <trkpt lat="43.277856" lon="-4.151326">
        <ele>403.826</ele>
        <time>2024-08-15T16:13:31.638Z</time>
      </trkpt>
      <trkpt lat="43.277785" lon="-4.151343">
        <ele>403.976</ele>
        <time>2024-08-15T16:13:32.638Z</time>
      </trkpt>
      <trkpt lat="43.277728" lon="-4.151388">
        <ele>403.841</ele>
        <time>2024-08-15T16:13:33.638Z</time>
      </trkpt>
      <trkpt lat="43.277679" lon="-4.151448">
        <ele>403.772</ele>
        <time>2024-08-15T16:13:34.638Z</time>
      </trkpt>
      <trkpt lat="43.277627" lon="-4.151505">
        <ele>403.645</ele>
        <time>2024-08-15T16:13:35.638Z</time>
      </trkpt>
      <trkpt lat="43.277576" lon="-4.151543">
        <ele>403.579</ele>
        <time>2024-08-15T16:13:36.638Z</time>
      </trkpt>
      <trkpt lat="43.277522" lon="-4.151558">
        <ele>403.484</ele>
        <time>2024-08-15T16:13:37.638Z</time>
      </trkpt>
      <trkpt lat="43.277455" lon="-4.151559">
        <ele>403.228</ele>
        <time>2024-08-15T16:13:38.638Z</time>
      </trkpt>
      <trkpt lat="43.277389" lon="-4.151537">
        <ele>403.289</ele>
        <time>2024-08-15T16:13:39.638Z</time>
      </trkpt>
      <trkpt lat="43.277322" lon="-4.151478">
        <ele>403.217</ele>
        <time>2024-08-15T16:13:40.638Z</time>
      </trkpt>
      <trkpt lat="43.277257" lon="-4.151384">
        <ele>403.209</ele>
        <time>2024-08-15T16:13:41.638Z</time>
      </trkpt>
      <trkpt lat="43.277209" lon="-4.151268">
        <ele>403.593</ele>
        <time>2024-08-15T16:13:42.638Z</time>
      </trkpt>
      <trkpt lat="43.277163" lon="-4.151145">
        <ele>404.740</ele>
        <time>2024-08-15T16:13:43.638Z</time>
      </trkpt>
      <trkpt lat="43.277123" lon="-4.151017">
        <ele>405.253</ele>
        <time>2024-08-15T16:13:44.638Z</time>
      </trkpt>
      <trkpt lat="43.277087" lon="-4.150870">
        <ele>406.263</ele>
        <time>2024-08-15T16:13:45.638Z</time>
      </trkpt>
      <trkpt lat="43.277061" lon="-4.150733">
        <ele>407.248</ele>
        <time>2024-08-15T16:13:46.638Z</time>
      </trkpt>
      <trkpt lat="43.277045" lon="-4.150601">
        <ele>408.129</ele>
        <time>2024-08-15T16:13:47.638Z</time>
      </trkpt>
      <trkpt lat="43.277041" lon="-4.150472">
        <ele>409.392</ele>
        <time>2024-08-15T16:13:48.638Z</time>
      </trkpt>
      <trkpt lat="43.277028" lon="-4.150353">
        <ele>410.676</ele>
        <time>2024-08-15T16:13:49.638Z</time>
      </trkpt>
      <trkpt lat="43.277014" lon="-4.150225">
        <ele>411.981</ele>
        <time>2024-08-15T16:13:50.638Z</time>
      </trkpt>
      <trkpt lat="43.276993" lon="-4.150074">
        <ele>413.145</ele>
        <time>2024-08-15T16:13:51.638Z</time>
      </trkpt>
      <trkpt lat="43.276973" lon="-4.149933">
        <ele>413.847</ele>
        <time>2024-08-15T16:13:52.638Z</time>
      </trkpt>
      <trkpt lat="43.276954" lon="-4.149797">
        <ele>414.711</ele>
        <time>2024-08-15T16:13:53.638Z</time>
      </trkpt>
      <trkpt lat="43.276938" lon="-4.149662">
        <ele>415.509</ele>
        <time>2024-08-15T16:13:54.638Z</time>
      </trkpt>
      <trkpt lat="43.276919" lon="-4.149520">
        <ele>416.225</ele>
        <time>2024-08-15T16:13:55.638Z</time>
      </trkpt>
      <trkpt lat="43.276898" lon="-4.149376">
        <ele>417.412</ele>
        <time>2024-08-15T16:13:56.638Z</time>
      </trkpt>
      <trkpt lat="43.276878" lon="-4.149233">
        <ele>418.575</ele>
        <time>2024-08-15T16:13:57.638Z</time>
      </trkpt>
      <trkpt lat="43.276864" lon="-4.149086">
        <ele>419.485</ele>
        <time>2024-08-15T16:13:58.638Z</time>
      </trkpt>
      <trkpt lat="43.276863" lon="-4.148938">
        <ele>420.410</ele>
        <time>2024-08-15T16:13:59.638Z</time>
      </trkpt>
      <trkpt lat="43.276873" lon="-4.148807">
        <ele>421.251</ele>
        <time>2024-08-15T16:14:00.638Z</time>
      </trkpt>
      <trkpt lat="43.276900" lon="-4.148673">
        <ele>422.044</ele>
        <time>2024-08-15T16:14:01.638Z</time>
      </trkpt>
      <trkpt lat="43.276942" lon="-4.148546">
        <ele>422.888</ele>
        <time>2024-08-15T16:14:02.639Z</time>
      </trkpt>
      <trkpt lat="43.277078" lon="-4.148341">
        <ele>424.193</ele>
        <time>2024-08-15T16:14:04.638Z</time>
      </trkpt>
      <trkpt lat="43.277148" lon="-4.148228">
        <ele>425.598</ele>
        <time>2024-08-15T16:14:05.639Z</time>
      </trkpt>
      <trkpt lat="43.277279" lon="-4.147976">
        <ele>428.515</ele>
        <time>2024-08-15T16:14:07.639Z</time>
      </trkpt>
      <trkpt lat="43.277362" lon="-4.147851">
        <ele>429.426</ele>
        <time>2024-08-15T16:14:08.639Z</time>
      </trkpt>
      <trkpt lat="43.277514" lon="-4.147642">
        <ele>430.609</ele>
        <time>2024-08-15T16:14:10.638Z</time>
      </trkpt>
      <trkpt lat="43.277579" lon="-4.147548">
        <ele>431.020</ele>
        <time>2024-08-15T16:14:11.639Z</time>
      </trkpt>
      <trkpt lat="43.277697" lon="-4.147382">
        <ele>432.337</ele>
        <time>2024-08-15T16:14:13.638Z</time>
      </trkpt>
      <trkpt lat="43.277768" lon="-4.147326">
        <ele>432.380</ele>
        <time>2024-08-15T16:14:14.638Z</time>
      </trkpt>
      <trkpt lat="43.277850" lon="-4.147298">
        <ele>432.370</ele>
        <time>2024-08-15T16:14:15.638Z</time>
      </trkpt>
      <trkpt lat="43.277922" lon="-4.147268">
        <ele>432.365</ele>
        <time>2024-08-15T16:14:16.638Z</time>
      </trkpt>
      <trkpt lat="43.277967" lon="-4.147201">
        <ele>432.466</ele>
        <time>2024-08-15T16:14:17.639Z</time>
      </trkpt>
      <trkpt lat="43.277985" lon="-4.147087">
        <ele>432.419</ele>
        <time>2024-08-15T16:14:18.639Z</time>
      </trkpt>
      <trkpt lat="43.278008" lon="-4.146961">
        <ele>434.223</ele>
        <time>2024-08-15T16:14:19.639Z</time>
      </trkpt>
      <trkpt lat="43.278025" lon="-4.146802">
        <ele>435.928</ele>
        <time>2024-08-15T16:14:20.639Z</time>
      </trkpt>
      <trkpt lat="43.278114" lon="-4.146575">
        <ele>435.292</ele>
        <time>2024-08-15T16:14:22.639Z</time>
      </trkpt>
      <trkpt lat="43.278161" lon="-4.146490">
        <ele>433.673</ele>
        <time>2024-08-15T16:14:23.639Z</time>
      </trkpt>
      <trkpt lat="43.278182" lon="-4.146395">
        <ele>432.920</ele>
        <time>2024-08-15T16:14:24.639Z</time>
      </trkpt>
      <trkpt lat="43.278169" lon="-4.146285">
        <ele>432.009</ele>
        <time>2024-08-15T16:14:25.639Z</time>
      </trkpt>
      <trkpt lat="43.278130" lon="-4.146165">
        <ele>431.940</ele>
        <time>2024-08-15T16:14:26.639Z</time>
      </trkpt>
      <trkpt lat="43.278095" lon="-4.146028">
        <ele>431.687</ele>
        <time>2024-08-15T16:14:27.639Z</time>
      </trkpt>
      <trkpt lat="43.278097" lon="-4.145892">
        <ele>431.340</ele>
        <time>2024-08-15T16:14:28.639Z</time>
      </trkpt>
      <trkpt lat="43.278130" lon="-4.145765">
        <ele>432.220</ele>
        <time>2024-08-15T16:14:29.639Z</time>
      </trkpt>
      <trkpt lat="43.278190" lon="-4.145682">
        <ele>432.595</ele>
        <time>2024-08-15T16:14:30.639Z</time>
      </trkpt>
      <trkpt lat="43.278281" lon="-4.145646">
        <ele>432.766</ele>
        <time>2024-08-15T16:14:31.639Z</time>
      </trkpt>
      <trkpt lat="43.278378" lon="-4.145647">
        <ele>432.789</ele>
        <time>2024-08-15T16:14:32.639Z</time>
      </trkpt>
      <trkpt lat="43.278456" lon="-4.145640">
        <ele>432.123</ele>
        <time>2024-08-15T16:14:33.639Z</time>
      </trkpt>
      <trkpt lat="43.278500" lon="-4.145590">
        <ele>432.038</ele>
        <time>2024-08-15T16:14:34.639Z</time>
      </trkpt>
      <trkpt lat="43.278513" lon="-4.145496">
        <ele>431.869</ele>
        <time>2024-08-15T16:14:35.639Z</time>
      </trkpt>
      <trkpt lat="43.278503" lon="-4.145386">
        <ele>431.904</ele>
        <time>2024-08-15T16:14:36.639Z</time>
      </trkpt>
      <trkpt lat="43.278482" lon="-4.145281">
        <ele>432.124</ele>
        <time>2024-08-15T16:14:37.639Z</time>
      </trkpt>
      <trkpt lat="43.278448" lon="-4.145152">
        <ele>432.109</ele>
        <time>2024-08-15T16:14:38.639Z</time>
      </trkpt>
      <trkpt lat="43.278420" lon="-4.145019">
        <ele>432.137</ele>
        <time>2024-08-15T16:14:39.639Z</time>
      </trkpt>
      <trkpt lat="43.278376" lon="-4.144885">
        <ele>431.514</ele>
        <time>2024-08-15T16:14:40.639Z</time>
      </trkpt>
      <trkpt lat="43.278313" lon="-4.144753">
        <ele>431.317</ele>
        <time>2024-08-15T16:14:41.639Z</time>
      </trkpt>
      <trkpt lat="43.278250" lon="-4.144633">
        <ele>431.317</ele>
        <time>2024-08-15T16:14:42.639Z</time>
      </trkpt>
      <trkpt lat="43.278206" lon="-4.144512">
        <ele>431.572</ele>
        <time>2024-08-15T16:14:43.639Z</time>
      </trkpt>
      <trkpt lat="43.278177" lon="-4.144381">
        <ele>432.563</ele>
        <time>2024-08-15T16:14:44.639Z</time>
      </trkpt>
      <trkpt lat="43.278162" lon="-4.144243">
        <ele>433.656</ele>
        <time>2024-08-15T16:14:45.639Z</time>
      </trkpt>
      <trkpt lat="43.278161" lon="-4.144100">
        <ele>434.420</ele>
        <time>2024-08-15T16:14:46.639Z</time>
      </trkpt>
      <trkpt lat="43.278170" lon="-4.143954">
        <ele>434.635</ele>
        <time>2024-08-15T16:14:47.639Z</time>
      </trkpt>
      <trkpt lat="43.278193" lon="-4.143802">
        <ele>434.963</ele>
        <time>2024-08-15T16:14:48.639Z</time>
      </trkpt>
      <trkpt lat="43.278227" lon="-4.143647">
        <ele>435.544</ele>
        <time>2024-08-15T16:14:49.639Z</time>
      </trkpt>
      <trkpt lat="43.278263" lon="-4.143495">
        <ele>435.818</ele>
        <time>2024-08-15T16:14:50.639Z</time>
      </trkpt>
      <trkpt lat="43.278293" lon="-4.143350">
        <ele>435.809</ele>
        <time>2024-08-15T16:14:51.639Z</time>
      </trkpt>
      <trkpt lat="43.278310" lon="-4.143218">
        <ele>435.727</ele>
        <time>2024-08-15T16:14:52.639Z</time>
      </trkpt>
      <trkpt lat="43.278314" lon="-4.143099">
        <ele>435.474</ele>
        <time>2024-08-15T16:14:53.639Z</time>
      </trkpt>
      <trkpt lat="43.278302" lon="-4.142984">
        <ele>435.057</ele>
        <time>2024-08-15T16:14:54.639Z</time>
      </trkpt>
      <trkpt lat="43.278270" lon="-4.142867">
        <ele>434.847</ele>
        <time>2024-08-15T16:14:55.639Z</time>
      </trkpt>
      <trkpt lat="43.278224" lon="-4.142747">
        <ele>434.252</ele>
        <time>2024-08-15T16:14:56.640Z</time>
      </trkpt>
      <trkpt lat="43.278183" lon="-4.142484">
        <ele>432.453</ele>
        <time>2024-08-15T16:14:58.639Z</time>
      </trkpt>
      <trkpt lat="43.278196" lon="-4.142345">
        <ele>431.476</ele>
        <time>2024-08-15T16:14:59.639Z</time>
      </trkpt>
      <trkpt lat="43.278228" lon="-4.142213">
        <ele>430.660</ele>
        <time>2024-08-15T16:15:00.639Z</time>
      </trkpt>
      <trkpt lat="43.278283" lon="-4.142087">
        <ele>429.815</ele>
        <time>2024-08-15T16:15:01.639Z</time>
      </trkpt>
      <trkpt lat="43.278353" lon="-4.141966">
        <ele>429.264</ele>
        <time>2024-08-15T16:15:02.639Z</time>
      </trkpt>
      <trkpt lat="43.278426" lon="-4.141855">
        <ele>428.706</ele>
        <time>2024-08-15T16:15:03.640Z</time>
      </trkpt>
      <trkpt lat="43.278548" lon="-4.141636">
        <ele>427.216</ele>
        <time>2024-08-15T16:15:05.640Z</time>
      </trkpt>
      <trkpt lat="43.278601" lon="-4.141372">
        <ele>425.709</ele>
        <time>2024-08-15T16:15:07.639Z</time>
      </trkpt>
      <trkpt lat="43.278641" lon="-4.141246">
        <ele>424.937</ele>
        <time>2024-08-15T16:15:08.639Z</time>
      </trkpt>
      <trkpt lat="43.278698" lon="-4.141130">
        <ele>423.884</ele>
        <time>2024-08-15T16:15:09.639Z</time>
      </trkpt>
      <trkpt lat="43.278735" lon="-4.141011">
        <ele>423.157</ele>
        <time>2024-08-15T16:15:10.640Z</time>
      </trkpt>
      <trkpt lat="43.278744" lon="-4.140889">
        <ele>422.187</ele>
        <time>2024-08-15T16:15:11.640Z</time>
      </trkpt>
      <trkpt lat="43.278775" lon="-4.140623">
        <ele>420.942</ele>
        <time>2024-08-15T16:15:13.639Z</time>
      </trkpt>
      <trkpt lat="43.278828" lon="-4.140519">
        <ele>420.033</ele>
        <time>2024-08-15T16:15:14.640Z</time>
      </trkpt>
      <trkpt lat="43.279006" lon="-4.140410">
        <ele>418.246</ele>
        <time>2024-08-15T16:15:16.640Z</time>
      </trkpt>
      <trkpt lat="43.279246" lon="-4.140431">
        <ele>417.540</ele>
        <time>2024-08-15T16:15:18.639Z</time>
      </trkpt>
      <trkpt lat="43.279334" lon="-4.140435">
        <ele>416.075</ele>
        <time>2024-08-15T16:15:19.640Z</time>
      </trkpt>
      <trkpt lat="43.279470" lon="-4.140345">
        <ele>415.043</ele>
        <time>2024-08-15T16:15:21.640Z</time>
      </trkpt>
      <trkpt lat="43.279518" lon="-4.140219">
        <ele>415.164</ele>
        <time>2024-08-15T16:15:22.640Z</time>
      </trkpt>
      <trkpt lat="43.279560" lon="-4.140089">
        <ele>414.610</ele>
        <time>2024-08-15T16:15:23.640Z</time>
      </trkpt>
      <trkpt lat="43.279579" lon="-4.139976">
        <ele>412.909</ele>
        <time>2024-08-15T16:15:24.640Z</time>
      </trkpt>
      <trkpt lat="43.279566" lon="-4.139884">
        <ele>412.575</ele>
        <time>2024-08-15T16:15:25.640Z</time>
      </trkpt>
      <trkpt lat="43.279502" lon="-4.139790">
        <ele>411.412</ele>
        <time>2024-08-15T16:15:26.640Z</time>
      </trkpt>
      <trkpt lat="43.279429" lon="-4.139701">
        <ele>410.325</ele>
        <time>2024-08-15T16:15:27.640Z</time>
      </trkpt>
      <trkpt lat="43.279367" lon="-4.139595">
        <ele>410.065</ele>
        <time>2024-08-15T16:15:28.640Z</time>
      </trkpt>
      <trkpt lat="43.279340" lon="-4.139455">
        <ele>407.960</ele>
        <time>2024-08-15T16:15:29.640Z</time>
      </trkpt>
      <trkpt lat="43.279337" lon="-4.139294">
        <ele>405.641</ele>
        <time>2024-08-15T16:15:30.640Z</time>
      </trkpt>
      <trkpt lat="43.279332" lon="-4.139143">
        <ele>405.374</ele>
        <time>2024-08-15T16:15:31.640Z</time>
      </trkpt>
      <trkpt lat="43.279309" lon="-4.139006">
        <ele>403.838</ele>
        <time>2024-08-15T16:15:32.640Z</time>
      </trkpt>
      <trkpt lat="43.279273" lon="-4.138868">
        <ele>401.943</ele>
        <time>2024-08-15T16:15:33.640Z</time>
      </trkpt>
      <trkpt lat="43.279240" lon="-4.138731">
        <ele>400.813</ele>
        <time>2024-08-15T16:15:34.640Z</time>
      </trkpt>
      <trkpt lat="43.279223" lon="-4.138591">
        <ele>399.743</ele>
        <time>2024-08-15T16:15:35.640Z</time>
      </trkpt>
      <trkpt lat="43.279236" lon="-4.138435">
        <ele>398.807</ele>
        <time>2024-08-15T16:15:36.640Z</time>
      </trkpt>
      <trkpt lat="43.279270" lon="-4.138274">
        <ele>397.609</ele>
        <time>2024-08-15T16:15:37.640Z</time>
      </trkpt>
      <trkpt lat="43.279306" lon="-4.138121">
        <ele>396.452</ele>
        <time>2024-08-15T16:15:38.640Z</time>
      </trkpt>
      <trkpt lat="43.279343" lon="-4.137980">
        <ele>395.279</ele>
        <time>2024-08-15T16:15:39.640Z</time>
      </trkpt>
      <trkpt lat="43.279389" lon="-4.137857">
        <ele>394.652</ele>
        <time>2024-08-15T16:15:40.640Z</time>
      </trkpt>
      <trkpt lat="43.279452" lon="-4.137757">
        <ele>394.082</ele>
        <time>2024-08-15T16:15:41.640Z</time>
      </trkpt>
      <trkpt lat="43.279536" lon="-4.137683">
        <ele>393.577</ele>
        <time>2024-08-15T16:15:42.640Z</time>
      </trkpt>
      <trkpt lat="43.279628" lon="-4.137636">
        <ele>393.368</ele>
        <time>2024-08-15T16:15:43.640Z</time>
      </trkpt>
      <trkpt lat="43.279714" lon="-4.137603">
        <ele>392.791</ele>
        <time>2024-08-15T16:15:44.640Z</time>
      </trkpt>
      <trkpt lat="43.279775" lon="-4.137530">
        <ele>392.535</ele>
        <time>2024-08-15T16:15:45.640Z</time>
      </trkpt>
      <trkpt lat="43.279797" lon="-4.137412">
        <ele>391.950</ele>
        <time>2024-08-15T16:15:46.640Z</time>
      </trkpt>
      <trkpt lat="43.279787" lon="-4.137251">
        <ele>391.294</ele>
        <time>2024-08-15T16:15:47.640Z</time>
      </trkpt>
      <trkpt lat="43.279778" lon="-4.137126">
        <ele>389.157</ele>
        <time>2024-08-15T16:15:48.640Z</time>
      </trkpt>
      <trkpt lat="43.279817" lon="-4.137038">
        <ele>389.022</ele>
        <time>2024-08-15T16:15:49.640Z</time>
      </trkpt>
      <trkpt lat="43.279873" lon="-4.136976">
        <ele>387.909</ele>
        <time>2024-08-15T16:15:50.640Z</time>
      </trkpt>
      <trkpt lat="43.279950" lon="-4.136898">
        <ele>387.280</ele>
        <time>2024-08-15T16:15:51.640Z</time>
      </trkpt>
      <trkpt lat="43.279982" lon="-4.136801">
        <ele>386.477</ele>
        <time>2024-08-15T16:15:52.640Z</time>
      </trkpt>
      <trkpt lat="43.279959" lon="-4.136670">
        <ele>386.450</ele>
        <time>2024-08-15T16:15:53.640Z</time>
      </trkpt>
      <trkpt lat="43.279916" lon="-4.136526">
        <ele>386.060</ele>
        <time>2024-08-15T16:15:54.640Z</time>
      </trkpt>
      <trkpt lat="43.279880" lon="-4.136375">
        <ele>386.295</ele>
        <time>2024-08-15T16:15:55.640Z</time>
      </trkpt>
      <trkpt lat="43.279867" lon="-4.136224">
        <ele>385.956</ele>
        <time>2024-08-15T16:15:56.641Z</time>
      </trkpt>
      <trkpt lat="43.279851" lon="-4.135970">
        <ele>384.969</ele>
        <time>2024-08-15T16:15:58.640Z</time>
      </trkpt>
      <trkpt lat="43.279803" lon="-4.135867">
        <ele>384.163</ele>
        <time>2024-08-15T16:15:59.640Z</time>
      </trkpt>
      <trkpt lat="43.279736" lon="-4.135757">
        <ele>384.168</ele>
        <time>2024-08-15T16:16:00.640Z</time>
      </trkpt>
      <trkpt lat="43.279667" lon="-4.135629">
        <ele>384.073</ele>
        <time>2024-08-15T16:16:01.641Z</time>
      </trkpt>
      <trkpt lat="43.279585" lon="-4.135389">
        <ele>383.585</ele>
        <time>2024-08-15T16:16:03.640Z</time>
      </trkpt>
      <trkpt lat="43.279584" lon="-4.135275">
        <ele>383.213</ele>
        <time>2024-08-15T16:16:04.640Z</time>
      </trkpt>
      <trkpt lat="43.279616" lon="-4.135153">
        <ele>383.209</ele>
        <time>2024-08-15T16:16:05.640Z</time>
      </trkpt>
      <trkpt lat="43.279676" lon="-4.135018">
        <ele>383.168</ele>
        <time>2024-08-15T16:16:06.640Z</time>
      </trkpt>
      <trkpt lat="43.279747" lon="-4.134878">
        <ele>383.075</ele>
        <time>2024-08-15T16:16:07.641Z</time>
      </trkpt>
      <trkpt lat="43.279809" lon="-4.134768">
        <ele>382.568</ele>
        <time>2024-08-15T16:16:08.641Z</time>
      </trkpt>
      <trkpt lat="43.279868" lon="-4.134676">
        <ele>382.398</ele>
        <time>2024-08-15T16:16:09.641Z</time>
      </trkpt>
      <trkpt lat="43.279916" lon="-4.134571">
        <ele>382.063</ele>
        <time>2024-08-15T16:16:10.641Z</time>
      </trkpt>
      <trkpt lat="43.279942" lon="-4.134279">
        <ele>380.334</ele>
        <time>2024-08-15T16:16:12.641Z</time>
      </trkpt>
      <trkpt lat="43.279962" lon="-4.133997">
        <ele>379.197</ele>
        <time>2024-08-15T16:16:14.641Z</time>
      </trkpt>
      <trkpt lat="43.279963" lon="-4.133890">
        <ele>379.041</ele>
        <time>2024-08-15T16:16:15.641Z</time>
      </trkpt>
      <trkpt lat="43.279859" lon="-4.133718">
        <ele>377.846</ele>
        <time>2024-08-15T16:16:17.641Z</time>
      </trkpt>
      <trkpt lat="43.279656" lon="-4.133540">
        <ele>377.127</ele>
        <time>2024-08-15T16:16:19.641Z</time>
      </trkpt>
      <trkpt lat="43.279564" lon="-4.133424">
        <ele>376.568</ele>
        <time>2024-08-15T16:16:20.641Z</time>
      </trkpt>
      <trkpt lat="43.279488" lon="-4.133307">
        <ele>375.414</ele>
        <time>2024-08-15T16:16:21.641Z</time>
      </trkpt>
      <trkpt lat="43.279417" lon="-4.133192">
        <ele>373.909</ele>
        <time>2024-08-15T16:16:22.641Z</time>
      </trkpt>
      <trkpt lat="43.279349" lon="-4.133081">
        <ele>372.643</ele>
        <time>2024-08-15T16:16:23.641Z</time>
      </trkpt>
      <trkpt lat="43.279277" lon="-4.132972">
        <ele>371.670</ele>
        <time>2024-08-15T16:16:24.641Z</time>
      </trkpt>
      <trkpt lat="43.279207" lon="-4.132873">
        <ele>370.553</ele>
        <time>2024-08-15T16:16:25.641Z</time>
      </trkpt>
      <trkpt lat="43.279140" lon="-4.132771">
        <ele>369.283</ele>
        <time>2024-08-15T16:16:26.642Z</time>
      </trkpt>
      <trkpt lat="43.278985" lon="-4.132548">
        <ele>366.978</ele>
        <time>2024-08-15T16:16:28.641Z</time>
      </trkpt>
      <trkpt lat="43.278896" lon="-4.132441">
        <ele>365.849</ele>
        <time>2024-08-15T16:16:29.641Z</time>
      </trkpt>
      <trkpt lat="43.278806" lon="-4.132351">
        <ele>364.632</ele>
        <time>2024-08-15T16:16:30.641Z</time>
      </trkpt>
      <trkpt lat="43.278715" lon="-4.132277">
        <ele>363.926</ele>
        <time>2024-08-15T16:16:31.641Z</time>
      </trkpt>
      <trkpt lat="43.278624" lon="-4.132221">
        <ele>362.881</ele>
        <time>2024-08-15T16:16:32.641Z</time>
      </trkpt>
      <trkpt lat="43.278537" lon="-4.132179">
        <ele>361.488</ele>
        <time>2024-08-15T16:16:33.641Z</time>
      </trkpt>
      <trkpt lat="43.278457" lon="-4.132143">
        <ele>360.524</ele>
        <time>2024-08-15T16:16:34.641Z</time>
      </trkpt>
      <trkpt lat="43.278374" lon="-4.132100">
        <ele>359.526</ele>
        <time>2024-08-15T16:16:35.642Z</time>
      </trkpt>
      <trkpt lat="43.278230" lon="-4.131960">
        <ele>358.009</ele>
        <time>2024-08-15T16:16:37.641Z</time>
      </trkpt>
      <trkpt lat="43.278172" lon="-4.131868">
        <ele>357.099</ele>
        <time>2024-08-15T16:16:38.641Z</time>
      </trkpt>
      <trkpt lat="43.278126" lon="-4.131761">
        <ele>356.066</ele>
        <time>2024-08-15T16:16:39.641Z</time>
      </trkpt>
      <trkpt lat="43.278093" lon="-4.131628">
        <ele>355.399</ele>
        <time>2024-08-15T16:16:40.641Z</time>
      </trkpt>
      <trkpt lat="43.278070" lon="-4.131488">
        <ele>354.439</ele>
        <time>2024-08-15T16:16:41.641Z</time>
      </trkpt>
      <trkpt lat="43.278052" lon="-4.131340">
        <ele>353.474</ele>
        <time>2024-08-15T16:16:42.641Z</time>
      </trkpt>
      <trkpt lat="43.278039" lon="-4.131194">
        <ele>352.285</ele>
        <time>2024-08-15T16:16:43.641Z</time>
      </trkpt>
      <trkpt lat="43.278023" lon="-4.131056">
        <ele>351.238</ele>
        <time>2024-08-15T16:16:44.641Z</time>
      </trkpt>
      <trkpt lat="43.278003" lon="-4.130933">
        <ele>350.162</ele>
        <time>2024-08-15T16:16:45.641Z</time>
      </trkpt>
      <trkpt lat="43.277987" lon="-4.130824">
        <ele>349.347</ele>
        <time>2024-08-15T16:16:46.641Z</time>
      </trkpt>
      <trkpt lat="43.277998" lon="-4.130725">
        <ele>348.354</ele>
        <time>2024-08-15T16:16:47.641Z</time>
      </trkpt>
      <trkpt lat="43.278040" lon="-4.130640">
        <ele>348.056</ele>
        <time>2024-08-15T16:16:48.641Z</time>
      </trkpt>
      <trkpt lat="43.278113" lon="-4.130575">
        <ele>347.111</ele>
        <time>2024-08-15T16:16:49.641Z</time>
      </trkpt>
      <trkpt lat="43.278214" lon="-4.130538">
        <ele>346.409</ele>
        <time>2024-08-15T16:16:50.641Z</time>
      </trkpt>
      <trkpt lat="43.278271" lon="-4.130498">
        <ele>345.886</ele>
        <time>2024-08-15T16:16:51.641Z</time>
      </trkpt>
      <trkpt lat="43.278293" lon="-4.130430">
        <ele>345.343</ele>
        <time>2024-08-15T16:16:52.641Z</time>
      </trkpt>
      <trkpt lat="43.278286" lon="-4.130344">
        <ele>345.146</ele>
        <time>2024-08-15T16:16:53.641Z</time>
      </trkpt>
      <trkpt lat="43.278234" lon="-4.130251">
        <ele>345.076</ele>
        <time>2024-08-15T16:16:54.642Z</time>
      </trkpt>
      <trkpt lat="43.278146" lon="-4.130159">
        <ele>344.951</ele>
        <time>2024-08-15T16:16:55.642Z</time>
      </trkpt>
      <trkpt lat="43.278031" lon="-4.129955">
        <ele>342.892</ele>
        <time>2024-08-15T16:16:57.641Z</time>
      </trkpt>
      <trkpt lat="43.277999" lon="-4.129847">
        <ele>341.775</ele>
        <time>2024-08-15T16:16:58.641Z</time>
      </trkpt>
      <trkpt lat="43.277980" lon="-4.129727">
        <ele>340.019</ele>
        <time>2024-08-15T16:16:59.641Z</time>
      </trkpt>
      <trkpt lat="43.277979" lon="-4.129608">
        <ele>339.274</ele>
        <time>2024-08-15T16:17:00.641Z</time>
      </trkpt>
      <trkpt lat="43.277998" lon="-4.129487">
        <ele>337.712</ele>
        <time>2024-08-15T16:17:01.641Z</time>
      </trkpt>
      <trkpt lat="43.278012" lon="-4.129367">
        <ele>336.832</ele>
        <time>2024-08-15T16:17:02.641Z</time>
      </trkpt>
      <trkpt lat="43.277999" lon="-4.129249">
        <ele>335.905</ele>
        <time>2024-08-15T16:17:03.641Z</time>
      </trkpt>
      <trkpt lat="43.277951" lon="-4.129123">
        <ele>335.009</ele>
        <time>2024-08-15T16:17:04.642Z</time>
      </trkpt>
      <trkpt lat="43.277901" lon="-4.129014">
        <ele>333.832</ele>
        <time>2024-08-15T16:17:05.642Z</time>
      </trkpt>
      <trkpt lat="43.277865" lon="-4.128911">
        <ele>332.899</ele>
        <time>2024-08-15T16:17:06.642Z</time>
      </trkpt>
      <trkpt lat="43.277749" lon="-4.128753">
        <ele>331.192</ele>
        <time>2024-08-15T16:17:08.642Z</time>
      </trkpt>
      <trkpt lat="43.277662" lon="-4.128702">
        <ele>329.922</ele>
        <time>2024-08-15T16:17:09.642Z</time>
      </trkpt>
      <trkpt lat="43.277580" lon="-4.128632">
        <ele>328.757</ele>
        <time>2024-08-15T16:17:10.642Z</time>
      </trkpt>
      <trkpt lat="43.277461" lon="-4.128418">
        <ele>326.058</ele>
        <time>2024-08-15T16:17:12.641Z</time>
      </trkpt>
      <trkpt lat="43.277401" lon="-4.128315">
        <ele>325.421</ele>
        <time>2024-08-15T16:17:13.642Z</time>
      </trkpt>
      <trkpt lat="43.277329" lon="-4.128230">
        <ele>324.275</ele>
        <time>2024-08-15T16:17:14.642Z</time>
      </trkpt>
      <trkpt lat="43.277247" lon="-4.128159">
        <ele>323.380</ele>
        <time>2024-08-15T16:17:15.642Z</time>
      </trkpt>
      <trkpt lat="43.277175" lon="-4.128097">
        <ele>321.884</ele>
        <time>2024-08-15T16:17:16.642Z</time>
      </trkpt>
      <trkpt lat="43.277104" lon="-4.128024">
        <ele>320.407</ele>
        <time>2024-08-15T16:17:17.642Z</time>
      </trkpt>
      <trkpt lat="43.277051" lon="-4.127932">
        <ele>319.817</ele>
        <time>2024-08-15T16:17:18.642Z</time>
      </trkpt>
      <trkpt lat="43.277013" lon="-4.127818">
        <ele>319.609</ele>
        <time>2024-08-15T16:17:19.642Z</time>
      </trkpt>
      <trkpt lat="43.276986" lon="-4.127693">
        <ele>318.949</ele>
        <time>2024-08-15T16:17:20.642Z</time>
      </trkpt>
      <trkpt lat="43.276969" lon="-4.127574">
        <ele>317.316</ele>
        <time>2024-08-15T16:17:21.642Z</time>
      </trkpt>
      <trkpt lat="43.276966" lon="-4.127458">
        <ele>316.389</ele>
        <time>2024-08-15T16:17:22.642Z</time>
      </trkpt>
      <trkpt lat="43.276985" lon="-4.127361">
        <ele>316.089</ele>
        <time>2024-08-15T16:17:23.642Z</time>
      </trkpt>
      <trkpt lat="43.277032" lon="-4.127262">
        <ele>315.654</ele>
        <time>2024-08-15T16:17:24.642Z</time>
      </trkpt>
      <trkpt lat="43.277102" lon="-4.127156">
        <ele>315.175</ele>
        <time>2024-08-15T16:17:25.642Z</time>
      </trkpt>
      <trkpt lat="43.277152" lon="-4.127033">
        <ele>314.668</ele>
        <time>2024-08-15T16:17:26.643Z</time>
      </trkpt>
      <trkpt lat="43.277175" lon="-4.126778">
        <ele>312.572</ele>
        <time>2024-08-15T16:17:28.642Z</time>
      </trkpt>
      <trkpt lat="43.277192" lon="-4.126669">
        <ele>312.487</ele>
        <time>2024-08-15T16:17:29.642Z</time>
      </trkpt>
      <trkpt lat="43.277227" lon="-4.126587">
        <ele>312.399</ele>
        <time>2024-08-15T16:17:30.642Z</time>
      </trkpt>
      <trkpt lat="43.277272" lon="-4.126523">
        <ele>311.807</ele>
        <time>2024-08-15T16:17:31.642Z</time>
      </trkpt>
      <trkpt lat="43.277312" lon="-4.126471">
        <ele>311.327</ele>
        <time>2024-08-15T16:17:32.642Z</time>
      </trkpt>
      <trkpt lat="43.277278" lon="-4.126396">
        <ele>310.509</ele>
        <time>2024-08-15T16:17:34.642Z</time>
      </trkpt>
      <trkpt lat="43.277182" lon="-4.126440">
        <ele>309.890</ele>
        <time>2024-08-15T16:17:36.642Z</time>
      </trkpt>
      <trkpt lat="43.277129" lon="-4.126518">
        <ele>309.187</ele>
        <time>2024-08-15T16:17:37.642Z</time>
      </trkpt>
      <trkpt lat="43.277077" lon="-4.126601">
        <ele>308.070</ele>
        <time>2024-08-15T16:17:38.642Z</time>
      </trkpt>
      <trkpt lat="43.277028" lon="-4.126700">
        <ele>304.770</ele>
        <time>2024-08-15T16:17:39.642Z</time>
      </trkpt>
      <trkpt lat="43.276986" lon="-4.126808">
        <ele>304.625</ele>
        <time>2024-08-15T16:17:40.643Z</time>
      </trkpt>
      <trkpt lat="43.276862" lon="-4.127011">
        <ele>305.426</ele>
        <time>2024-08-15T16:17:42.642Z</time>
      </trkpt>
      <trkpt lat="43.276778" lon="-4.127103">
        <ele>307.199</ele>
        <time>2024-08-15T16:17:43.642Z</time>
      </trkpt>
      <trkpt lat="43.276698" lon="-4.127185">
        <ele>310.543</ele>
        <time>2024-08-15T16:17:44.642Z</time>
      </trkpt>
      <trkpt lat="43.276631" lon="-4.127242">
        <ele>310.528</ele>
        <time>2024-08-15T16:17:45.643Z</time>
      </trkpt>
      <trkpt lat="43.276500" lon="-4.127299">
        <ele>305.164</ele>
        <time>2024-08-15T16:17:47.642Z</time>
      </trkpt>
      <trkpt lat="43.276410" lon="-4.127287">
        <ele>300.706</ele>
        <time>2024-08-15T16:17:48.642Z</time>
      </trkpt>
      <trkpt lat="43.276329" lon="-4.127283">
        <ele>297.916</ele>
        <time>2024-08-15T16:17:49.642Z</time>
      </trkpt>
      <trkpt lat="43.276250" lon="-4.127281">
        <ele>295.609</ele>
        <time>2024-08-15T16:17:50.642Z</time>
      </trkpt>
      <trkpt lat="43.276183" lon="-4.127289">
        <ele>294.017</ele>
        <time>2024-08-15T16:17:51.642Z</time>
      </trkpt>
      <trkpt lat="43.276119" lon="-4.127314">
        <ele>292.364</ele>
        <time>2024-08-15T16:17:52.642Z</time>
      </trkpt>
      <trkpt lat="43.276059" lon="-4.127362">
        <ele>290.897</ele>
        <time>2024-08-15T16:17:53.642Z</time>
      </trkpt>
      <trkpt lat="43.276001" lon="-4.127445">
        <ele>290.167</ele>
        <time>2024-08-15T16:17:54.642Z</time>
      </trkpt>
      <trkpt lat="43.275952" lon="-4.127560">
        <ele>289.522</ele>
        <time>2024-08-15T16:17:55.642Z</time>
      </trkpt>
      <trkpt lat="43.275916" lon="-4.127693">
        <ele>288.763</ele>
        <time>2024-08-15T16:17:56.642Z</time>
      </trkpt>
      <trkpt lat="43.275890" lon="-4.127828">
        <ele>287.086</ele>
        <time>2024-08-15T16:17:57.642Z</time>
      </trkpt>
      <trkpt lat="43.275875" lon="-4.127955">
        <ele>286.190</ele>
        <time>2024-08-15T16:17:58.642Z</time>
      </trkpt>
      <trkpt lat="43.275880" lon="-4.128072">
        <ele>285.635</ele>
        <time>2024-08-15T16:17:59.643Z</time>
      </trkpt>
      <trkpt lat="43.275938" lon="-4.128316">
        <ele>285.461</ele>
        <time>2024-08-15T16:18:01.642Z</time>
      </trkpt>
      <trkpt lat="43.275971" lon="-4.128443">
        <ele>284.821</ele>
        <time>2024-08-15T16:18:02.643Z</time>
      </trkpt>
      <trkpt lat="43.275993" lon="-4.128670">
        <ele>283.513</ele>
        <time>2024-08-15T16:18:04.642Z</time>
      </trkpt>
      <trkpt lat="43.275983" lon="-4.128779">
        <ele>283.109</ele>
        <time>2024-08-15T16:18:05.642Z</time>
      </trkpt>
      <trkpt lat="43.275969" lon="-4.128887">
        <ele>282.347</ele>
        <time>2024-08-15T16:18:06.643Z</time>
      </trkpt>
      <trkpt lat="43.275982" lon="-4.129073">
        <ele>280.724</ele>
        <time>2024-08-15T16:18:08.642Z</time>
      </trkpt>
      <trkpt lat="43.276014" lon="-4.129146">
        <ele>280.377</ele>
        <time>2024-08-15T16:18:09.642Z</time>
      </trkpt>
      <trkpt lat="43.276032" lon="-4.129210">
        <ele>279.687</ele>
        <time>2024-08-15T16:18:10.643Z</time>
      </trkpt>
      <trkpt lat="43.276024" lon="-4.129276">
        <ele>279.282</ele>
        <time>2024-08-15T16:18:11.643Z</time>
      </trkpt>
      <trkpt lat="43.275980" lon="-4.129336">
        <ele>278.323</ele>
        <time>2024-08-15T16:18:12.643Z</time>
      </trkpt>
      <trkpt lat="43.275904" lon="-4.129378">
        <ele>278.146</ele>
        <time>2024-08-15T16:18:13.643Z</time>
      </trkpt>
      <trkpt lat="43.275811" lon="-4.129388">
        <ele>278.070</ele>
        <time>2024-08-15T16:18:14.643Z</time>
      </trkpt>
      <trkpt lat="43.275709" lon="-4.129381">
        <ele>277.765</ele>
        <time>2024-08-15T16:18:15.643Z</time>
      </trkpt>
      <trkpt lat="43.275616" lon="-4.129375">
        <ele>277.412</ele>
        <time>2024-08-15T16:18:16.643Z</time>
      </trkpt>
      <trkpt lat="43.275521" lon="-4.129375">
        <ele>276.732</ele>
        <time>2024-08-15T16:18:17.643Z</time>
      </trkpt>
      <trkpt lat="43.275437" lon="-4.129369">
        <ele>275.305</ele>
        <time>2024-08-15T16:18:18.643Z</time>
      </trkpt>
      <trkpt lat="43.275353" lon="-4.129352">
        <ele>274.209</ele>
        <time>2024-08-15T16:18:19.643Z</time>
      </trkpt>
      <trkpt lat="43.275270" lon="-4.129329">
        <ele>273.962</ele>
        <time>2024-08-15T16:18:20.643Z</time>
      </trkpt>
      <trkpt lat="43.275190" lon="-4.129309">
        <ele>273.379</ele>
        <time>2024-08-15T16:18:21.643Z</time>
      </trkpt>
      <trkpt lat="43.275113" lon="-4.129298">
        <ele>272.722</ele>
        <time>2024-08-15T16:18:22.643Z</time>
      </trkpt>
      <trkpt lat="43.275046" lon="-4.129313">
        <ele>272.162</ele>
        <time>2024-08-15T16:18:23.643Z</time>
      </trkpt>
      <trkpt lat="43.274985" lon="-4.129370">
        <ele>271.057</ele>
        <time>2024-08-15T16:18:24.643Z</time>
      </trkpt>
      <trkpt lat="43.274927" lon="-4.129461">
        <ele>269.858</ele>
        <time>2024-08-15T16:18:25.643Z</time>
      </trkpt>
      <trkpt lat="43.274875" lon="-4.129557">
        <ele>269.361</ele>
        <time>2024-08-15T16:18:26.643Z</time>
      </trkpt>
      <trkpt lat="43.274824" lon="-4.129639">
        <ele>268.865</ele>
        <time>2024-08-15T16:18:27.643Z</time>
      </trkpt>
      <trkpt lat="43.274779" lon="-4.129724">
        <ele>268.060</ele>
        <time>2024-08-15T16:18:28.643Z</time>
      </trkpt>
      <trkpt lat="43.274741" lon="-4.129831">
        <ele>267.646</ele>
        <time>2024-08-15T16:18:29.643Z</time>
      </trkpt>
      <trkpt lat="43.274707" lon="-4.129949">
        <ele>267.288</ele>
        <time>2024-08-15T16:18:30.643Z</time>
      </trkpt>
      <trkpt lat="43.274671" lon="-4.130066">
        <ele>266.716</ele>
        <time>2024-08-15T16:18:31.643Z</time>
      </trkpt>
      <trkpt lat="43.274636" lon="-4.130176">
        <ele>265.809</ele>
        <time>2024-08-15T16:18:32.643Z</time>
      </trkpt>
      <trkpt lat="43.274598" lon="-4.130284">
        <ele>265.615</ele>
        <time>2024-08-15T16:18:33.643Z</time>
      </trkpt>
      <trkpt lat="43.274563" lon="-4.130388">
        <ele>265.662</ele>
        <time>2024-08-15T16:18:34.643Z</time>
      </trkpt>
      <trkpt lat="43.274535" lon="-4.130487">
        <ele>265.595</ele>
        <time>2024-08-15T16:18:35.643Z</time>
      </trkpt>
      <trkpt lat="43.274497" lon="-4.130578">
        <ele>265.125</ele>
        <time>2024-08-15T16:18:36.643Z</time>
      </trkpt>
      <trkpt lat="43.274459" lon="-4.130659">
        <ele>264.530</ele>
        <time>2024-08-15T16:18:37.643Z</time>
      </trkpt>
      <trkpt lat="43.274438" lon="-4.130737">
        <ele>263.811</ele>
        <time>2024-08-15T16:18:38.643Z</time>
      </trkpt>
      <trkpt lat="43.274437" lon="-4.130829">
        <ele>263.364</ele>
        <time>2024-08-15T16:18:39.643Z</time>
      </trkpt>
      <trkpt lat="43.274456" lon="-4.130907">
        <ele>262.788</ele>
        <time>2024-08-15T16:18:40.643Z</time>
      </trkpt>
      <trkpt lat="43.274452" lon="-4.130989">
        <ele>261.373</ele>
        <time>2024-08-15T16:18:42.643Z</time>
      </trkpt>
      <trkpt lat="43.274399" lon="-4.131000">
        <ele>260.897</ele>
        <time>2024-08-15T16:18:43.643Z</time>
      </trkpt>
      <trkpt lat="43.274338" lon="-4.130967">
        <ele>260.023</ele>
        <time>2024-08-15T16:18:44.643Z</time>
      </trkpt>
      <trkpt lat="43.274280" lon="-4.130890">
        <ele>259.125</ele>
        <time>2024-08-15T16:18:45.643Z</time>
      </trkpt>
      <trkpt lat="43.274233" lon="-4.130793">
        <ele>257.909</ele>
        <time>2024-08-15T16:18:46.643Z</time>
      </trkpt>
      <trkpt lat="43.274186" lon="-4.130705">
        <ele>256.840</ele>
        <time>2024-08-15T16:18:47.643Z</time>
      </trkpt>
      <trkpt lat="43.274143" lon="-4.130622">
        <ele>255.697</ele>
        <time>2024-08-15T16:18:48.643Z</time>
      </trkpt>
      <trkpt lat="43.274114" lon="-4.130537">
        <ele>254.340</ele>
        <time>2024-08-15T16:18:49.643Z</time>
      </trkpt>
      <trkpt lat="43.274110" lon="-4.130436">
        <ele>253.340</ele>
        <time>2024-08-15T16:18:50.643Z</time>
      </trkpt>
      <trkpt lat="43.274133" lon="-4.130328">
        <ele>252.595</ele>
        <time>2024-08-15T16:18:51.643Z</time>
      </trkpt>
      <trkpt lat="43.274176" lon="-4.130219">
        <ele>251.446</ele>
        <time>2024-08-15T16:18:52.643Z</time>
      </trkpt>
      <trkpt lat="43.274202" lon="-4.130124">
        <ele>250.219</ele>
        <time>2024-08-15T16:18:53.643Z</time>
      </trkpt>
      <trkpt lat="43.274198" lon="-4.130029">
        <ele>249.243</ele>
        <time>2024-08-15T16:18:54.643Z</time>
      </trkpt>
      <trkpt lat="43.274164" lon="-4.129925">
        <ele>248.488</ele>
        <time>2024-08-15T16:18:55.643Z</time>
      </trkpt>
      <trkpt lat="43.274119" lon="-4.129831">
        <ele>248.014</ele>
        <time>2024-08-15T16:18:56.644Z</time>
      </trkpt>
      <trkpt lat="43.274050" lon="-4.129716">
        <ele>247.454</ele>
        <time>2024-08-15T16:18:57.644Z</time>
      </trkpt>
      <trkpt lat="43.273995" lon="-4.129466">
        <ele>245.909</ele>
        <time>2024-08-15T16:18:59.643Z</time>
      </trkpt>
      <trkpt lat="43.273994" lon="-4.129349">
        <ele>245.209</ele>
        <time>2024-08-15T16:19:00.644Z</time>
      </trkpt>
      <trkpt lat="43.273981" lon="-4.129121">
        <ele>243.142</ele>
        <time>2024-08-15T16:19:02.644Z</time>
      </trkpt>
      <trkpt lat="43.273969" lon="-4.129009">
        <ele>241.669</ele>
        <time>2024-08-15T16:19:03.644Z</time>
      </trkpt>
      <trkpt lat="43.273963" lon="-4.128894">
        <ele>240.452</ele>
        <time>2024-08-15T16:19:04.644Z</time>
      </trkpt>
      <trkpt lat="43.273970" lon="-4.128775">
        <ele>239.562</ele>
        <time>2024-08-15T16:19:05.644Z</time>
      </trkpt>
      <trkpt lat="43.274014" lon="-4.128553">
        <ele>237.467</ele>
        <time>2024-08-15T16:19:07.644Z</time>
      </trkpt>
      <trkpt lat="43.274051" lon="-4.128466">
        <ele>236.358</ele>
        <time>2024-08-15T16:19:08.644Z</time>
      </trkpt>
      <trkpt lat="43.274108" lon="-4.128396">
        <ele>235.451</ele>
        <time>2024-08-15T16:19:09.644Z</time>
      </trkpt>
      <trkpt lat="43.274183" lon="-4.128340">
        <ele>234.715</ele>
        <time>2024-08-15T16:19:10.644Z</time>
      </trkpt>
      <trkpt lat="43.274266" lon="-4.128290">
        <ele>234.240</ele>
        <time>2024-08-15T16:19:11.644Z</time>
      </trkpt>
      <trkpt lat="43.274346" lon="-4.128240">
        <ele>233.564</ele>
        <time>2024-08-15T16:19:12.644Z</time>
      </trkpt>
      <trkpt lat="43.274419" lon="-4.128196">
        <ele>232.506</ele>
        <time>2024-08-15T16:19:13.644Z</time>
      </trkpt>
      <trkpt lat="43.274482" lon="-4.128154">
        <ele>231.516</ele>
        <time>2024-08-15T16:19:14.644Z</time>
      </trkpt>
      <trkpt lat="43.274518" lon="-4.128106">
        <ele>230.609</ele>
        <time>2024-08-15T16:19:15.644Z</time>
      </trkpt>
      <trkpt lat="43.274529" lon="-4.128033">
        <ele>230.617</ele>
        <time>2024-08-15T16:19:16.644Z</time>
      </trkpt>
      <trkpt lat="43.274522" lon="-4.127946">
        <ele>231.074</ele>
        <time>2024-08-15T16:19:17.644Z</time>
      </trkpt>
      <trkpt lat="43.274499" lon="-4.127839">
        <ele>231.397</ele>
        <time>2024-08-15T16:19:18.644Z</time>
      </trkpt>
      <trkpt lat="43.274478" lon="-4.127732">
        <ele>232.377</ele>
        <time>2024-08-15T16:19:19.644Z</time>
      </trkpt>
      <trkpt lat="43.274468" lon="-4.127642">
        <ele>232.612</ele>
        <time>2024-08-15T16:19:20.644Z</time>
      </trkpt>
      <trkpt lat="43.274440" lon="-4.127546">
        <ele>231.663</ele>
        <time>2024-08-15T16:19:21.644Z</time>
      </trkpt>
      <trkpt lat="43.274391" lon="-4.127469">
        <ele>230.666</ele>
        <time>2024-08-15T16:19:22.644Z</time>
      </trkpt>
      <trkpt lat="43.274341" lon="-4.127425">
        <ele>229.710</ele>
        <time>2024-08-15T16:19:23.644Z</time>
      </trkpt>
      <trkpt lat="43.274283" lon="-4.127377">
        <ele>228.995</ele>
        <time>2024-08-15T16:19:24.644Z</time>
      </trkpt>
      <trkpt lat="43.274236" lon="-4.127318">
        <ele>228.089</ele>
        <time>2024-08-15T16:19:25.644Z</time>
      </trkpt>
      <trkpt lat="43.274200" lon="-4.127236">
        <ele>227.406</ele>
        <time>2024-08-15T16:19:26.644Z</time>
      </trkpt>
      <trkpt lat="43.274185" lon="-4.127155">
        <ele>225.326</ele>
        <time>2024-08-15T16:19:27.644Z</time>
      </trkpt>
      <trkpt lat="43.274186" lon="-4.127077">
        <ele>224.209</ele>
        <time>2024-08-15T16:19:28.644Z</time>
      </trkpt>
      <trkpt lat="43.274207" lon="-4.127003">
        <ele>222.969</ele>
        <time>2024-08-15T16:19:29.644Z</time>
      </trkpt>
      <trkpt lat="43.274262" lon="-4.126928">
        <ele>222.126</ele>
        <time>2024-08-15T16:19:30.644Z</time>
      </trkpt>
      <trkpt lat="43.274344" lon="-4.126858">
        <ele>220.599</ele>
        <time>2024-08-15T16:19:31.644Z</time>
      </trkpt>
      <trkpt lat="43.274431" lon="-4.126789">
        <ele>219.619</ele>
        <time>2024-08-15T16:19:32.644Z</time>
      </trkpt>
      <trkpt lat="43.274494" lon="-4.126712">
        <ele>218.914</ele>
        <time>2024-08-15T16:19:33.644Z</time>
      </trkpt>
      <trkpt lat="43.274536" lon="-4.126605">
        <ele>218.995</ele>
        <time>2024-08-15T16:19:34.644Z</time>
      </trkpt>
      <trkpt lat="43.274567" lon="-4.126486">
        <ele>218.558</ele>
        <time>2024-08-15T16:19:35.644Z</time>
      </trkpt>
      <trkpt lat="43.274573" lon="-4.126359">
        <ele>217.982</ele>
        <time>2024-08-15T16:19:36.644Z</time>
      </trkpt>
      <trkpt lat="43.274567" lon="-4.126262">
        <ele>216.417</ele>
        <time>2024-08-15T16:19:37.644Z</time>
      </trkpt>
      <trkpt lat="43.274562" lon="-4.126171">
        <ele>215.828</ele>
        <time>2024-08-15T16:19:38.644Z</time>
      </trkpt>
      <trkpt lat="43.274566" lon="-4.126082">
        <ele>215.089</ele>
        <time>2024-08-15T16:19:39.644Z</time>
      </trkpt>
      <trkpt lat="43.274564" lon="-4.125994">
        <ele>214.417</ele>
        <time>2024-08-15T16:19:40.644Z</time>
      </trkpt>
      <trkpt lat="43.274545" lon="-4.125900">
        <ele>214.009</ele>
        <time>2024-08-15T16:19:41.645Z</time>
      </trkpt>
      <trkpt lat="43.274436" lon="-4.125708">
        <ele>212.493</ele>
        <time>2024-08-15T16:19:43.644Z</time>
      </trkpt>
      <trkpt lat="43.274370" lon="-4.125613">
        <ele>211.820</ele>
        <time>2024-08-15T16:19:44.644Z</time>
      </trkpt>
      <trkpt lat="43.274331" lon="-4.125488">
        <ele>210.293</ele>
        <time>2024-08-15T16:19:45.644Z</time>
      </trkpt>
      <trkpt lat="43.274310" lon="-4.125345">
        <ele>208.533</ele>
        <time>2024-08-15T16:19:46.644Z</time>
      </trkpt>
      <trkpt lat="43.274293" lon="-4.125186">
        <ele>206.618</ele>
        <time>2024-08-15T16:19:47.644Z</time>
      </trkpt>
      <trkpt lat="43.274269" lon="-4.125060">
        <ele>206.669</ele>
        <time>2024-08-15T16:19:48.644Z</time>
      </trkpt>
      <trkpt lat="43.274214" lon="-4.124955">
        <ele>207.062</ele>
        <time>2024-08-15T16:19:49.645Z</time>
      </trkpt>
      <trkpt lat="43.274108" lon="-4.124761">
        <ele>207.716</ele>
        <time>2024-08-15T16:19:51.644Z</time>
      </trkpt>
      <trkpt lat="43.274090" lon="-4.124631">
        <ele>207.261</ele>
        <time>2024-08-15T16:19:52.644Z</time>
      </trkpt>
      <trkpt lat="43.274077" lon="-4.124496">
        <ele>206.598</ele>
        <time>2024-08-15T16:19:53.645Z</time>
      </trkpt>
      <trkpt lat="43.274025" lon="-4.124289">
        <ele>204.915</ele>
        <time>2024-08-15T16:19:55.644Z</time>
      </trkpt>
      <trkpt lat="43.274007" lon="-4.124210">
        <ele>204.626</ele>
        <time>2024-08-15T16:19:56.645Z</time>
      </trkpt>
      <trkpt lat="43.274040" lon="-4.124057">
        <ele>203.309</ele>
        <time>2024-08-15T16:19:58.645Z</time>
      </trkpt>
      <trkpt lat="43.274099" lon="-4.123974">
        <ele>202.880</ele>
        <time>2024-08-15T16:19:59.645Z</time>
      </trkpt>
      <trkpt lat="43.274207" lon="-4.123786">
        <ele>201.097</ele>
        <time>2024-08-15T16:20:01.645Z</time>
      </trkpt>
      <trkpt lat="43.274253" lon="-4.123675">
        <ele>200.110</ele>
        <time>2024-08-15T16:20:02.645Z</time>
      </trkpt>
      <trkpt lat="43.274307" lon="-4.123551">
        <ele>199.220</ele>
        <time>2024-08-15T16:20:03.645Z</time>
      </trkpt>
      <trkpt lat="43.274379" lon="-4.123424">
        <ele>198.065</ele>
        <time>2024-08-15T16:20:04.645Z</time>
      </trkpt>
      <trkpt lat="43.274466" lon="-4.123293">
        <ele>197.956</ele>
        <time>2024-08-15T16:20:05.645Z</time>
      </trkpt>
      <trkpt lat="43.274624" lon="-4.123054">
        <ele>196.799</ele>
        <time>2024-08-15T16:20:07.644Z</time>
      </trkpt>
      <trkpt lat="43.274685" lon="-4.122948">
        <ele>196.193</ele>
        <time>2024-08-15T16:20:08.644Z</time>
      </trkpt>
      <trkpt lat="43.274743" lon="-4.122847">
        <ele>196.138</ele>
        <time>2024-08-15T16:20:09.645Z</time>
      </trkpt>
      <trkpt lat="43.274803" lon="-4.122747">
        <ele>196.381</ele>
        <time>2024-08-15T16:20:10.645Z</time>
      </trkpt>
      <trkpt lat="43.274866" lon="-4.122654">
        <ele>196.361</ele>
        <time>2024-08-15T16:20:11.645Z</time>
      </trkpt>
      <trkpt lat="43.274925" lon="-4.122560">
        <ele>196.017</ele>
        <time>2024-08-15T16:20:12.645Z</time>
      </trkpt>
      <trkpt lat="43.274967" lon="-4.122459">
        <ele>195.509</ele>
        <time>2024-08-15T16:20:13.645Z</time>
      </trkpt>
      <trkpt lat="43.274983" lon="-4.122336">
        <ele>195.899</ele>
        <time>2024-08-15T16:20:14.645Z</time>
      </trkpt>
      <trkpt lat="43.274962" lon="-4.122204">
        <ele>195.896</ele>
        <time>2024-08-15T16:20:15.645Z</time>
      </trkpt>
      <trkpt lat="43.274931" lon="-4.122046">
        <ele>198.599</ele>
        <time>2024-08-15T16:20:16.645Z</time>
      </trkpt>
      <trkpt lat="43.274893" lon="-4.121884">
        <ele>198.579</ele>
        <time>2024-08-15T16:20:17.645Z</time>
      </trkpt>
      <trkpt lat="43.274879" lon="-4.121753">
        <ele>197.864</ele>
        <time>2024-08-15T16:20:18.645Z</time>
      </trkpt>
      <trkpt lat="43.274872" lon="-4.121638">
        <ele>196.015</ele>
        <time>2024-08-15T16:20:19.645Z</time>
      </trkpt>
      <trkpt lat="43.274861" lon="-4.121526">
        <ele>194.528</ele>
        <time>2024-08-15T16:20:20.645Z</time>
      </trkpt>
      <trkpt lat="43.274845" lon="-4.121409">
        <ele>193.942</ele>
        <time>2024-08-15T16:20:21.645Z</time>
      </trkpt>
      <trkpt lat="43.274829" lon="-4.121290">
        <ele>192.957</ele>
        <time>2024-08-15T16:20:22.645Z</time>
      </trkpt>
      <trkpt lat="43.274815" lon="-4.121168">
        <ele>192.359</ele>
        <time>2024-08-15T16:20:23.645Z</time>
      </trkpt>
      <trkpt lat="43.274813" lon="-4.121044">
        <ele>191.903</ele>
        <time>2024-08-15T16:20:24.645Z</time>
      </trkpt>
      <trkpt lat="43.274832" lon="-4.120920">
        <ele>191.423</ele>
        <time>2024-08-15T16:20:25.645Z</time>
      </trkpt>
      <trkpt lat="43.274865" lon="-4.120800">
        <ele>190.609</ele>
        <time>2024-08-15T16:20:26.645Z</time>
      </trkpt>
      <trkpt lat="43.274898" lon="-4.120692">
        <ele>189.736</ele>
        <time>2024-08-15T16:20:27.645Z</time>
      </trkpt>
      <trkpt lat="43.274930" lon="-4.120593">
        <ele>188.773</ele>
        <time>2024-08-15T16:20:28.645Z</time>
      </trkpt>
      <trkpt lat="43.274954" lon="-4.120497">
        <ele>188.336</ele>
        <time>2024-08-15T16:20:29.645Z</time>
      </trkpt>
      <trkpt lat="43.274964" lon="-4.120392">
        <ele>187.536</ele>
        <time>2024-08-15T16:20:30.645Z</time>
      </trkpt>
      <trkpt lat="43.274957" lon="-4.120269">
        <ele>186.711</ele>
        <time>2024-08-15T16:20:31.645Z</time>
      </trkpt>
      <trkpt lat="43.274938" lon="-4.120141">
        <ele>185.822</ele>
        <time>2024-08-15T16:20:32.645Z</time>
      </trkpt>
      <trkpt lat="43.274918" lon="-4.120015">
        <ele>184.655</ele>
        <time>2024-08-15T16:20:33.645Z</time>
      </trkpt>
      <trkpt lat="43.274893" lon="-4.119868">
        <ele>182.469</ele>
        <time>2024-08-15T16:20:34.645Z</time>
      </trkpt>
      <trkpt lat="43.274869" lon="-4.119738">
        <ele>181.244</ele>
        <time>2024-08-15T16:20:35.645Z</time>
      </trkpt>
      <trkpt lat="43.274843" lon="-4.119624">
        <ele>180.137</ele>
        <time>2024-08-15T16:20:36.645Z</time>
      </trkpt>
      <trkpt lat="43.274819" lon="-4.119520">
        <ele>179.549</ele>
        <time>2024-08-15T16:20:37.645Z</time>
      </trkpt>
      <trkpt lat="43.274806" lon="-4.119397">
        <ele>179.513</ele>
        <time>2024-08-15T16:20:38.645Z</time>
      </trkpt>
      <trkpt lat="43.274795" lon="-4.119259">
        <ele>179.409</ele>
        <time>2024-08-15T16:20:39.645Z</time>
      </trkpt>
      <trkpt lat="43.274775" lon="-4.119135">
        <ele>178.574</ele>
        <time>2024-08-15T16:20:40.645Z</time>
      </trkpt>
      <trkpt lat="43.274749" lon="-4.119022">
        <ele>178.231</ele>
        <time>2024-08-15T16:20:41.645Z</time>
      </trkpt>
      <trkpt lat="43.274727" lon="-4.118909">
        <ele>178.274</ele>
        <time>2024-08-15T16:20:42.645Z</time>
      </trkpt>
      <trkpt lat="43.274716" lon="-4.118798">
        <ele>178.264</ele>
        <time>2024-08-15T16:20:43.645Z</time>
      </trkpt>
      <trkpt lat="43.274725" lon="-4.118668">
        <ele>178.129</ele>
        <time>2024-08-15T16:20:44.645Z</time>
      </trkpt>
      <trkpt lat="43.274780" lon="-4.118538">
        <ele>177.940</ele>
        <time>2024-08-15T16:20:45.645Z</time>
      </trkpt>
      <trkpt lat="43.274844" lon="-4.118402">
        <ele>177.043</ele>
        <time>2024-08-15T16:20:46.646Z</time>
      </trkpt>
      <trkpt lat="43.274901" lon="-4.118268">
        <ele>176.477</ele>
        <time>2024-08-15T16:20:47.646Z</time>
      </trkpt>
      <trkpt lat="43.274951" lon="-4.118126">
        <ele>176.322</ele>
        <time>2024-08-15T16:20:48.646Z</time>
      </trkpt>
      <trkpt lat="43.274987" lon="-4.117984">
        <ele>175.914</ele>
        <time>2024-08-15T16:20:49.646Z</time>
      </trkpt>
      <trkpt lat="43.275022" lon="-4.117846">
        <ele>175.454</ele>
        <time>2024-08-15T16:20:50.646Z</time>
      </trkpt>
      <trkpt lat="43.275048" lon="-4.117712">
        <ele>175.409</ele>
        <time>2024-08-15T16:20:51.646Z</time>
      </trkpt>
      <trkpt lat="43.275093" lon="-4.117430">
        <ele>176.809</ele>
        <time>2024-08-15T16:20:53.645Z</time>
      </trkpt>
      <trkpt lat="43.275109" lon="-4.117286">
        <ele>176.822</ele>
        <time>2024-08-15T16:20:54.645Z</time>
      </trkpt>
      <trkpt lat="43.275120" lon="-4.117141">
        <ele>176.579</ele>
        <time>2024-08-15T16:20:55.645Z</time>
      </trkpt>
      <trkpt lat="43.275136" lon="-4.117006">
        <ele>175.982</ele>
        <time>2024-08-15T16:20:56.645Z</time>
      </trkpt>
      <trkpt lat="43.275171" lon="-4.116879">
        <ele>175.952</ele>
        <time>2024-08-15T16:20:57.646Z</time>
      </trkpt>
      <trkpt lat="43.275215" lon="-4.116746">
        <ele>176.487</ele>
        <time>2024-08-15T16:20:58.646Z</time>
      </trkpt>
      <trkpt lat="43.275237" lon="-4.116598">
        <ele>176.498</ele>
        <time>2024-08-15T16:20:59.646Z</time>
      </trkpt>
      <trkpt lat="43.275240" lon="-4.116446">
        <ele>176.741</ele>
        <time>2024-08-15T16:21:00.646Z</time>
      </trkpt>
      <trkpt lat="43.275226" lon="-4.116156">
        <ele>177.855</ele>
        <time>2024-08-15T16:21:02.645Z</time>
      </trkpt>
      <trkpt lat="43.275218" lon="-4.116012">
        <ele>178.730</ele>
        <time>2024-08-15T16:21:03.646Z</time>
      </trkpt>
      <trkpt lat="43.275203" lon="-4.115741">
        <ele>179.049</ele>
        <time>2024-08-15T16:21:05.645Z</time>
      </trkpt>
      <trkpt lat="43.275208" lon="-4.115609">
        <ele>180.502</ele>
        <time>2024-08-15T16:21:06.646Z</time>
      </trkpt>
      <trkpt lat="43.275217" lon="-4.115474">
        <ele>180.522</ele>
        <time>2024-08-15T16:21:07.646Z</time>
      </trkpt>
      <trkpt lat="43.275221" lon="-4.115333">
        <ele>180.409</ele>
        <time>2024-08-15T16:21:08.646Z</time>
      </trkpt>
      <trkpt lat="43.275228" lon="-4.115192">
        <ele>180.145</ele>
        <time>2024-08-15T16:21:09.646Z</time>
      </trkpt>
      <trkpt lat="43.275234" lon="-4.115052">
        <ele>178.542</ele>
        <time>2024-08-15T16:21:10.646Z</time>
      </trkpt>
      <trkpt lat="43.275242" lon="-4.114915">
        <ele>177.495</ele>
        <time>2024-08-15T16:21:11.646Z</time>
      </trkpt>
      <trkpt lat="43.275252" lon="-4.114788">
        <ele>176.565</ele>
        <time>2024-08-15T16:21:12.646Z</time>
      </trkpt>
      <trkpt lat="43.275263" lon="-4.114666">
        <ele>175.450</ele>
        <time>2024-08-15T16:21:13.646Z</time>
      </trkpt>
      <trkpt lat="43.275271" lon="-4.114545">
        <ele>174.891</ele>
        <time>2024-08-15T16:21:14.646Z</time>
      </trkpt>
      <trkpt lat="43.275273" lon="-4.114421">
        <ele>174.134</ele>
        <time>2024-08-15T16:21:15.646Z</time>
      </trkpt>
      <trkpt lat="43.275271" lon="-4.114302">
        <ele>173.728</ele>
        <time>2024-08-15T16:21:16.646Z</time>
      </trkpt>
      <trkpt lat="43.275265" lon="-4.114174">
        <ele>172.923</ele>
        <time>2024-08-15T16:21:17.646Z</time>
      </trkpt>
      <trkpt lat="43.275254" lon="-4.114045">
        <ele>171.461</ele>
        <time>2024-08-15T16:21:18.646Z</time>
      </trkpt>
      <trkpt lat="43.275236" lon="-4.113915">
        <ele>170.021</ele>
        <time>2024-08-15T16:21:19.646Z</time>
      </trkpt>
      <trkpt lat="43.275208" lon="-4.113804">
        <ele>168.313</ele>
        <time>2024-08-15T16:21:20.646Z</time>
      </trkpt>
      <trkpt lat="43.275174" lon="-4.113698">
        <ele>167.309</ele>
        <time>2024-08-15T16:21:21.646Z</time>
      </trkpt>
      <trkpt lat="43.275146" lon="-4.113595">
        <ele>167.147</ele>
        <time>2024-08-15T16:21:22.646Z</time>
      </trkpt>
      <trkpt lat="43.275137" lon="-4.113493">
        <ele>166.944</ele>
        <time>2024-08-15T16:21:23.646Z</time>
      </trkpt>
      <trkpt lat="43.275142" lon="-4.113385">
        <ele>166.627</ele>
        <time>2024-08-15T16:21:24.646Z</time>
      </trkpt>
      <trkpt lat="43.275153" lon="-4.113250">
        <ele>166.327</ele>
        <time>2024-08-15T16:21:25.646Z</time>
      </trkpt>
      <trkpt lat="43.275168" lon="-4.113115">
        <ele>165.732</ele>
        <time>2024-08-15T16:21:26.646Z</time>
      </trkpt>
      <trkpt lat="43.275183" lon="-4.112994">
        <ele>164.513</ele>
        <time>2024-08-15T16:21:27.646Z</time>
      </trkpt>
      <trkpt lat="43.275208" lon="-4.112884">
        <ele>163.876</ele>
        <time>2024-08-15T16:21:28.646Z</time>
      </trkpt>
      <trkpt lat="43.275231" lon="-4.112774">
        <ele>163.860</ele>
        <time>2024-08-15T16:21:29.646Z</time>
      </trkpt>
      <trkpt lat="43.275237" lon="-4.112677">
        <ele>163.525</ele>
        <time>2024-08-15T16:21:30.646Z</time>
      </trkpt>
      <trkpt lat="43.275228" lon="-4.112590">
        <ele>162.312</ele>
        <time>2024-08-15T16:21:31.646Z</time>
      </trkpt>
      <trkpt lat="43.275211" lon="-4.112498">
        <ele>160.832</ele>
        <time>2024-08-15T16:21:32.646Z</time>
      </trkpt>
      <trkpt lat="43.275181" lon="-4.112395">
        <ele>159.605</ele>
        <time>2024-08-15T16:21:33.646Z</time>
      </trkpt>
      <trkpt lat="43.275143" lon="-4.112293">
        <ele>157.909</ele>
        <time>2024-08-15T16:21:34.646Z</time>
      </trkpt>
      <trkpt lat="43.275098" lon="-4.112204">
        <ele>156.022</ele>
        <time>2024-08-15T16:21:35.646Z</time>
      </trkpt>
      <trkpt lat="43.275053" lon="-4.112132">
        <ele>154.839</ele>
        <time>2024-08-15T16:21:36.646Z</time>
      </trkpt>
      <trkpt lat="43.274997" lon="-4.112058">
        <ele>154.342</ele>
        <time>2024-08-15T16:21:37.646Z</time>
      </trkpt>
      <trkpt lat="43.274939" lon="-4.111987">
        <ele>153.672</ele>
        <time>2024-08-15T16:21:38.646Z</time>
      </trkpt>
      <trkpt lat="43.274883" lon="-4.111922">
        <ele>152.487</ele>
        <time>2024-08-15T16:21:39.646Z</time>
      </trkpt>
      <trkpt lat="43.274817" lon="-4.111849">
        <ele>150.738</ele>
        <time>2024-08-15T16:21:40.646Z</time>
      </trkpt>
      <trkpt lat="43.274751" lon="-4.111780">
        <ele>149.071</ele>
        <time>2024-08-15T16:21:41.646Z</time>
      </trkpt>
      <trkpt lat="43.274681" lon="-4.111716">
        <ele>147.565</ele>
        <time>2024-08-15T16:21:42.646Z</time>
      </trkpt>
      <trkpt lat="43.274606" lon="-4.111664">
        <ele>146.090</ele>
        <time>2024-08-15T16:21:43.646Z</time>
      </trkpt>
      <trkpt lat="43.274523" lon="-4.111621">
        <ele>145.014</ele>
        <time>2024-08-15T16:21:44.647Z</time>
      </trkpt>
      <trkpt lat="43.274391" lon="-4.111499">
        <ele>142.654</ele>
        <time>2024-08-15T16:21:46.646Z</time>
      </trkpt>
      <trkpt lat="43.274345" lon="-4.111407">
        <ele>140.709</ele>
        <time>2024-08-15T16:21:47.646Z</time>
      </trkpt>
      <trkpt lat="43.274306" lon="-4.111307">
        <ele>139.009</ele>
        <time>2024-08-15T16:21:48.647Z</time>
      </trkpt>
      <trkpt lat="43.274277" lon="-4.111127">
        <ele>137.712</ele>
        <time>2024-08-15T16:21:50.646Z</time>
      </trkpt>
      <trkpt lat="43.274285" lon="-4.111043">
        <ele>137.719</ele>
        <time>2024-08-15T16:21:51.646Z</time>
      </trkpt>
      <trkpt lat="43.274295" lon="-4.110954">
        <ele>137.562</ele>
        <time>2024-08-15T16:21:52.646Z</time>
      </trkpt>
      <trkpt lat="43.274301" lon="-4.110855">
        <ele>137.332</ele>
        <time>2024-08-15T16:21:53.646Z</time>
      </trkpt>
      <trkpt lat="43.274287" lon="-4.110781">
        <ele>136.857</ele>
        <time>2024-08-15T16:21:54.647Z</time>
      </trkpt>
      <trkpt lat="43.274264" lon="-4.110715">
        <ele>135.338</ele>
        <time>2024-08-15T16:21:55.647Z</time>
      </trkpt>
      <trkpt lat="43.274224" lon="-4.110654">
        <ele>134.891</ele>
        <time>2024-08-15T16:21:56.647Z</time>
      </trkpt>
      <trkpt lat="43.274130" lon="-4.110598">
        <ele>133.825</ele>
        <time>2024-08-15T16:21:58.647Z</time>
      </trkpt>
      <trkpt lat="43.274011" lon="-4.110663">
        <ele>132.410</ele>
        <time>2024-08-15T16:22:00.647Z</time>
      </trkpt>
      <trkpt lat="43.273971" lon="-4.110725">
        <ele>132.143</ele>
        <time>2024-08-15T16:22:01.647Z</time>
      </trkpt>
      <trkpt lat="43.273941" lon="-4.110772">
        <ele>132.064</ele>
        <time>2024-08-15T16:22:02.647Z</time>
      </trkpt>
      <trkpt lat="43.273891" lon="-4.110800">
        <ele>131.610</ele>
        <time>2024-08-15T16:22:04.647Z</time>
      </trkpt>
      <trkpt lat="43.273787" lon="-4.110788">
        <ele>129.809</ele>
        <time>2024-08-15T16:22:06.647Z</time>
      </trkpt>
      <trkpt lat="43.273736" lon="-4.110762">
        <ele>129.375</ele>
        <time>2024-08-15T16:22:07.647Z</time>
      </trkpt>
      <trkpt lat="43.273694" lon="-4.110728">
        <ele>129.172</ele>
        <time>2024-08-15T16:22:08.647Z</time>
      </trkpt>
      <trkpt lat="43.273636" lon="-4.110667">
        <ele>127.875</ele>
        <time>2024-08-15T16:22:10.647Z</time>
      </trkpt>
      <trkpt lat="43.273597" lon="-4.110588">
        <ele>125.335</ele>
        <time>2024-08-15T16:22:12.647Z</time>
      </trkpt>
      <trkpt lat="43.273613" lon="-4.110521">
        <ele>124.870</ele>
        <time>2024-08-15T16:22:13.647Z</time>
      </trkpt>
      <trkpt lat="43.273652" lon="-4.110436">
        <ele>123.781</ele>
        <time>2024-08-15T16:22:14.647Z</time>
      </trkpt>
      <trkpt lat="43.273693" lon="-4.110348">
        <ele>123.044</ele>
        <time>2024-08-15T16:22:15.647Z</time>
      </trkpt>
      <trkpt lat="43.273724" lon="-4.110254">
        <ele>120.538</ele>
        <time>2024-08-15T16:22:16.647Z</time>
      </trkpt>
      <trkpt lat="43.273758" lon="-4.110154">
        <ele>119.733</ele>
        <time>2024-08-15T16:22:17.647Z</time>
      </trkpt>
      <trkpt lat="43.273774" lon="-4.110056">
        <ele>119.684</ele>
        <time>2024-08-15T16:22:18.647Z</time>
      </trkpt>
      <trkpt lat="43.273788" lon="-4.109964">
        <ele>119.407</ele>
        <time>2024-08-15T16:22:19.647Z</time>
      </trkpt>
      <trkpt lat="43.273800" lon="-4.109867">
        <ele>119.217</ele>
        <time>2024-08-15T16:22:20.647Z</time>
      </trkpt>
      <trkpt lat="43.273816" lon="-4.109756">
        <ele>118.709</ele>
        <time>2024-08-15T16:22:21.647Z</time>
      </trkpt>
      <trkpt lat="43.273831" lon="-4.109632">
        <ele>118.519</ele>
        <time>2024-08-15T16:22:22.647Z</time>
      </trkpt>
      <trkpt lat="43.273847" lon="-4.109501">
        <ele>118.596</ele>
        <time>2024-08-15T16:22:23.647Z</time>
      </trkpt>
      <trkpt lat="43.273860" lon="-4.109370">
        <ele>118.719</ele>
        <time>2024-08-15T16:22:24.647Z</time>
      </trkpt>
      <trkpt lat="43.273875" lon="-4.109243">
        <ele>118.719</ele>
        <time>2024-08-15T16:22:25.647Z</time>
      </trkpt>
      <trkpt lat="43.273889" lon="-4.109127">
        <ele>118.744</ele>
        <time>2024-08-15T16:22:26.647Z</time>
      </trkpt>
      <trkpt lat="43.273914" lon="-4.109018">
        <ele>118.715</ele>
        <time>2024-08-15T16:22:27.647Z</time>
      </trkpt>
      <trkpt lat="43.273947" lon="-4.108912">
        <ele>119.278</ele>
        <time>2024-08-15T16:22:28.647Z</time>
      </trkpt>
      <trkpt lat="43.273987" lon="-4.108808">
        <ele>119.832</ele>
        <time>2024-08-15T16:22:29.647Z</time>
      </trkpt>
      <trkpt lat="43.274027" lon="-4.108705">
        <ele>120.117</ele>
        <time>2024-08-15T16:22:30.647Z</time>
      </trkpt>
      <trkpt lat="43.274063" lon="-4.108604">
        <ele>120.477</ele>
        <time>2024-08-15T16:22:31.647Z</time>
      </trkpt>
      <trkpt lat="43.274094" lon="-4.108504">
        <ele>120.961</ele>
        <time>2024-08-15T16:22:32.647Z</time>
      </trkpt>
      <trkpt lat="43.274105" lon="-4.108417">
        <ele>121.427</ele>
        <time>2024-08-15T16:22:33.647Z</time>
      </trkpt>
      <trkpt lat="43.274121" lon="-4.108314">
        <ele>121.409</ele>
        <time>2024-08-15T16:22:34.647Z</time>
      </trkpt>
      <trkpt lat="43.274143" lon="-4.108224">
        <ele>121.218</ele>
        <time>2024-08-15T16:22:35.647Z</time>
      </trkpt>
      <trkpt lat="43.274159" lon="-4.108132">
        <ele>120.265</ele>
        <time>2024-08-15T16:22:36.647Z</time>
      </trkpt>
      <trkpt lat="43.274178" lon="-4.108037">
        <ele>119.548</ele>
        <time>2024-08-15T16:22:37.647Z</time>
      </trkpt>
      <trkpt lat="43.274252" lon="-4.107861">
        <ele>119.418</ele>
        <time>2024-08-15T16:22:39.647Z</time>
      </trkpt>
      <trkpt lat="43.274285" lon="-4.107766">
        <ele>119.413</ele>
        <time>2024-08-15T16:22:40.647Z</time>
      </trkpt>
      <trkpt lat="43.274315" lon="-4.107661">
        <ele>119.614</ele>
        <time>2024-08-15T16:22:41.647Z</time>
      </trkpt>
      <trkpt lat="43.274344" lon="-4.107554">
        <ele>119.687</ele>
        <time>2024-08-15T16:22:42.647Z</time>
      </trkpt>
      <trkpt lat="43.274376" lon="-4.107438">
        <ele>119.491</ele>
        <time>2024-08-15T16:22:43.648Z</time>
      </trkpt>
      <trkpt lat="43.274444" lon="-4.107195">
        <ele>118.866</ele>
        <time>2024-08-15T16:22:45.647Z</time>
      </trkpt>
      <trkpt lat="43.274476" lon="-4.107068">
        <ele>118.069</ele>
        <time>2024-08-15T16:22:46.648Z</time>
      </trkpt>
      <trkpt lat="43.274533" lon="-4.106831">
        <ele>117.104</ele>
        <time>2024-08-15T16:22:48.647Z</time>
      </trkpt>
      <trkpt lat="43.274564" lon="-4.106725">
        <ele>116.724</ele>
        <time>2024-08-15T16:22:49.648Z</time>
      </trkpt>
      <trkpt lat="43.274617" lon="-4.106497">
        <ele>116.209</ele>
        <time>2024-08-15T16:22:51.648Z</time>
      </trkpt>
      <trkpt lat="43.274654" lon="-4.106239">
        <ele>115.247</ele>
        <time>2024-08-15T16:22:53.647Z</time>
      </trkpt>
      <trkpt lat="43.274669" lon="-4.106103">
        <ele>114.664</ele>
        <time>2024-08-15T16:22:54.647Z</time>
      </trkpt>
      <trkpt lat="43.274677" lon="-4.105966">
        <ele>114.167</ele>
        <time>2024-08-15T16:22:55.648Z</time>
      </trkpt>
      <trkpt lat="43.274669" lon="-4.105705">
        <ele>112.967</ele>
        <time>2024-08-15T16:22:57.648Z</time>
      </trkpt>
      <trkpt lat="43.274617" lon="-4.105469">
        <ele>111.982</ele>
        <time>2024-08-15T16:22:59.647Z</time>
      </trkpt>
      <trkpt lat="43.274581" lon="-4.105362">
        <ele>111.963</ele>
        <time>2024-08-15T16:23:00.648Z</time>
      </trkpt>
      <trkpt lat="43.274538" lon="-4.105269">
        <ele>111.866</ele>
        <time>2024-08-15T16:23:01.648Z</time>
      </trkpt>
      <trkpt lat="43.274485" lon="-4.105186">
        <ele>111.750</ele>
        <time>2024-08-15T16:23:02.648Z</time>
      </trkpt>
      <trkpt lat="43.274417" lon="-4.105116">
        <ele>111.685</ele>
        <time>2024-08-15T16:23:03.648Z</time>
      </trkpt>
      <trkpt lat="43.274337" lon="-4.105055">
        <ele>111.634</ele>
        <time>2024-08-15T16:23:04.648Z</time>
      </trkpt>
      <trkpt lat="43.274259" lon="-4.105001">
        <ele>111.655</ele>
        <time>2024-08-15T16:23:05.648Z</time>
      </trkpt>
      <trkpt lat="43.274183" lon="-4.104952">
        <ele>111.610</ele>
        <time>2024-08-15T16:23:06.648Z</time>
      </trkpt>
      <trkpt lat="43.274109" lon="-4.104895">
        <ele>111.509</ele>
        <time>2024-08-15T16:23:07.648Z</time>
      </trkpt>
      <trkpt lat="43.274058" lon="-4.104813">
        <ele>111.394</ele>
        <time>2024-08-15T16:23:08.648Z</time>
      </trkpt>
      <trkpt lat="43.274022" lon="-4.104734">
        <ele>111.311</ele>
        <time>2024-08-15T16:23:09.648Z</time>
      </trkpt>
      <trkpt lat="43.274001" lon="-4.104653">
        <ele>111.484</ele>
        <time>2024-08-15T16:23:10.649Z</time>
      </trkpt>
      <trkpt lat="43.274008" lon="-4.104451">
        <ele>111.914</ele>
        <time>2024-08-15T16:23:12.648Z</time>
      </trkpt>
      <trkpt lat="43.274027" lon="-4.104329">
        <ele>112.099</ele>
        <time>2024-08-15T16:23:13.648Z</time>
      </trkpt>
      <trkpt lat="43.274045" lon="-4.104198">
        <ele>112.260</ele>
        <time>2024-08-15T16:23:14.648Z</time>
      </trkpt>
      <trkpt lat="43.274067" lon="-4.104061">
        <ele>112.543</ele>
        <time>2024-08-15T16:23:15.648Z</time>
      </trkpt>
      <trkpt lat="43.274088" lon="-4.103921">
        <ele>113.217</ele>
        <time>2024-08-15T16:23:16.648Z</time>
      </trkpt>
      <trkpt lat="43.274114" lon="-4.103782">
        <ele>113.452</ele>
        <time>2024-08-15T16:23:17.648Z</time>
      </trkpt>
      <trkpt lat="43.274144" lon="-4.103645">
        <ele>113.449</ele>
        <time>2024-08-15T16:23:18.648Z</time>
      </trkpt>
      <trkpt lat="43.274182" lon="-4.103514">
        <ele>113.902</ele>
        <time>2024-08-15T16:23:19.648Z</time>
      </trkpt>
      <trkpt lat="43.274228" lon="-4.103385">
        <ele>113.922</ele>
        <time>2024-08-15T16:23:20.648Z</time>
      </trkpt>
      <trkpt lat="43.274275" lon="-4.103260">
        <ele>114.309</ele>
        <time>2024-08-15T16:23:21.648Z</time>
      </trkpt>
      <trkpt lat="43.274322" lon="-4.103135">
        <ele>114.825</ele>
        <time>2024-08-15T16:23:22.648Z</time>
      </trkpt>
      <trkpt lat="43.274367" lon="-4.103007">
        <ele>115.012</ele>
        <time>2024-08-15T16:23:23.648Z</time>
      </trkpt>
      <trkpt lat="43.274409" lon="-4.102873">
        <ele>115.255</ele>
        <time>2024-08-15T16:23:24.648Z</time>
      </trkpt>
      <trkpt lat="43.274452" lon="-4.102736">
        <ele>115.245</ele>
        <time>2024-08-15T16:23:25.648Z</time>
      </trkpt>
      <trkpt lat="43.274497" lon="-4.102601">
        <ele>115.280</ele>
        <time>2024-08-15T16:23:26.648Z</time>
      </trkpt>
      <trkpt lat="43.274546" lon="-4.102457">
        <ele>115.191</ele>
        <time>2024-08-15T16:23:27.648Z</time>
      </trkpt>
      <trkpt lat="43.274601" lon="-4.102303">
        <ele>115.074</ele>
        <time>2024-08-15T16:23:28.648Z</time>
      </trkpt>
      <trkpt lat="43.274658" lon="-4.102146">
        <ele>114.448</ele>
        <time>2024-08-15T16:23:29.648Z</time>
      </trkpt>
      <trkpt lat="43.274716" lon="-4.101984">
        <ele>114.073</ele>
        <time>2024-08-15T16:23:30.648Z</time>
      </trkpt>
      <trkpt lat="43.274773" lon="-4.101820">
        <ele>113.563</ele>
        <time>2024-08-15T16:23:31.648Z</time>
      </trkpt>
      <trkpt lat="43.274828" lon="-4.101656">
        <ele>113.144</ele>
        <time>2024-08-15T16:23:32.648Z</time>
      </trkpt>
      <trkpt lat="43.274878" lon="-4.101494">
        <ele>112.618</ele>
        <time>2024-08-15T16:23:33.648Z</time>
      </trkpt>
      <trkpt lat="43.274931" lon="-4.101331">
        <ele>112.109</ele>
        <time>2024-08-15T16:23:34.648Z</time>
      </trkpt>
      <trkpt lat="43.274982" lon="-4.101166">
        <ele>111.387</ele>
        <time>2024-08-15T16:23:35.648Z</time>
      </trkpt>
      <trkpt lat="43.275032" lon="-4.101001">
        <ele>110.724</ele>
        <time>2024-08-15T16:23:36.648Z</time>
      </trkpt>
      <trkpt lat="43.275078" lon="-4.100835">
        <ele>110.357</ele>
        <time>2024-08-15T16:23:37.648Z</time>
      </trkpt>
      <trkpt lat="43.275122" lon="-4.100672">
        <ele>109.737</ele>
        <time>2024-08-15T16:23:38.648Z</time>
      </trkpt>
      <trkpt lat="43.275163" lon="-4.100510">
        <ele>109.082</ele>
        <time>2024-08-15T16:23:39.649Z</time>
      </trkpt>
      <trkpt lat="43.275201" lon="-4.100350">
        <ele>108.523</ele>
        <time>2024-08-15T16:23:40.649Z</time>
      </trkpt>
      <trkpt lat="43.275269" lon="-4.100034">
        <ele>107.446</ele>
        <time>2024-08-15T16:23:42.648Z</time>
      </trkpt>
      <trkpt lat="43.275301" lon="-4.099877">
        <ele>106.950</ele>
        <time>2024-08-15T16:23:43.648Z</time>
      </trkpt>
      <trkpt lat="43.275331" lon="-4.099721">
        <ele>106.455</ele>
        <time>2024-08-15T16:23:44.648Z</time>
      </trkpt>
      <trkpt lat="43.275360" lon="-4.099566">
        <ele>105.975</ele>
        <time>2024-08-15T16:23:45.648Z</time>
      </trkpt>
      <trkpt lat="43.275388" lon="-4.099411">
        <ele>105.528</ele>
        <time>2024-08-15T16:23:46.648Z</time>
      </trkpt>
      <trkpt lat="43.275416" lon="-4.099256">
        <ele>105.120</ele>
        <time>2024-08-15T16:23:47.648Z</time>
      </trkpt>
      <trkpt lat="43.275443" lon="-4.099101">
        <ele>104.709</ele>
        <time>2024-08-15T16:23:48.648Z</time>
      </trkpt>
      <trkpt lat="43.275469" lon="-4.098947">
        <ele>104.328</ele>
        <time>2024-08-15T16:23:49.648Z</time>
      </trkpt>
      <trkpt lat="43.275495" lon="-4.098792">
        <ele>103.995</ele>
        <time>2024-08-15T16:23:50.648Z</time>
      </trkpt>
      <trkpt lat="43.275520" lon="-4.098635">
        <ele>103.578</ele>
        <time>2024-08-15T16:23:51.648Z</time>
      </trkpt>
      <trkpt lat="43.275544" lon="-4.098476">
        <ele>103.118</ele>
        <time>2024-08-15T16:23:52.648Z</time>
      </trkpt>
      <trkpt lat="43.275568" lon="-4.098314">
        <ele>102.683</ele>
        <time>2024-08-15T16:23:53.649Z</time>
      </trkpt>
      <trkpt lat="43.275592" lon="-4.098150">
        <ele>102.234</ele>
        <time>2024-08-15T16:23:54.649Z</time>
      </trkpt>
      <trkpt lat="43.275616" lon="-4.097985">
        <ele>101.867</ele>
        <time>2024-08-15T16:23:55.649Z</time>
      </trkpt>
      <trkpt lat="43.275642" lon="-4.097824">
        <ele>101.311</ele>
        <time>2024-08-15T16:23:56.649Z</time>
      </trkpt>
      <trkpt lat="43.275695" lon="-4.097501">
        <ele>100.746</ele>
        <time>2024-08-15T16:23:58.649Z</time>
      </trkpt>
      <trkpt lat="43.275723" lon="-4.097335">
        <ele>100.568</ele>
        <time>2024-08-15T16:23:59.649Z</time>
      </trkpt>
      <trkpt lat="43.275750" lon="-4.097171">
        <ele>100.442</ele>
        <time>2024-08-15T16:24:00.649Z</time>
      </trkpt>
      <trkpt lat="43.275776" lon="-4.097009">
        <ele>100.126</ele>
        <time>2024-08-15T16:24:01.649Z</time>
      </trkpt>
      <trkpt lat="43.275803" lon="-4.096851">
        <ele>99.709</ele>
        <time>2024-08-15T16:24:02.649Z</time>
      </trkpt>
      <trkpt lat="43.275834" lon="-4.096698">
        <ele>99.547</ele>
        <time>2024-08-15T16:24:03.649Z</time>
      </trkpt>
      <trkpt lat="43.275870" lon="-4.096548">
        <ele>99.124</ele>
        <time>2024-08-15T16:24:04.649Z</time>
      </trkpt>
      <trkpt lat="43.275911" lon="-4.096403">
        <ele>98.877</ele>
        <time>2024-08-15T16:24:05.649Z</time>
      </trkpt>
      <trkpt lat="43.275957" lon="-4.096254">
        <ele>98.437</ele>
        <time>2024-08-15T16:24:06.649Z</time>
      </trkpt>
      <trkpt lat="43.276006" lon="-4.096103">
        <ele>98.012</ele>
        <time>2024-08-15T16:24:07.649Z</time>
      </trkpt>
      <trkpt lat="43.276059" lon="-4.095950">
        <ele>97.663</ele>
        <time>2024-08-15T16:24:08.649Z</time>
      </trkpt>
      <trkpt lat="43.276117" lon="-4.095797">
        <ele>97.256</ele>
        <time>2024-08-15T16:24:09.649Z</time>
      </trkpt>
      <trkpt lat="43.276176" lon="-4.095647">
        <ele>96.940</ele>
        <time>2024-08-15T16:24:10.649Z</time>
      </trkpt>
      <trkpt lat="43.276235" lon="-4.095497">
        <ele>96.785</ele>
        <time>2024-08-15T16:24:11.649Z</time>
      </trkpt>
      <trkpt lat="43.276296" lon="-4.095344">
        <ele>96.348</ele>
        <time>2024-08-15T16:24:12.649Z</time>
      </trkpt>
      <trkpt lat="43.276359" lon="-4.095192">
        <ele>95.961</ele>
        <time>2024-08-15T16:24:13.649Z</time>
      </trkpt>
      <trkpt lat="43.276425" lon="-4.095044">
        <ele>95.717</ele>
        <time>2024-08-15T16:24:14.649Z</time>
      </trkpt>
      <trkpt lat="43.276489" lon="-4.094895">
        <ele>95.409</ele>
        <time>2024-08-15T16:24:15.649Z</time>
      </trkpt>
      <trkpt lat="43.276550" lon="-4.094744">
        <ele>94.835</ele>
        <time>2024-08-15T16:24:16.649Z</time>
      </trkpt>
      <trkpt lat="43.276607" lon="-4.094590">
        <ele>94.382</ele>
        <time>2024-08-15T16:24:17.649Z</time>
      </trkpt>
      <trkpt lat="43.276664" lon="-4.094435">
        <ele>93.975</ele>
        <time>2024-08-15T16:24:18.649Z</time>
      </trkpt>
      <trkpt lat="43.276719" lon="-4.094279">
        <ele>93.425</ele>
        <time>2024-08-15T16:24:19.649Z</time>
      </trkpt>
      <trkpt lat="43.276775" lon="-4.094123">
        <ele>93.060</ele>
        <time>2024-08-15T16:24:20.649Z</time>
      </trkpt>
      <trkpt lat="43.276832" lon="-4.093967">
        <ele>92.941</ele>
        <time>2024-08-15T16:24:21.649Z</time>
      </trkpt>
      <trkpt lat="43.276887" lon="-4.093811">
        <ele>92.664</ele>
        <time>2024-08-15T16:24:22.649Z</time>
      </trkpt>
      <trkpt lat="43.276937" lon="-4.093656">
        <ele>92.288</ele>
        <time>2024-08-15T16:24:23.649Z</time>
      </trkpt>
      <trkpt lat="43.276986" lon="-4.093502">
        <ele>91.963</ele>
        <time>2024-08-15T16:24:24.649Z</time>
      </trkpt>
      <trkpt lat="43.277038" lon="-4.093350">
        <ele>91.856</ele>
        <time>2024-08-15T16:24:25.649Z</time>
      </trkpt>
      <trkpt lat="43.277099" lon="-4.093201">
        <ele>91.859</ele>
        <time>2024-08-15T16:24:26.649Z</time>
      </trkpt>
      <trkpt lat="43.277170" lon="-4.093058">
        <ele>91.814</ele>
        <time>2024-08-15T16:24:27.649Z</time>
      </trkpt>
      <trkpt lat="43.277248" lon="-4.092925">
        <ele>91.909</ele>
        <time>2024-08-15T16:24:28.650Z</time>
      </trkpt>
      <trkpt lat="43.277434" lon="-4.092701">
        <ele>92.476</ele>
        <time>2024-08-15T16:24:30.649Z</time>
      </trkpt>
      <trkpt lat="43.277542" lon="-4.092606">
        <ele>92.463</ele>
        <time>2024-08-15T16:24:31.649Z</time>
      </trkpt>
      <trkpt lat="43.277652" lon="-4.092512">
        <ele>92.786</ele>
        <time>2024-08-15T16:24:32.649Z</time>
      </trkpt>
      <trkpt lat="43.277763" lon="-4.092422">
        <ele>92.876</ele>
        <time>2024-08-15T16:24:33.649Z</time>
      </trkpt>
      <trkpt lat="43.277871" lon="-4.092333">
        <ele>92.821</ele>
        <time>2024-08-15T16:24:34.649Z</time>
      </trkpt>
      <trkpt lat="43.277978" lon="-4.092240">
        <ele>92.552</ele>
        <time>2024-08-15T16:24:35.649Z</time>
      </trkpt>
      <trkpt lat="43.278085" lon="-4.092146">
        <ele>92.145</ele>
        <time>2024-08-15T16:24:36.649Z</time>
      </trkpt>
      <trkpt lat="43.278189" lon="-4.092053">
        <ele>91.439</ele>
        <time>2024-08-15T16:24:37.649Z</time>
      </trkpt>
      <trkpt lat="43.278293" lon="-4.091961">
        <ele>91.024</ele>
        <time>2024-08-15T16:24:38.649Z</time>
      </trkpt>
      <trkpt lat="43.278396" lon="-4.091860">
        <ele>90.842</ele>
        <time>2024-08-15T16:24:39.649Z</time>
      </trkpt>
      <trkpt lat="43.278489" lon="-4.091755">
        <ele>90.222</ele>
        <time>2024-08-15T16:24:40.649Z</time>
      </trkpt>
      <trkpt lat="43.278570" lon="-4.091640">
        <ele>89.414</ele>
        <time>2024-08-15T16:24:41.649Z</time>
      </trkpt>
      <trkpt lat="43.278642" lon="-4.091509">
        <ele>88.509</ele>
        <time>2024-08-15T16:24:42.649Z</time>
      </trkpt>
      <trkpt lat="43.278693" lon="-4.091369">
        <ele>87.255</ele>
        <time>2024-08-15T16:24:43.650Z</time>
      </trkpt>
      <trkpt lat="43.278739" lon="-4.091065">
        <ele>85.372</ele>
        <time>2024-08-15T16:24:45.649Z</time>
      </trkpt>
      <trkpt lat="43.278738" lon="-4.090913">
        <ele>85.235</ele>
        <time>2024-08-15T16:24:46.649Z</time>
      </trkpt>
      <trkpt lat="43.278718" lon="-4.090766">
        <ele>85.215</ele>
        <time>2024-08-15T16:24:47.650Z</time>
      </trkpt>
      <trkpt lat="43.278629" lon="-4.090474">
        <ele>85.440</ele>
        <time>2024-08-15T16:24:49.649Z</time>
      </trkpt>
      <trkpt lat="43.278550" lon="-4.090324">
        <ele>85.781</ele>
        <time>2024-08-15T16:24:50.650Z</time>
      </trkpt>
      <trkpt lat="43.278477" lon="-4.090181">
        <ele>85.864</ele>
        <time>2024-08-15T16:24:51.650Z</time>
      </trkpt>
      <trkpt lat="43.278402" lon="-4.090030">
        <ele>87.268</ele>
        <time>2024-08-15T16:24:52.650Z</time>
      </trkpt>
      <trkpt lat="43.278338" lon="-4.089877">
        <ele>87.293</ele>
        <time>2024-08-15T16:24:53.650Z</time>
      </trkpt>
      <trkpt lat="43.278259" lon="-4.089562">
        <ele>86.482</ele>
        <time>2024-08-15T16:24:55.649Z</time>
      </trkpt>
      <trkpt lat="43.278262" lon="-4.089398">
        <ele>86.343</ele>
        <time>2024-08-15T16:24:56.650Z</time>
      </trkpt>
      <trkpt lat="43.278290" lon="-4.089232">
        <ele>86.317</ele>
        <time>2024-08-15T16:24:57.650Z</time>
      </trkpt>
      <trkpt lat="43.278324" lon="-4.089065">
        <ele>86.409</ele>
        <time>2024-08-15T16:24:58.650Z</time>
      </trkpt>
      <trkpt lat="43.278358" lon="-4.088895">
        <ele>86.489</ele>
        <time>2024-08-15T16:24:59.650Z</time>
      </trkpt>
      <trkpt lat="43.278397" lon="-4.088722">
        <ele>86.396</ele>
        <time>2024-08-15T16:25:00.650Z</time>
      </trkpt>
      <trkpt lat="43.278438" lon="-4.088551">
        <ele>86.079</ele>
        <time>2024-08-15T16:25:01.650Z</time>
      </trkpt>
      <trkpt lat="43.278477" lon="-4.088384">
        <ele>86.019</ele>
        <time>2024-08-15T16:25:02.650Z</time>
      </trkpt>
      <trkpt lat="43.278517" lon="-4.088219">
        <ele>86.184</ele>
        <time>2024-08-15T16:25:03.650Z</time>
      </trkpt>
      <trkpt lat="43.278550" lon="-4.088061">
        <ele>86.145</ele>
        <time>2024-08-15T16:25:04.650Z</time>
      </trkpt>
      <trkpt lat="43.278578" lon="-4.087901">
        <ele>85.988</ele>
        <time>2024-08-15T16:25:05.650Z</time>
      </trkpt>
      <trkpt lat="43.278604" lon="-4.087731">
        <ele>85.992</ele>
        <time>2024-08-15T16:25:06.650Z</time>
      </trkpt>
      <trkpt lat="43.278626" lon="-4.087565">
        <ele>85.127</ele>
        <time>2024-08-15T16:25:07.650Z</time>
      </trkpt>
      <trkpt lat="43.278643" lon="-4.087404">
        <ele>84.743</ele>
        <time>2024-08-15T16:25:08.650Z</time>
      </trkpt>
      <trkpt lat="43.278655" lon="-4.087236">
        <ele>83.364</ele>
        <time>2024-08-15T16:25:09.650Z</time>
      </trkpt>
      <trkpt lat="43.278661" lon="-4.087062">
        <ele>82.410</ele>
        <time>2024-08-15T16:25:10.650Z</time>
      </trkpt>
      <trkpt lat="43.278664" lon="-4.086880">
        <ele>81.209</ele>
        <time>2024-08-15T16:25:11.650Z</time>
      </trkpt>
      <trkpt lat="43.278664" lon="-4.086692">
        <ele>79.745</ele>
        <time>2024-08-15T16:25:12.650Z</time>
      </trkpt>
      <trkpt lat="43.278658" lon="-4.086501">
        <ele>77.332</ele>
        <time>2024-08-15T16:25:13.650Z</time>
      </trkpt>
      <trkpt lat="43.278653" lon="-4.086317">
        <ele>76.055</ele>
        <time>2024-08-15T16:25:14.650Z</time>
      </trkpt>
      <trkpt lat="43.278650" lon="-4.086134">
        <ele>75.235</ele>
        <time>2024-08-15T16:25:15.650Z</time>
      </trkpt>
      <trkpt lat="43.278646" lon="-4.085959">
        <ele>75.410</ele>
        <time>2024-08-15T16:25:16.650Z</time>
      </trkpt>
      <trkpt lat="43.278642" lon="-4.085782">
        <ele>75.441</ele>
        <time>2024-08-15T16:25:17.650Z</time>
      </trkpt>
      <trkpt lat="43.278638" lon="-4.085604">
        <ele>75.714</ele>
        <time>2024-08-15T16:25:18.650Z</time>
      </trkpt>
      <trkpt lat="43.278637" lon="-4.085432">
        <ele>75.888</ele>
        <time>2024-08-15T16:25:19.650Z</time>
      </trkpt>
      <trkpt lat="43.278639" lon="-4.085262">
        <ele>75.893</ele>
        <time>2024-08-15T16:25:20.650Z</time>
      </trkpt>
      <trkpt lat="43.278650" lon="-4.085083">
        <ele>75.722</ele>
        <time>2024-08-15T16:25:21.650Z</time>
      </trkpt>
      <trkpt lat="43.278665" lon="-4.084904">
        <ele>75.762</ele>
        <time>2024-08-15T16:25:22.650Z</time>
      </trkpt>
      <trkpt lat="43.278686" lon="-4.084722">
        <ele>75.708</ele>
        <time>2024-08-15T16:25:23.650Z</time>
      </trkpt>
      <trkpt lat="43.278716" lon="-4.084543">
        <ele>76.109</ele>
        <time>2024-08-15T16:25:24.650Z</time>
      </trkpt>
      <trkpt lat="43.278753" lon="-4.084364">
        <ele>76.263</ele>
        <time>2024-08-15T16:25:25.650Z</time>
      </trkpt>
      <trkpt lat="43.278793" lon="-4.084190">
        <ele>76.260</ele>
        <time>2024-08-15T16:25:26.650Z</time>
      </trkpt>
      <trkpt lat="43.278829" lon="-4.084014">
        <ele>76.263</ele>
        <time>2024-08-15T16:25:27.650Z</time>
      </trkpt>
      <trkpt lat="43.278867" lon="-4.083835">
        <ele>76.063</ele>
        <time>2024-08-15T16:25:28.650Z</time>
      </trkpt>
      <trkpt lat="43.278906" lon="-4.083657">
        <ele>76.058</ele>
        <time>2024-08-15T16:25:29.650Z</time>
      </trkpt>
      <trkpt lat="43.278945" lon="-4.083477">
        <ele>75.379</ele>
        <time>2024-08-15T16:25:30.650Z</time>
      </trkpt>
      <trkpt lat="43.278979" lon="-4.083298">
        <ele>74.872</ele>
        <time>2024-08-15T16:25:31.650Z</time>
      </trkpt>
      <trkpt lat="43.279008" lon="-4.083118">
        <ele>74.496</ele>
        <time>2024-08-15T16:25:32.650Z</time>
      </trkpt>
      <trkpt lat="43.279032" lon="-4.082935">
        <ele>74.271</ele>
        <time>2024-08-15T16:25:33.650Z</time>
      </trkpt>
      <trkpt lat="43.279045" lon="-4.082753">
        <ele>73.717</ele>
        <time>2024-08-15T16:25:34.650Z</time>
      </trkpt>
      <trkpt lat="43.279049" lon="-4.082569">
        <ele>73.087</ele>
        <time>2024-08-15T16:25:35.651Z</time>
      </trkpt>
      <trkpt lat="43.279034" lon="-4.082200">
        <ele>72.415</ele>
        <time>2024-08-15T16:25:37.651Z</time>
      </trkpt>
      <trkpt lat="43.279003" lon="-4.081840">
        <ele>71.609</ele>
        <time>2024-08-15T16:25:39.650Z</time>
      </trkpt>
      <trkpt lat="43.278983" lon="-4.081661">
        <ele>71.172</ele>
        <time>2024-08-15T16:25:40.650Z</time>
      </trkpt>
      <trkpt lat="43.278964" lon="-4.081476">
        <ele>70.699</ele>
        <time>2024-08-15T16:25:41.651Z</time>
      </trkpt>
      <trkpt lat="43.278922" lon="-4.081119">
        <ele>69.792</ele>
        <time>2024-08-15T16:25:43.650Z</time>
      </trkpt>
      <trkpt lat="43.278900" lon="-4.080913">
        <ele>69.732</ele>
        <time>2024-08-15T16:25:44.650Z</time>
      </trkpt>
      <trkpt lat="43.278877" lon="-4.080746">
        <ele>70.587</ele>
        <time>2024-08-15T16:25:45.651Z</time>
      </trkpt>
      <trkpt lat="43.278829" lon="-4.080407">
        <ele>71.658</ele>
        <time>2024-08-15T16:25:47.650Z</time>
      </trkpt>
      <trkpt lat="43.278794" lon="-4.080237">
        <ele>71.771</ele>
        <time>2024-08-15T16:25:48.651Z</time>
      </trkpt>
      <trkpt lat="43.278763" lon="-4.080070">
        <ele>72.915</ele>
        <time>2024-08-15T16:25:49.651Z</time>
      </trkpt>
      <trkpt lat="43.278734" lon="-4.079906">
        <ele>73.870</ele>
        <time>2024-08-15T16:25:50.651Z</time>
      </trkpt>
      <trkpt lat="43.278711" lon="-4.079742">
        <ele>74.217</ele>
        <time>2024-08-15T16:25:51.651Z</time>
      </trkpt>
      <trkpt lat="43.278662" lon="-4.079413">
        <ele>74.687</ele>
        <time>2024-08-15T16:25:53.651Z</time>
      </trkpt>
      <trkpt lat="43.278636" lon="-4.079244">
        <ele>74.615</ele>
        <time>2024-08-15T16:25:54.651Z</time>
      </trkpt>
      <trkpt lat="43.278614" lon="-4.079087">
        <ele>74.309</ele>
        <time>2024-08-15T16:25:55.651Z</time>
      </trkpt>
      <trkpt lat="43.278591" lon="-4.078940">
        <ele>74.342</ele>
        <time>2024-08-15T16:25:56.651Z</time>
      </trkpt>
      <trkpt lat="43.278568" lon="-4.078808">
        <ele>74.389</ele>
        <time>2024-08-15T16:25:57.651Z</time>
      </trkpt>
      <trkpt lat="43.278554" lon="-4.078680">
        <ele>74.542</ele>
        <time>2024-08-15T16:25:58.651Z</time>
      </trkpt>
      <trkpt lat="43.278539" lon="-4.078560">
        <ele>74.662</ele>
        <time>2024-08-15T16:25:59.651Z</time>
      </trkpt>
      <trkpt lat="43.278525" lon="-4.078450">
        <ele>74.667</ele>
        <time>2024-08-15T16:26:00.651Z</time>
      </trkpt>
      <trkpt lat="43.278513" lon="-4.078346">
        <ele>74.548</ele>
        <time>2024-08-15T16:26:01.651Z</time>
      </trkpt>
      <trkpt lat="43.278504" lon="-4.078249">
        <ele>74.311</ele>
        <time>2024-08-15T16:26:02.651Z</time>
      </trkpt>
      <trkpt lat="43.278500" lon="-4.078169">
        <ele>74.395</ele>
        <time>2024-08-15T16:26:03.651Z</time>
      </trkpt>
      <trkpt lat="43.278479" lon="-4.078068">
        <ele>74.350</ele>
        <time>2024-08-15T16:26:05.651Z</time>
      </trkpt>
      <trkpt lat="43.278387" lon="-4.078044">
        <ele>74.593</ele>
        <time>2024-08-15T16:26:07.651Z</time>
      </trkpt>
      <trkpt lat="43.278309" lon="-4.078075">
        <ele>74.665</ele>
        <time>2024-08-15T16:26:08.651Z</time>
      </trkpt>
      <trkpt lat="43.278221" lon="-4.078105">
        <ele>74.721</ele>
        <time>2024-08-15T16:26:09.651Z</time>
      </trkpt>
      <trkpt lat="43.278106" lon="-4.078102">
        <ele>74.709</ele>
        <time>2024-08-15T16:26:10.651Z</time>
      </trkpt>
      <trkpt lat="43.277981" lon="-4.078076">
        <ele>75.330</ele>
        <time>2024-08-15T16:26:11.651Z</time>
      </trkpt>
      <trkpt lat="43.277852" lon="-4.078048">
        <ele>75.317</ele>
        <time>2024-08-15T16:26:12.651Z</time>
      </trkpt>
      <trkpt lat="43.277743" lon="-4.078026">
        <ele>74.680</ele>
        <time>2024-08-15T16:26:13.651Z</time>
      </trkpt>
      <trkpt lat="43.277616" lon="-4.078023">
        <ele>74.060</ele>
        <time>2024-08-15T16:26:14.651Z</time>
      </trkpt>
      <trkpt lat="43.277486" lon="-4.078039">
        <ele>73.875</ele>
        <time>2024-08-15T16:26:15.651Z</time>
      </trkpt>
      <trkpt lat="43.277357" lon="-4.078055">
        <ele>73.936</ele>
        <time>2024-08-15T16:26:16.651Z</time>
      </trkpt>
      <trkpt lat="43.277229" lon="-4.078067">
        <ele>73.829</ele>
        <time>2024-08-15T16:26:17.651Z</time>
      </trkpt>
      <trkpt lat="43.277103" lon="-4.078064">
        <ele>73.733</ele>
        <time>2024-08-15T16:26:18.651Z</time>
      </trkpt>
      <trkpt lat="43.276977" lon="-4.078042">
        <ele>73.458</ele>
        <time>2024-08-15T16:26:19.651Z</time>
      </trkpt>
      <trkpt lat="43.276854" lon="-4.077999">
        <ele>73.351</ele>
        <time>2024-08-15T16:26:20.651Z</time>
      </trkpt>
      <trkpt lat="43.276730" lon="-4.077943">
        <ele>73.301</ele>
        <time>2024-08-15T16:26:21.651Z</time>
      </trkpt>
      <trkpt lat="43.276499" lon="-4.077828">
        <ele>73.411</ele>
        <time>2024-08-15T16:26:23.651Z</time>
      </trkpt>
      <trkpt lat="43.276380" lon="-4.077776">
        <ele>75.509</ele>
        <time>2024-08-15T16:26:24.651Z</time>
      </trkpt>
      <trkpt lat="43.276261" lon="-4.077726">
        <ele>78.176</ele>
        <time>2024-08-15T16:26:25.651Z</time>
      </trkpt>
      <trkpt lat="43.276140" lon="-4.077678">
        <ele>78.633</ele>
        <time>2024-08-15T16:26:26.651Z</time>
      </trkpt>
      <trkpt lat="43.276019" lon="-4.077631">
        <ele>79.646</ele>
        <time>2024-08-15T16:26:27.651Z</time>
      </trkpt>
      <trkpt lat="43.275897" lon="-4.077584">
        <ele>80.286</ele>
        <time>2024-08-15T16:26:28.651Z</time>
      </trkpt>
      <trkpt lat="43.275771" lon="-4.077538">
        <ele>80.791</ele>
        <time>2024-08-15T16:26:29.651Z</time>
      </trkpt>
      <trkpt lat="43.275648" lon="-4.077491">
        <ele>80.952</ele>
        <time>2024-08-15T16:26:30.651Z</time>
      </trkpt>
      <trkpt lat="43.275530" lon="-4.077450">
        <ele>81.045</ele>
        <time>2024-08-15T16:26:31.651Z</time>
      </trkpt>
      <trkpt lat="43.275407" lon="-4.077410">
        <ele>81.089</ele>
        <time>2024-08-15T16:26:32.651Z</time>
      </trkpt>
      <trkpt lat="43.275281" lon="-4.077361">
        <ele>81.394</ele>
        <time>2024-08-15T16:26:33.652Z</time>
      </trkpt>
      <trkpt lat="43.275042" lon="-4.077261">
        <ele>81.812</ele>
        <time>2024-08-15T16:26:35.652Z</time>
      </trkpt>
      <trkpt lat="43.274796" lon="-4.077180">
        <ele>82.432</ele>
        <time>2024-08-15T16:26:37.651Z</time>
      </trkpt>
      <trkpt lat="43.274679" lon="-4.077098">
        <ele>83.705</ele>
        <time>2024-08-15T16:26:38.651Z</time>
      </trkpt>
      <trkpt lat="43.274557" lon="-4.077013">
        <ele>84.909</ele>
        <time>2024-08-15T16:26:39.651Z</time>
      </trkpt>
      <trkpt lat="43.274433" lon="-4.076931">
        <ele>85.212</ele>
        <time>2024-08-15T16:26:40.651Z</time>
      </trkpt>
      <trkpt lat="43.274304" lon="-4.076858">
        <ele>85.669</ele>
        <time>2024-08-15T16:26:41.652Z</time>
      </trkpt>
      <trkpt lat="43.274051" lon="-4.076722">
        <ele>86.022</ele>
        <time>2024-08-15T16:26:43.651Z</time>
      </trkpt>
      <trkpt lat="43.273925" lon="-4.076647">
        <ele>86.332</ele>
        <time>2024-08-15T16:26:44.651Z</time>
      </trkpt>
      <trkpt lat="43.273799" lon="-4.076568">
        <ele>86.367</ele>
        <time>2024-08-15T16:26:45.651Z</time>
      </trkpt>
      <trkpt lat="43.273670" lon="-4.076492">
        <ele>86.248</ele>
        <time>2024-08-15T16:26:46.651Z</time>
      </trkpt>
      <trkpt lat="43.273545" lon="-4.076420">
        <ele>86.271</ele>
        <time>2024-08-15T16:26:47.651Z</time>
      </trkpt>
      <trkpt lat="43.273420" lon="-4.076354">
        <ele>86.145</ele>
        <time>2024-08-15T16:26:48.651Z</time>
      </trkpt>
      <trkpt lat="43.273297" lon="-4.076291">
        <ele>86.090</ele>
        <time>2024-08-15T16:26:49.651Z</time>
      </trkpt>
      <trkpt lat="43.273175" lon="-4.076233">
        <ele>86.017</ele>
        <time>2024-08-15T16:26:50.652Z</time>
      </trkpt>
      <trkpt lat="43.273056" lon="-4.076180">
        <ele>86.087</ele>
        <time>2024-08-15T16:26:51.652Z</time>
      </trkpt>
      <trkpt lat="43.272940" lon="-4.076127">
        <ele>86.215</ele>
        <time>2024-08-15T16:26:52.652Z</time>
      </trkpt>
      <trkpt lat="43.272821" lon="-4.076071">
        <ele>86.309</ele>
        <time>2024-08-15T16:26:53.652Z</time>
      </trkpt>
      <trkpt lat="43.272701" lon="-4.076017">
        <ele>86.592</ele>
        <time>2024-08-15T16:26:54.652Z</time>
      </trkpt>
      <trkpt lat="43.272581" lon="-4.075963">
        <ele>86.559</ele>
        <time>2024-08-15T16:26:55.652Z</time>
      </trkpt>
      <trkpt lat="43.272458" lon="-4.075905">
        <ele>86.632</ele>
        <time>2024-08-15T16:26:56.652Z</time>
      </trkpt>
      <trkpt lat="43.272332" lon="-4.075847">
        <ele>86.642</ele>
        <time>2024-08-15T16:26:57.652Z</time>
      </trkpt>
      <trkpt lat="43.272087" lon="-4.075737">
        <ele>86.647</ele>
        <time>2024-08-15T16:26:59.652Z</time>
      </trkpt>
      <trkpt lat="43.271965" lon="-4.075687">
        <ele>85.918</ele>
        <time>2024-08-15T16:27:00.652Z</time>
      </trkpt>
      <trkpt lat="43.271846" lon="-4.075636">
        <ele>85.681</ele>
        <time>2024-08-15T16:27:01.652Z</time>
      </trkpt>
      <trkpt lat="43.271728" lon="-4.075581">
        <ele>85.595</ele>
        <time>2024-08-15T16:27:02.652Z</time>
      </trkpt>
      <trkpt lat="43.271610" lon="-4.075532">
        <ele>85.370</ele>
        <time>2024-08-15T16:27:03.652Z</time>
      </trkpt>
      <trkpt lat="43.271489" lon="-4.075482">
        <ele>85.111</ele>
        <time>2024-08-15T16:27:04.652Z</time>
      </trkpt>
      <trkpt lat="43.271366" lon="-4.075430">
        <ele>85.121</ele>
        <time>2024-08-15T16:27:05.652Z</time>
      </trkpt>
      <trkpt lat="43.271243" lon="-4.075378">
        <ele>85.703</ele>
        <time>2024-08-15T16:27:06.652Z</time>
      </trkpt>
      <trkpt lat="43.271122" lon="-4.075321">
        <ele>85.709</ele>
        <time>2024-08-15T16:27:07.652Z</time>
      </trkpt>
      <trkpt lat="43.271000" lon="-4.075260">
        <ele>86.242</ele>
        <time>2024-08-15T16:27:08.652Z</time>
      </trkpt>
      <trkpt lat="43.270827" lon="-4.075027">
        <ele>86.959</ele>
        <time>2024-08-15T16:27:10.652Z</time>
      </trkpt>
      <trkpt lat="43.270771" lon="-4.074881">
        <ele>88.082</ele>
        <time>2024-08-15T16:27:11.652Z</time>
      </trkpt>
      <trkpt lat="43.270731" lon="-4.074721">
        <ele>89.452</ele>
        <time>2024-08-15T16:27:12.652Z</time>
      </trkpt>
      <trkpt lat="43.270697" lon="-4.074553">
        <ele>89.857</ele>
        <time>2024-08-15T16:27:13.652Z</time>
      </trkpt>
      <trkpt lat="43.270660" lon="-4.074380">
        <ele>90.768</ele>
        <time>2024-08-15T16:27:14.652Z</time>
      </trkpt>
      <trkpt lat="43.270623" lon="-4.074210">
        <ele>91.551</ele>
        <time>2024-08-15T16:27:15.652Z</time>
      </trkpt>
      <trkpt lat="43.270587" lon="-4.074049">
        <ele>91.985</ele>
        <time>2024-08-15T16:27:16.652Z</time>
      </trkpt>
      <trkpt lat="43.270549" lon="-4.073897">
        <ele>92.070</ele>
        <time>2024-08-15T16:27:17.652Z</time>
      </trkpt>
      <trkpt lat="43.270508" lon="-4.073751">
        <ele>92.078</ele>
        <time>2024-08-15T16:27:18.652Z</time>
      </trkpt>
      <trkpt lat="43.270458" lon="-4.073613">
        <ele>91.933</ele>
        <time>2024-08-15T16:27:19.652Z</time>
      </trkpt>
      <trkpt lat="43.270390" lon="-4.073491">
        <ele>91.626</ele>
        <time>2024-08-15T16:27:20.652Z</time>
      </trkpt>
      <trkpt lat="43.270297" lon="-4.073389">
        <ele>90.909</ele>
        <time>2024-08-15T16:27:21.652Z</time>
      </trkpt>
      <trkpt lat="43.270186" lon="-4.073313">
        <ele>90.458</ele>
        <time>2024-08-15T16:27:22.652Z</time>
      </trkpt>
      <trkpt lat="43.270057" lon="-4.073269">
        <ele>89.875</ele>
        <time>2024-08-15T16:27:23.652Z</time>
      </trkpt>
      <trkpt lat="43.269927" lon="-4.073255">
        <ele>89.148</ele>
        <time>2024-08-15T16:27:24.652Z</time>
      </trkpt>
      <trkpt lat="43.269783" lon="-4.073268">
        <ele>88.358</ele>
        <time>2024-08-15T16:27:25.652Z</time>
      </trkpt>
      <trkpt lat="43.269643" lon="-4.073289">
        <ele>87.173</ele>
        <time>2024-08-15T16:27:26.652Z</time>
      </trkpt>
      <trkpt lat="43.269508" lon="-4.073303">
        <ele>86.264</ele>
        <time>2024-08-15T16:27:27.652Z</time>
      </trkpt>
      <trkpt lat="43.269380" lon="-4.073311">
        <ele>85.337</ele>
        <time>2024-08-15T16:27:28.652Z</time>
      </trkpt>
      <trkpt lat="43.269260" lon="-4.073316">
        <ele>84.981</ele>
        <time>2024-08-15T16:27:29.652Z</time>
      </trkpt>
      <trkpt lat="43.269142" lon="-4.073320">
        <ele>84.276</ele>
        <time>2024-08-15T16:27:30.653Z</time>
      </trkpt>
      <trkpt lat="43.269024" lon="-4.073322">
        <ele>83.761</ele>
        <time>2024-08-15T16:27:31.653Z</time>
      </trkpt>
      <trkpt lat="43.268803" lon="-4.073311">
        <ele>82.721</ele>
        <time>2024-08-15T16:27:33.653Z</time>
      </trkpt>
      <trkpt lat="43.268705" lon="-4.073297">
        <ele>82.513</ele>
        <time>2024-08-15T16:27:34.653Z</time>
      </trkpt>
      <trkpt lat="43.268533" lon="-4.073271">
        <ele>82.009</ele>
        <time>2024-08-15T16:27:36.652Z</time>
      </trkpt>
      <trkpt lat="43.268452" lon="-4.073288">
        <ele>81.917</ele>
        <time>2024-08-15T16:27:37.653Z</time>
      </trkpt>
      <trkpt lat="43.268266" lon="-4.073334">
        <ele>81.844</ele>
        <time>2024-08-15T16:27:39.652Z</time>
      </trkpt>
      <trkpt lat="43.268168" lon="-4.073279">
        <ele>82.237</ele>
        <time>2024-08-15T16:27:40.652Z</time>
      </trkpt>
      <trkpt lat="43.268072" lon="-4.073185">
        <ele>83.017</ele>
        <time>2024-08-15T16:27:41.652Z</time>
      </trkpt>
      <trkpt lat="43.267971" lon="-4.073111">
        <ele>83.322</ele>
        <time>2024-08-15T16:27:42.653Z</time>
      </trkpt>
      <trkpt lat="43.267851" lon="-4.073071">
        <ele>83.763</ele>
        <time>2024-08-15T16:27:43.653Z</time>
      </trkpt>
      <trkpt lat="43.267723" lon="-4.073038">
        <ele>84.156</ele>
        <time>2024-08-15T16:27:44.653Z</time>
      </trkpt>
      <trkpt lat="43.267595" lon="-4.073006">
        <ele>84.160</ele>
        <time>2024-08-15T16:27:45.653Z</time>
      </trkpt>
      <trkpt lat="43.267343" lon="-4.072935">
        <ele>84.265</ele>
        <time>2024-08-15T16:27:47.652Z</time>
      </trkpt>
      <trkpt lat="43.267218" lon="-4.072904">
        <ele>84.225</ele>
        <time>2024-08-15T16:27:48.653Z</time>
      </trkpt>
      <trkpt lat="43.267091" lon="-4.072874">
        <ele>84.226</ele>
        <time>2024-08-15T16:27:49.653Z</time>
      </trkpt>
      <trkpt lat="43.266958" lon="-4.072839">
        <ele>84.008</ele>
        <time>2024-08-15T16:27:50.653Z</time>
      </trkpt>
      <trkpt lat="43.266825" lon="-4.072808">
        <ele>83.709</ele>
        <time>2024-08-15T16:27:51.653Z</time>
      </trkpt>
      <trkpt lat="43.266693" lon="-4.072775">
        <ele>83.493</ele>
        <time>2024-08-15T16:27:52.653Z</time>
      </trkpt>
      <trkpt lat="43.266563" lon="-4.072740">
        <ele>83.280</ele>
        <time>2024-08-15T16:27:53.653Z</time>
      </trkpt>
      <trkpt lat="43.266436" lon="-4.072700">
        <ele>83.213</ele>
        <time>2024-08-15T16:27:54.653Z</time>
      </trkpt>
      <trkpt lat="43.266308" lon="-4.072660">
        <ele>83.123</ele>
        <time>2024-08-15T16:27:55.653Z</time>
      </trkpt>
      <trkpt lat="43.266181" lon="-4.072625">
        <ele>82.948</ele>
        <time>2024-08-15T16:27:56.653Z</time>
      </trkpt>
      <trkpt lat="43.266058" lon="-4.072595">
        <ele>82.939</ele>
        <time>2024-08-15T16:27:57.653Z</time>
      </trkpt>
      <trkpt lat="43.265937" lon="-4.072564">
        <ele>82.972</ele>
        <time>2024-08-15T16:27:58.653Z</time>
      </trkpt>
      <trkpt lat="43.265815" lon="-4.072532">
        <ele>83.136</ele>
        <time>2024-08-15T16:27:59.653Z</time>
      </trkpt>
      <trkpt lat="43.265692" lon="-4.072498">
        <ele>83.271</ele>
        <time>2024-08-15T16:28:00.653Z</time>
      </trkpt>
      <trkpt lat="43.265571" lon="-4.072463">
        <ele>83.251</ele>
        <time>2024-08-15T16:28:01.653Z</time>
      </trkpt>
      <trkpt lat="43.265451" lon="-4.072425">
        <ele>83.401</ele>
        <time>2024-08-15T16:28:02.653Z</time>
      </trkpt>
      <trkpt lat="43.265335" lon="-4.072397">
        <ele>83.711</ele>
        <time>2024-08-15T16:28:03.653Z</time>
      </trkpt>
      <trkpt lat="43.265227" lon="-4.072377">
        <ele>83.709</ele>
        <time>2024-08-15T16:28:04.653Z</time>
      </trkpt>
      <trkpt lat="43.265122" lon="-4.072368">
        <ele>83.756</ele>
        <time>2024-08-15T16:28:05.653Z</time>
      </trkpt>
      <trkpt lat="43.265014" lon="-4.072385">
        <ele>83.873</ele>
        <time>2024-08-15T16:28:06.653Z</time>
      </trkpt>
      <trkpt lat="43.264895" lon="-4.072415">
        <ele>84.636</ele>
        <time>2024-08-15T16:28:07.653Z</time>
      </trkpt>
      <trkpt lat="43.264778" lon="-4.072439">
        <ele>85.186</ele>
        <time>2024-08-15T16:28:08.653Z</time>
      </trkpt>
      <trkpt lat="43.264674" lon="-4.072442">
        <ele>85.121</ele>
        <time>2024-08-15T16:28:09.653Z</time>
      </trkpt>
      <trkpt lat="43.264574" lon="-4.072440">
        <ele>85.242</ele>
        <time>2024-08-15T16:28:10.653Z</time>
      </trkpt>
      <trkpt lat="43.264477" lon="-4.072435">
        <ele>85.235</ele>
        <time>2024-08-15T16:28:11.653Z</time>
      </trkpt>
      <trkpt lat="43.264394" lon="-4.072435">
        <ele>85.289</ele>
        <time>2024-08-15T16:28:12.653Z</time>
      </trkpt>
      <trkpt lat="43.264318" lon="-4.072429">
        <ele>85.654</ele>
        <time>2024-08-15T16:28:13.653Z</time>
      </trkpt>
      <trkpt lat="43.264242" lon="-4.072421">
        <ele>85.717</ele>
        <time>2024-08-15T16:28:14.653Z</time>
      </trkpt>
      <trkpt lat="43.264155" lon="-4.072404">
        <ele>85.987</ele>
        <time>2024-08-15T16:28:15.653Z</time>
      </trkpt>
      <trkpt lat="43.264066" lon="-4.072397">
        <ele>86.215</ele>
        <time>2024-08-15T16:28:16.653Z</time>
      </trkpt>
      <trkpt lat="43.263978" lon="-4.072403">
        <ele>86.409</ele>
        <time>2024-08-15T16:28:17.653Z</time>
      </trkpt>
      <trkpt lat="43.263900" lon="-4.072408">
        <ele>86.532</ele>
        <time>2024-08-15T16:28:18.653Z</time>
      </trkpt>
      <trkpt lat="43.263818" lon="-4.072411">
        <ele>86.919</ele>
        <time>2024-08-15T16:28:19.653Z</time>
      </trkpt>
      <trkpt lat="43.263741" lon="-4.072402">
        <ele>87.342</ele>
        <time>2024-08-15T16:28:20.654Z</time>
      </trkpt>
      <trkpt lat="43.263599" lon="-4.072332">
        <ele>87.252</ele>
        <time>2024-08-15T16:28:22.653Z</time>
      </trkpt>
      <trkpt lat="43.263532" lon="-4.072269">
        <ele>87.097</ele>
        <time>2024-08-15T16:28:23.653Z</time>
      </trkpt>
      <trkpt lat="43.263475" lon="-4.072194">
        <ele>86.818</ele>
        <time>2024-08-15T16:28:24.653Z</time>
      </trkpt>
      <trkpt lat="43.263415" lon="-4.072127">
        <ele>86.451</ele>
        <time>2024-08-15T16:28:25.653Z</time>
      </trkpt>
      <trkpt lat="43.263348" lon="-4.072074">
        <ele>86.165</ele>
        <time>2024-08-15T16:28:26.654Z</time>
      </trkpt>
      <trkpt lat="43.263199" lon="-4.071998">
        <ele>85.880</ele>
        <time>2024-08-15T16:28:28.654Z</time>
      </trkpt>
      <trkpt lat="43.263119" lon="-4.071958">
        <ele>85.871</ele>
        <time>2024-08-15T16:28:29.654Z</time>
      </trkpt>
      <trkpt lat="43.262951" lon="-4.071854">
        <ele>86.241</ele>
        <time>2024-08-15T16:28:31.654Z</time>
      </trkpt>
      <trkpt lat="43.262870" lon="-4.071798">
        <ele>86.415</ele>
        <time>2024-08-15T16:28:32.654Z</time>
      </trkpt>
      <trkpt lat="43.262752" lon="-4.071689">
        <ele>87.709</ele>
        <time>2024-08-15T16:28:34.654Z</time>
      </trkpt>
      <trkpt lat="43.262668" lon="-4.071545">
        <ele>88.158</ele>
        <time>2024-08-15T16:28:36.653Z</time>
      </trkpt>
      <trkpt lat="43.262625" lon="-4.071464">
        <ele>87.765</ele>
        <time>2024-08-15T16:28:37.654Z</time>
      </trkpt>
      <trkpt lat="43.262537" lon="-4.071275">
        <ele>86.998</ele>
        <time>2024-08-15T16:28:39.653Z</time>
      </trkpt>
      <trkpt lat="43.262500" lon="-4.071172">
        <ele>86.868</ele>
        <time>2024-08-15T16:28:40.653Z</time>
      </trkpt>
      <trkpt lat="43.262468" lon="-4.071061">
        <ele>86.933</ele>
        <time>2024-08-15T16:28:41.653Z</time>
      </trkpt>
      <trkpt lat="43.262450" lon="-4.070938">
        <ele>87.074</ele>
        <time>2024-08-15T16:28:42.653Z</time>
      </trkpt>
      <trkpt lat="43.262435" lon="-4.070798">
        <ele>87.147</ele>
        <time>2024-08-15T16:28:43.653Z</time>
      </trkpt>
      <trkpt lat="43.262419" lon="-4.070656">
        <ele>87.441</ele>
        <time>2024-08-15T16:28:44.654Z</time>
      </trkpt>
      <trkpt lat="43.262406" lon="-4.070532">
        <ele>87.476</ele>
        <time>2024-08-15T16:28:45.654Z</time>
      </trkpt>
      <trkpt lat="43.262392" lon="-4.070417">
        <ele>87.383</ele>
        <time>2024-08-15T16:28:46.654Z</time>
      </trkpt>
      <trkpt lat="43.262378" lon="-4.070308">
        <ele>87.125</ele>
        <time>2024-08-15T16:28:47.654Z</time>
      </trkpt>
      <trkpt lat="43.262363" lon="-4.070202">
        <ele>87.017</ele>
        <time>2024-08-15T16:28:48.654Z</time>
      </trkpt>
      <trkpt lat="43.262339" lon="-4.070096">
        <ele>86.809</ele>
        <time>2024-08-15T16:28:49.654Z</time>
      </trkpt>
      <trkpt lat="43.262308" lon="-4.069991">
        <ele>86.839</ele>
        <time>2024-08-15T16:28:50.654Z</time>
      </trkpt>
      <trkpt lat="43.262269" lon="-4.069896">
        <ele>86.916</ele>
        <time>2024-08-15T16:28:51.654Z</time>
      </trkpt>
      <trkpt lat="43.262224" lon="-4.069808">
        <ele>87.099</ele>
        <time>2024-08-15T16:28:52.654Z</time>
      </trkpt>
      <trkpt lat="43.262186" lon="-4.069714">
        <ele>87.019</ele>
        <time>2024-08-15T16:28:53.654Z</time>
      </trkpt>
      <trkpt lat="43.262176" lon="-4.069602">
        <ele>86.724</ele>
        <time>2024-08-15T16:28:54.654Z</time>
      </trkpt>
      <trkpt lat="43.262187" lon="-4.069457">
        <ele>86.275</ele>
        <time>2024-08-15T16:28:55.654Z</time>
      </trkpt>
      <trkpt lat="43.262189" lon="-4.069309">
        <ele>86.088</ele>
        <time>2024-08-15T16:28:56.654Z</time>
      </trkpt>
      <trkpt lat="43.262185" lon="-4.069188">
        <ele>85.782</ele>
        <time>2024-08-15T16:28:57.654Z</time>
      </trkpt>
      <trkpt lat="43.262199" lon="-4.069078">
        <ele>85.157</ele>
        <time>2024-08-15T16:28:58.654Z</time>
      </trkpt>
      <trkpt lat="43.262240" lon="-4.068973">
        <ele>85.131</ele>
        <time>2024-08-15T16:28:59.654Z</time>
      </trkpt>
      <trkpt lat="43.262304" lon="-4.068868">
        <ele>85.261</ele>
        <time>2024-08-15T16:29:00.654Z</time>
      </trkpt>
      <trkpt lat="43.262384" lon="-4.068771">
        <ele>85.207</ele>
        <time>2024-08-15T16:29:01.654Z</time>
      </trkpt>
      <trkpt lat="43.262461" lon="-4.068680">
        <ele>84.609</ele>
        <time>2024-08-15T16:29:02.654Z</time>
      </trkpt>
      <trkpt lat="43.262522" lon="-4.068609">
        <ele>84.694</ele>
        <time>2024-08-15T16:29:03.654Z</time>
      </trkpt>
      <trkpt lat="43.262582" lon="-4.068570">
        <ele>85.181</ele>
        <time>2024-08-15T16:29:04.654Z</time>
      </trkpt>
      <trkpt lat="43.262620" lon="-4.068511">
        <ele>86.674</ele>
        <time>2024-08-15T16:29:07.654Z</time>
      </trkpt>
      <trkpt lat="43.262590" lon="-4.068425">
        <ele>86.934</ele>
        <time>2024-08-15T16:29:09.654Z</time>
      </trkpt>
      <trkpt lat="43.262535" lon="-4.068397">
        <ele>88.959</ele>
        <time>2024-08-15T16:29:11.654Z</time>
      </trkpt>
      <trkpt lat="43.262484" lon="-4.068388">
        <ele>89.660</ele>
        <time>2024-08-15T16:29:13.654Z</time>
      </trkpt>
      <trkpt lat="43.262415" lon="-4.068467">
        <ele>91.173</ele>
        <time>2024-08-15T16:29:17.654Z</time>
      </trkpt>
      <trkpt lat="43.262374" lon="-4.068422">
        <ele>93.317</ele>
        <time>2024-08-15T16:29:28.655Z</time>
      </trkpt>
      <trkpt lat="43.262328" lon="-4.068437">
        <ele>96.662</ele>
        <time>2024-08-15T16:33:31.658Z</time>
      </trkpt>
      <trkpt lat="43.262378" lon="-4.068446">
        <ele>98.472</ele>
        <time>2024-08-15T16:34:31.659Z</time>
      </trkpt>
      <trkpt lat="43.262352" lon="-4.068395">
        <ele>97.513</ele>
        <time>2024-08-15T16:35:48.660Z</time>
      </trkpt>
      <trkpt lat="43.262497" lon="-4.068328">
        <ele>94.514</ele>
        <time>2024-08-15T16:37:50.662Z</time>
      </trkpt>
      <trkpt lat="43.262423" lon="-4.068306">
        <ele>104.209</ele>
        <time>2024-08-15T16:38:01.663Z</time>
      </trkpt>
      <trkpt lat="43.262386" lon="-4.068257">
        <ele>104.178</ele>
        <time>2024-08-15T16:38:13.663Z</time>
      </trkpt>
      <trkpt lat="43.262350" lon="-4.068301">
        <ele>104.385</ele>
        <time>2024-08-15T16:38:15.663Z</time>
      </trkpt>
      <trkpt lat="43.262364" lon="-4.068240">
        <ele>102.918</ele>
        <time>2024-08-15T16:39:27.664Z</time>
      </trkpt>
      <trkpt lat="43.262319" lon="-4.068603">
        <ele>102.838</ele>
        <time>2024-08-15T16:41:20.666Z</time>
      </trkpt>
      <trkpt lat="43.262276" lon="-4.068642">
        <ele>119.923</ele>
        <time>2024-08-15T16:41:25.666Z</time>
      </trkpt>
      <trkpt lat="43.262226" lon="-4.068874">
        <ele>128.034</ele>
        <time>2024-08-15T16:41:32.666Z</time>
      </trkpt>
      <trkpt lat="43.262229" lon="-4.068786">
        <ele>120.797</ele>
        <time>2024-08-15T16:41:35.666Z</time>
      </trkpt>
      <trkpt lat="43.262234" lon="-4.068688">
        <ele>119.341</ele>
        <time>2024-08-15T16:41:37.666Z</time>
      </trkpt>
      <trkpt lat="43.262259" lon="-4.068532">
        <ele>119.896</ele>
        <time>2024-08-15T16:41:41.666Z</time>
      </trkpt>
      <trkpt lat="43.262326" lon="-4.068484">
        <ele>120.212</ele>
        <time>2024-08-15T16:43:04.667Z</time>
      </trkpt>
      <trkpt lat="43.262322" lon="-4.068347">
        <ele>114.132</ele>
        <time>2024-08-15T16:44:22.668Z</time>
      </trkpt>
      <trkpt lat="43.262281" lon="-4.068462">
        <ele>108.005</ele>
        <time>2024-08-15T16:45:54.670Z</time>
      </trkpt>
      <trkpt lat="43.262251" lon="-4.068520">
        <ele>107.209</ele>
        <time>2024-08-15T16:45:57.670Z</time>
      </trkpt>
      <trkpt lat="43.262237" lon="-4.068581">
        <ele>104.862</ele>
        <time>2024-08-15T16:55:02.678Z</time>
      </trkpt>
    </trkseg>
  </trk></gpx>