<?xml version="1.0" encoding="UTF-8"?>
<gpx creator="StravaGPX" version="1.1" xmlns="http://www.topografix.com/GPX/1/1" xmlns:xsi="http://www.w3.org/2001/XMLSchema-instance" xsi:schemaLocation="http://www.topografix.com/GPX/1/1 http://www.topografix.com/GPX/1/1/gpx.xsd">
 <metadata>
  <time>2026-09-19T10:13:49Z</time>
 </metadata>
 <trk>
  <name>Ruta enduro</name>
  <type>EMountainBikeRide</type>
  <trkseg>
   <trkpt lat="43.2623120" lon="-4.0684720">
    <ele>88.6</ele>
    <time>2026-09-19T10:13:49Z</time>
   </trkpt>
   <trkpt lat="43.2623110" lon="-4.0684720">
    <ele>88.6</ele>
    <time>2026-09-19T10:13:50Z</time>
   </trkpt>
   <trkpt lat="43.2623090" lon="-4.0684750">
    <ele>88.6</ele>
    <time>2026-09-19T10:13:51Z</time>
   </trkpt>
   <trkpt lat="43.2623090" lon="-4.0684740">
    <ele>88.6</ele>
    <time>2026-09-19T10:13:52Z</time>
   </trkpt>
   <trkpt lat="43.2623090" lon="-4.0684770">
    <ele>88.6</ele>
    <time>2026-09-19T10:13:53Z</time>
   </trkpt>
   <trkpt lat="43.2623010" lon="-4.0684800">
    <ele>88.6</ele>
    <time>2026-09-19T10:13:54Z</time>
   </trkpt>
   <trkpt lat="43.2622990" lon="-4.0684790">
    <ele>88.6</ele>
    <time>2026-09-19T10:13:55Z</time>
   </trkpt>
   <trkpt lat="43.2622960" lon="-4.0684710">
    <ele>88.6</ele>
    <time>2026-09-19T10:13:56Z</time>
   </trkpt>
   <trkpt lat="43.2622880" lon="-4.0684630">
    <ele>88.6</ele>
    <time>2026-09-19T10:13:57Z</time>
   </trkpt>
   <trkpt lat="43.2622840" lon="-4.0684540">
    <ele>88.6</ele>
    <time>2026-09-19T10:13:58Z</time>
   </trkpt>
   <trkpt lat="43.2622800" lon="-4.0684480">
    <ele>88.6</ele>
    <time>2026-09-19T10:13:59Z</time>
   </trkpt>
   <trkpt lat="43.2622780" lon="-4.0684430">
    <ele>88.6</ele>
    <time>2026-09-19T10:14:00Z</time>
   </trkpt>
   <trkpt lat="43.2622760" lon="-4.0684400">
    <ele>88.6</ele>
    <time>2026-09-19T10:14:01Z</time>
   </trkpt>
   <trkpt lat="43.2622750" lon="-4.0684400">
    <ele>88.6</ele>
    <time>2026-09-19T10:14:02Z</time>
   </trkpt>
   <trkpt lat="43.2622760" lon="-4.0684380">
    <ele>88.6</ele>
    <time>2026-09-19T10:14:03Z</time>
   </trkpt>
   <trkpt lat="43.2622780" lon="-4.0684320">
    <ele>88.6</ele>
    <time>2026-09-19T10:14:04Z</time>
   </trkpt>
   <trkpt lat="43.2622790" lon="-4.0684310">
    <ele>88.6</ele>
    <time>2026-09-19T10:14:05Z</time>
   </trkpt>
   <trkpt lat="43.2622840" lon="-4.0684240">
    <ele>88.6</ele>
    <time>2026-09-19T10:14:06Z</time>
   </trkpt>
   <trkpt lat="43.2622870" lon="-4.0684180">
    <ele>88.6</ele>
    <time>2026-09-19T10:14:07Z</time>
   </trkpt>
   <trkpt lat="43.2622900" lon="-4.0684150">
    <ele>88.6</ele>
    <time>2026-09-19T10:14:08Z</time>
   </trkpt>
   <trkpt lat="43.2622970" lon="-4.0684010">
    <ele>88.6</ele>
    <time>2026-09-19T10:14:09Z</time>
   </trkpt>
   <trkpt lat="43.2623020" lon="-4.0683930">
    <ele>88.6</ele>
    <time>2026-09-19T10:14:10Z</time>
   </trkpt>
   <trkpt lat="43.2623070" lon="-4.0683870">
    <ele>88.6</ele>
    <time>2026-09-19T10:14:11Z</time>
   </trkpt>
   <trkpt lat="43.2623310" lon="-4.0684110">
    <ele>88.6</ele>
    <time>2026-09-19T10:17:41Z</time>
   </trkpt>
   <trkpt lat="43.2623310" lon="-4.0684310">
    <ele>88.6</ele>
    <time>2026-09-19T10:17:42Z</time>
   </trkpt>
   <trkpt lat="43.2623370" lon="-4.0684490">
    <ele>88.6</ele>
    <time>2026-09-19T10:17:43Z</time>
   </trkpt>
   <trkpt lat="43.2623460" lon="-4.0684600">
    <ele>88.6</ele>
    <time>2026-09-19T10:17:44Z</time>
   </trkpt>
   <trkpt lat="43.2623610" lon="-4.0684820">
    <ele>88.6</ele>
    <time>2026-09-19T10:17:45Z</time>
   </trkpt>
   <trkpt lat="43.2623900" lon="-4.0685060">
    <ele>88.6</ele>
    <time>2026-09-19T10:17:46Z</time>
   </trkpt>
   <trkpt lat="43.2624260" lon="-4.0685230">
    <ele>88.6</ele>
    <time>2026-09-19T10:17:47Z</time>
   </trkpt>
   <trkpt lat="43.2624530" lon="-4.0685250">
    <ele>88.6</ele>
    <time>2026-09-19T10:17:48Z</time>
   </trkpt>
   <trkpt lat="43.2624800" lon="-4.0685130">
    <ele>88.6</ele>
    <time>2026-09-19T10:17:49Z</time>
   </trkpt>
   <trkpt lat="43.2625150" lon="-4.0684970">
    <ele>88.6</ele>
    <time>2026-09-19T10:17:50Z</time>
   </trkpt>
   <trkpt lat="43.2625510" lon="-4.0684770">
    <ele>88.6</ele>
    <time>2026-09-19T10:17:51Z</time>
   </trkpt>
   <trkpt lat="43.2626490" lon="-4.0682760">
    <ele>88.9</ele>
    <time>2026-09-19T10:17:52Z</time>
   </trkpt>
   <trkpt lat="43.2626910" lon="-4.0681440">
    <ele>88.9</ele>
    <time>2026-09-19T10:17:53Z</time>
   </trkpt>
   <trkpt lat="43.2627200" lon="-4.0680350">
    <ele>88.9</ele>
    <time>2026-09-19T10:17:54Z</time>
   </trkpt>
   <trkpt lat="43.2627450" lon="-4.0679300">
    <ele>88.9</ele>
    <time>2026-09-19T10:17:55Z</time>
   </trkpt>
   <trkpt lat="43.2627680" lon="-4.0678290">
    <ele>88.9</ele>
    <time>2026-09-19T10:17:56Z</time>
   </trkpt>
   <trkpt lat="43.2627940" lon="-4.0677250">
    <ele>88.8</ele>
    <time>2026-09-19T10:17:57Z</time>
   </trkpt>
   <trkpt lat="43.2628230" lon="-4.0676190">
    <ele>88.8</ele>
    <time>2026-09-19T10:17:58Z</time>
   </trkpt>
   <trkpt lat="43.2628540" lon="-4.0675110">
    <ele>88.8</ele>
    <time>2026-09-19T10:17:59Z</time>
   </trkpt>
   <trkpt lat="43.2628820" lon="-4.0673980">
    <ele>88.7</ele>
    <time>2026-09-19T10:18:00Z</time>
   </trkpt>
   <trkpt lat="43.2629110" lon="-4.0672890">
    <ele>88.8</ele>
    <time>2026-09-19T10:18:01Z</time>
   </trkpt>
   <trkpt lat="43.2629390" lon="-4.0671720">
    <ele>88.8</ele>
    <time>2026-09-19T10:18:02Z</time>
   </trkpt>
   <trkpt lat="43.2629640" lon="-4.0670580">
    <ele>88.8</ele>
    <time>2026-09-19T10:18:03Z</time>
   </trkpt>
   <trkpt lat="43.2629880" lon="-4.0669470">
    <ele>88.8</ele>
    <time>2026-09-19T10:18:04Z</time>
   </trkpt>
   <trkpt lat="43.2630150" lon="-4.0668370">
    <ele>88.8</ele>
    <time>2026-09-19T10:18:05Z</time>
   </trkpt>
   <trkpt lat="43.2630430" lon="-4.0667260">
    <ele>88.8</ele>
    <time>2026-09-19T10:18:06Z</time>
   </trkpt>
   <trkpt lat="43.2630690" lon="-4.0666180">
    <ele>88.9</ele>
    <time>2026-09-19T10:18:07Z</time>
   </trkpt>
   <trkpt lat="43.2630940" lon="-4.0665090">
    <ele>88.9</ele>
    <time>2026-09-19T10:18:08Z</time>
   </trkpt>
   <trkpt lat="43.2631150" lon="-4.0664020">
    <ele>88.8</ele>
    <time>2026-09-19T10:18:09Z</time>
   </trkpt>
   <trkpt lat="43.2631300" lon="-4.0662930">
    <ele>88.8</ele>
    <time>2026-09-19T10:18:10Z</time>
   </trkpt>
   <trkpt lat="43.2631420" lon="-4.0661840">
    <ele>88.9</ele>
    <time>2026-09-19T10:18:11Z</time>
   </trkpt>
   <trkpt lat="43.2631540" lon="-4.0660750">
    <ele>88.9</ele>
    <time>2026-09-19T10:18:12Z</time>
   </trkpt>
   <trkpt lat="43.2631670" lon="-4.0659640">
    <ele>88.9</ele>
    <time>2026-09-19T10:18:13Z</time>
   </trkpt>
   <trkpt lat="43.2631800" lon="-4.0658630">
    <ele>88.8</ele>
    <time>2026-09-19T10:18:14Z</time>
   </trkpt>
   <trkpt lat="43.2631920" lon="-4.0657730">
    <ele>88.8</ele>
    <time>2026-09-19T10:18:15Z</time>
   </trkpt>
   <trkpt lat="43.2632010" lon="-4.0656940">
    <ele>88.8</ele>
    <time>2026-09-19T10:18:16Z</time>
   </trkpt>
   <trkpt lat="43.2631940" lon="-4.0656270">
    <ele>88.8</ele>
    <time>2026-09-19T10:18:17Z</time>
   </trkpt>
   <trkpt lat="43.2631630" lon="-4.0655750">
    <ele>88.9</ele>
    <time>2026-09-19T10:18:18Z</time>
   </trkpt>
   <trkpt lat="43.2631100" lon="-4.0655400">
    <ele>88.9</ele>
    <time>2026-09-19T10:18:19Z</time>
   </trkpt>
   <trkpt lat="43.2630390" lon="-4.0655150">
    <ele>88.9</ele>
    <time>2026-09-19T10:18:20Z</time>
   </trkpt>
   <trkpt lat="43.2629710" lon="-4.0654950">
    <ele>88.9</ele>
    <time>2026-09-19T10:18:21Z</time>
   </trkpt>
   <trkpt lat="43.2628960" lon="-4.0654750">
    <ele>89.0</ele>
    <time>2026-09-19T10:18:22Z</time>
   </trkpt>
   <trkpt lat="43.2628220" lon="-4.0654490">
    <ele>89.0</ele>
    <time>2026-09-19T10:18:23Z</time>
   </trkpt>
   <trkpt lat="43.2627440" lon="-4.0654040">
    <ele>89.0</ele>
    <time>2026-09-19T10:18:24Z</time>
   </trkpt>
   <trkpt lat="43.2626600" lon="-4.0653730">
    <ele>89.1</ele>
    <time>2026-09-19T10:18:25Z</time>
   </trkpt>
   <trkpt lat="43.2625760" lon="-4.0653450">
    <ele>89.1</ele>
    <time>2026-09-19T10:18:26Z</time>
   </trkpt>
   <trkpt lat="43.2624900" lon="-4.0653170">
    <ele>89.2</ele>
    <time>2026-09-19T10:18:27Z</time>
   </trkpt>
   <trkpt lat="43.2624030" lon="-4.0652880">
    <ele>89.2</ele>
    <time>2026-09-19T10:18:28Z</time>
   </trkpt>
   <trkpt lat="43.2623210" lon="-4.0652600">
    <ele>89.3</ele>
    <time>2026-09-19T10:18:29Z</time>
   </trkpt>
   <trkpt lat="43.2622400" lon="-4.0652330">
    <ele>89.4</ele>
    <time>2026-09-19T10:18:30Z</time>
   </trkpt>
   <trkpt lat="43.2621530" lon="-4.0652140">
    <ele>89.4</ele>
    <time>2026-09-19T10:18:31Z</time>
   </trkpt>
   <trkpt lat="43.2620620" lon="-4.0652050">
    <ele>89.5</ele>
    <time>2026-09-19T10:18:32Z</time>
   </trkpt>
   <trkpt lat="43.2619680" lon="-4.0652010">
    <ele>89.6</ele>
    <time>2026-09-19T10:18:33Z</time>
   </trkpt>
   <trkpt lat="43.2618800" lon="-4.0651890">
    <ele>89.8</ele>
    <time>2026-09-19T10:18:34Z</time>
   </trkpt>
   <trkpt lat="43.2617870" lon="-4.0651700">
    <ele>89.8</ele>
    <time>2026-09-19T10:18:35Z</time>
   </trkpt>
   <trkpt lat="43.2616970" lon="-4.0651470">
    <ele>89.9</ele>
    <time>2026-09-19T10:18:36Z</time>
   </trkpt>
   <trkpt lat="43.2616020" lon="-4.0651210">
    <ele>90.1</ele>
    <time>2026-09-19T10:18:37Z</time>
   </trkpt>
   <trkpt lat="43.2615120" lon="-4.0650950">
    <ele>90.2</ele>
    <time>2026-09-19T10:18:38Z</time>
   </trkpt>
   <trkpt lat="43.2614240" lon="-4.0650690">
    <ele>90.3</ele>
    <time>2026-09-19T10:18:39Z</time>
   </trkpt>
   <trkpt lat="43.2613370" lon="-4.0650430">
    <ele>90.5</ele>
    <time>2026-09-19T10:18:40Z</time>
   </trkpt>
   <trkpt lat="43.2612410" lon="-4.0650150">
    <ele>90.6</ele>
    <time>2026-09-19T10:18:41Z</time>
   </trkpt>
   <trkpt lat="43.2611490" lon="-4.0649890">
    <ele>90.7</ele>
    <time>2026-09-19T10:18:42Z</time>
   </trkpt>
   <trkpt lat="43.2610600" lon="-4.0649620">
    <ele>90.9</ele>
    <time>2026-09-19T10:18:43Z</time>
   </trkpt>
   <trkpt lat="43.2609720" lon="-4.0649350">
    <ele>91.0</ele>
    <time>2026-09-19T10:18:44Z</time>
   </trkpt>
   <trkpt lat="43.2608890" lon="-4.0649120">
    <ele>91.1</ele>
    <time>2026-09-19T10:18:45Z</time>
   </trkpt>
   <trkpt lat="43.2608100" lon="-4.0648900">
    <ele>91.2</ele>
    <time>2026-09-19T10:18:46Z</time>
   </trkpt>
   <trkpt lat="43.2607390" lon="-4.0648730">
    <ele>91.2</ele>
    <time>2026-09-19T10:18:47Z</time>
   </trkpt>
   <trkpt lat="43.2606730" lon="-4.0648580">
    <ele>91.3</ele>
    <time>2026-09-19T10:18:48Z</time>
   </trkpt>
   <trkpt lat="43.2606140" lon="-4.0648460">
    <ele>91.4</ele>
    <time>2026-09-19T10:18:49Z</time>
   </trkpt>
   <trkpt lat="43.2605660" lon="-4.0648360">
    <ele>91.4</ele>
    <time>2026-09-19T10:18:50Z</time>
   </trkpt>
   <trkpt lat="43.2605280" lon="-4.0648310">
    <ele>91.4</ele>
    <time>2026-09-19T10:18:51Z</time>
   </trkpt>
   <trkpt lat="43.2605030" lon="-4.0648300">
    <ele>91.5</ele>
    <time>2026-09-19T10:18:52Z</time>
   </trkpt>
   <trkpt lat="43.2604870" lon="-4.0648280">
    <ele>91.5</ele>
    <time>2026-09-19T10:18:53Z</time>
   </trkpt>
   <trkpt lat="43.2604720" lon="-4.0648200">
    <ele>91.5</ele>
    <time>2026-09-19T10:18:54Z</time>
   </trkpt>
   <trkpt lat="43.2604540" lon="-4.0647930">
    <ele>91.6</ele>
    <time>2026-09-19T10:18:55Z</time>
   </trkpt>
   <trkpt lat="43.2604400" lon="-4.0647360">
    <ele>91.7</ele>
    <time>2026-09-19T10:18:56Z</time>
   </trkpt>
   <trkpt lat="43.2604400" lon="-4.0646730">
    <ele>91.6</ele>
    <time>2026-09-19T10:18:57Z</time>
   </trkpt>
   <trkpt lat="43.2604400" lon="-4.0646100">
    <ele>91.6</ele>
    <time>2026-09-19T10:18:58Z</time>
   </trkpt>
   <trkpt lat="43.2604500" lon="-4.0645120">
    <ele>91.6</ele>
    <time>2026-09-19T10:18:59Z</time>
   </trkpt>
   <trkpt lat="43.2604620" lon="-4.0644120">
    <ele>91.5</ele>
    <time>2026-09-19T10:19:00Z</time>
   </trkpt>
   <trkpt lat="43.2604750" lon="-4.0643140">
    <ele>91.5</ele>
    <time>2026-09-19T10:19:01Z</time>
   </trkpt>
   <trkpt lat="43.2604860" lon="-4.0642170">
    <ele>91.4</ele>
    <time>2026-09-19T10:19:02Z</time>
   </trkpt>
   <trkpt lat="43.2604830" lon="-4.0641250">
    <ele>91.5</ele>
    <time>2026-09-19T10:19:03Z</time>
   </trkpt>
   <trkpt lat="43.2604720" lon="-4.0640550">
    <ele>91.5</ele>
    <time>2026-09-19T10:19:04Z</time>
   </trkpt>
   <trkpt lat="43.2604290" lon="-4.0639940">
    <ele>91.4</ele>
    <time>2026-09-19T10:19:05Z</time>
   </trkpt>
   <trkpt lat="43.2603690" lon="-4.0639510">
    <ele>91.4</ele>
    <time>2026-09-19T10:19:06Z</time>
   </trkpt>
   <trkpt lat="43.2603060" lon="-4.0639150">
    <ele>91.4</ele>
    <time>2026-09-19T10:19:07Z</time>
   </trkpt>
   <trkpt lat="43.2602360" lon="-4.0638730">
    <ele>91.4</ele>
    <time>2026-09-19T10:19:08Z</time>
   </trkpt>
   <trkpt lat="43.2601650" lon="-4.0638260">
    <ele>91.4</ele>
    <time>2026-09-19T10:19:09Z</time>
   </trkpt>
   <trkpt lat="43.2600910" lon="-4.0637690">
    <ele>91.4</ele>
    <time>2026-09-19T10:19:10Z</time>
   </trkpt>
   <trkpt lat="43.2600220" lon="-4.0637010">
    <ele>91.5</ele>
    <time>2026-09-19T10:19:11Z</time>
   </trkpt>
   <trkpt lat="43.2599570" lon="-4.0636220">
    <ele>91.5</ele>
    <time>2026-09-19T10:19:12Z</time>
   </trkpt>
   <trkpt lat="43.2598990" lon="-4.0635370">
    <ele>91.6</ele>
    <time>2026-09-19T10:19:13Z</time>
   </trkpt>
   <trkpt lat="43.2598420" lon="-4.0634550">
    <ele>91.6</ele>
    <time>2026-09-19T10:19:14Z</time>
   </trkpt>
   <trkpt lat="43.2597800" lon="-4.0633900">
    <ele>91.6</ele>
    <time>2026-09-19T10:19:15Z</time>
   </trkpt>
   <trkpt lat="43.2597130" lon="-4.0633500">
    <ele>91.6</ele>
    <time>2026-09-19T10:19:16Z</time>
   </trkpt>
   <trkpt lat="43.2596350" lon="-4.0633260">
    <ele>91.5</ele>
    <time>2026-09-19T10:19:17Z</time>
   </trkpt>
   <trkpt lat="43.2595580" lon="-4.0633260">
    <ele>91.6</ele>
    <time>2026-09-19T10:19:18Z</time>
   </trkpt>
   <trkpt lat="43.2594840" lon="-4.0633380">
    <ele>91.6</ele>
    <time>2026-09-19T10:19:19Z</time>
   </trkpt>
   <trkpt lat="43.2594100" lon="-4.0633550">
    <ele>91.7</ele>
    <time>2026-09-19T10:19:20Z</time>
   </trkpt>
   <trkpt lat="43.2593350" lon="-4.0633640">
    <ele>91.7</ele>
    <time>2026-09-19T10:19:21Z</time>
   </trkpt>
   <trkpt lat="43.2592490" lon="-4.0633630">
    <ele>91.8</ele>
    <time>2026-09-19T10:19:22Z</time>
   </trkpt>
   <trkpt lat="43.2591570" lon="-4.0633570">
    <ele>91.9</ele>
    <time>2026-09-19T10:19:23Z</time>
   </trkpt>
   <trkpt lat="43.2590730" lon="-4.0633530">
    <ele>92.0</ele>
    <time>2026-09-19T10:19:24Z</time>
   </trkpt>
   <trkpt lat="43.2589830" lon="-4.0633580">
    <ele>92.1</ele>
    <time>2026-09-19T10:19:25Z</time>
   </trkpt>
   <trkpt lat="43.2588950" lon="-4.0633690">
    <ele>92.2</ele>
    <time>2026-09-19T10:19:26Z</time>
   </trkpt>
   <trkpt lat="43.2588140" lon="-4.0633860">
    <ele>92.3</ele>
    <time>2026-09-19T10:19:27Z</time>
   </trkpt>
   <trkpt lat="43.2587230" lon="-4.0634020">
    <ele>92.4</ele>
    <time>2026-09-19T10:19:28Z</time>
   </trkpt>
   <trkpt lat="43.2586360" lon="-4.0634160">
    <ele>92.5</ele>
    <time>2026-09-19T10:19:29Z</time>
   </trkpt>
   <trkpt lat="43.2585480" lon="-4.0634300">
    <ele>92.6</ele>
    <time>2026-09-19T10:19:30Z</time>
   </trkpt>
   <trkpt lat="43.2584640" lon="-4.0634410">
    <ele>92.7</ele>
    <time>2026-09-19T10:19:31Z</time>
   </trkpt>
   <trkpt lat="43.2583820" lon="-4.0634530">
    <ele>92.8</ele>
    <time>2026-09-19T10:19:32Z</time>
   </trkpt>
   <trkpt lat="43.2582970" lon="-4.0634650">
    <ele>92.9</ele>
    <time>2026-09-19T10:19:33Z</time>
   </trkpt>
   <trkpt lat="43.2582200" lon="-4.0634760">
    <ele>93.1</ele>
    <time>2026-09-19T10:19:34Z</time>
   </trkpt>
   <trkpt lat="43.2581460" lon="-4.0634840">
    <ele>93.2</ele>
    <time>2026-09-19T10:19:35Z</time>
   </trkpt>
   <trkpt lat="43.2580820" lon="-4.0634790">
    <ele>93.4</ele>
    <time>2026-09-19T10:19:36Z</time>
   </trkpt>
   <trkpt lat="43.2580290" lon="-4.0634480">
    <ele>93.5</ele>
    <time>2026-09-19T10:19:37Z</time>
   </trkpt>
   <trkpt lat="43.2580040" lon="-4.0633830">
    <ele>93.6</ele>
    <time>2026-09-19T10:19:38Z</time>
   </trkpt>
   <trkpt lat="43.2580050" lon="-4.0633020">
    <ele>93.6</ele>
    <time>2026-09-19T10:19:39Z</time>
   </trkpt>
   <trkpt lat="43.2580200" lon="-4.0632090">
    <ele>93.6</ele>
    <time>2026-09-19T10:19:40Z</time>
   </trkpt>
   <trkpt lat="43.2580400" lon="-4.0631190">
    <ele>93.6</ele>
    <time>2026-09-19T10:19:41Z</time>
   </trkpt>
   <trkpt lat="43.2580590" lon="-4.0630180">
    <ele>93.6</ele>
    <time>2026-09-19T10:19:42Z</time>
   </trkpt>
   <trkpt lat="43.2580750" lon="-4.0629230">
    <ele>93.7</ele>
    <time>2026-09-19T10:19:43Z</time>
   </trkpt>
   <trkpt lat="43.2580910" lon="-4.0628300">
    <ele>93.7</ele>
    <time>2026-09-19T10:19:44Z</time>
   </trkpt>
   <trkpt lat="43.2581050" lon="-4.0627430">
    <ele>93.7</ele>
    <time>2026-09-19T10:19:45Z</time>
   </trkpt>
   <trkpt lat="43.2581090" lon="-4.0626610">
    <ele>93.7</ele>
    <time>2026-09-19T10:19:46Z</time>
   </trkpt>
   <trkpt lat="43.2580890" lon="-4.0625860">
    <ele>93.7</ele>
    <time>2026-09-19T10:19:47Z</time>
   </trkpt>
   <trkpt lat="43.2580380" lon="-4.0625420">
    <ele>93.8</ele>
    <time>2026-09-19T10:19:48Z</time>
   </trkpt>
   <trkpt lat="43.2579790" lon="-4.0625190">
    <ele>93.9</ele>
    <time>2026-09-19T10:19:49Z</time>
   </trkpt>
   <trkpt lat="43.2579120" lon="-4.0624960">
    <ele>94.0</ele>
    <time>2026-09-19T10:19:50Z</time>
   </trkpt>
   <trkpt lat="43.2578420" lon="-4.0624710">
    <ele>94.1</ele>
    <time>2026-09-19T10:19:51Z</time>
   </trkpt>
   <trkpt lat="43.2577690" lon="-4.0624460">
    <ele>94.2</ele>
    <time>2026-09-19T10:19:52Z</time>
   </trkpt>
   <trkpt lat="43.2576850" lon="-4.0624190">
    <ele>94.3</ele>
    <time>2026-09-19T10:19:53Z</time>
   </trkpt>
   <trkpt lat="43.2576030" lon="-4.0623960">
    <ele>94.5</ele>
    <time>2026-09-19T10:19:54Z</time>
   </trkpt>
   <trkpt lat="43.2575230" lon="-4.0623800">
    <ele>94.6</ele>
    <time>2026-09-19T10:19:55Z</time>
   </trkpt>
   <trkpt lat="43.2574380" lon="-4.0623670">
    <ele>94.7</ele>
    <time>2026-09-19T10:19:56Z</time>
   </trkpt>
   <trkpt lat="43.2573510" lon="-4.0623580">
    <ele>94.8</ele>
    <time>2026-09-19T10:19:57Z</time>
   </trkpt>
   <trkpt lat="43.2572640" lon="-4.0623490">
    <ele>94.9</ele>
    <time>2026-09-19T10:19:58Z</time>
   </trkpt>
   <trkpt lat="43.2571750" lon="-4.0623420">
    <ele>95.0</ele>
    <time>2026-09-19T10:19:59Z</time>
   </trkpt>
   <trkpt lat="43.2570800" lon="-4.0623380">
    <ele>95.1</ele>
    <time>2026-09-19T10:20:00Z</time>
   </trkpt>
   <trkpt lat="43.2569890" lon="-4.0623410">
    <ele>95.2</ele>
    <time>2026-09-19T10:20:01Z</time>
   </trkpt>
   <trkpt lat="43.2568940" lon="-4.0623430">
    <ele>95.3</ele>
    <time>2026-09-19T10:20:02Z</time>
   </trkpt>
   <trkpt lat="43.2568010" lon="-4.0623460">
    <ele>95.4</ele>
    <time>2026-09-19T10:20:03Z</time>
   </trkpt>
   <trkpt lat="43.2567060" lon="-4.0623460">
    <ele>95.5</ele>
    <time>2026-09-19T10:20:04Z</time>
   </trkpt>
   <trkpt lat="43.2566130" lon="-4.0623460">
    <ele>95.6</ele>
    <time>2026-09-19T10:20:05Z</time>
   </trkpt>
   <trkpt lat="43.2565270" lon="-4.0623490">
    <ele>95.7</ele>
    <time>2026-09-19T10:20:06Z</time>
   </trkpt>
   <trkpt lat="43.2564370" lon="-4.0623540">
    <ele>95.8</ele>
    <time>2026-09-19T10:20:07Z</time>
   </trkpt>
   <trkpt lat="43.2563520" lon="-4.0623590">
    <ele>95.9</ele>
    <time>2026-09-19T10:20:08Z</time>
   </trkpt>
   <trkpt lat="43.2562670" lon="-4.0623610">
    <ele>96.0</ele>
    <time>2026-09-19T10:20:09Z</time>
   </trkpt>
   <trkpt lat="43.2561900" lon="-4.0623630">
    <ele>96.1</ele>
    <time>2026-09-19T10:20:10Z</time>
   </trkpt>
   <trkpt lat="43.2561190" lon="-4.0623670">
    <ele>96.2</ele>
    <time>2026-09-19T10:20:11Z</time>
   </trkpt>
   <trkpt lat="43.2560560" lon="-4.0623770">
    <ele>96.2</ele>
    <time>2026-09-19T10:20:12Z</time>
   </trkpt>
   <trkpt lat="43.2559990" lon="-4.0623930">
    <ele>96.3</ele>
    <time>2026-09-19T10:20:13Z</time>
   </trkpt>
   <trkpt lat="43.2559430" lon="-4.0624150">
    <ele>96.3</ele>
    <time>2026-09-19T10:20:14Z</time>
   </trkpt>
   <trkpt lat="43.2558850" lon="-4.0624470">
    <ele>96.4</ele>
    <time>2026-09-19T10:20:15Z</time>
   </trkpt>
   <trkpt lat="43.2558280" lon="-4.0624690">
    <ele>96.4</ele>
    <time>2026-09-19T10:20:16Z</time>
   </trkpt>
   <trkpt lat="43.2557720" lon="-4.0624550">
    <ele>96.4</ele>
    <time>2026-09-19T10:20:17Z</time>
   </trkpt>
   <trkpt lat="43.2557300" lon="-4.0624030">
    <ele>96.2</ele>
    <time>2026-09-19T10:20:18Z</time>
   </trkpt>
   <trkpt lat="43.2557040" lon="-4.0623200">
    <ele>96.2</ele>
    <time>2026-09-19T10:20:19Z</time>
   </trkpt>
   <trkpt lat="43.2556850" lon="-4.0622290">
    <ele>96.3</ele>
    <time>2026-09-19T10:20:20Z</time>
   </trkpt>
   <trkpt lat="43.2556520" lon="-4.0621350">
    <ele>96.4</ele>
    <time>2026-09-19T10:20:21Z</time>
   </trkpt>
   <trkpt lat="43.2556100" lon="-4.0620360">
    <ele>96.5</ele>
    <time>2026-09-19T10:20:22Z</time>
   </trkpt>
   <trkpt lat="43.2555650" lon="-4.0619320">
    <ele>96.6</ele>
    <time>2026-09-19T10:20:23Z</time>
   </trkpt>
   <trkpt lat="43.2555170" lon="-4.0618270">
    <ele>96.7</ele>
    <time>2026-09-19T10:20:24Z</time>
   </trkpt>
   <trkpt lat="43.2554660" lon="-4.0617160">
    <ele>96.8</ele>
    <time>2026-09-19T10:20:25Z</time>
   </trkpt>
   <trkpt lat="43.2554160" lon="-4.0616020">
    <ele>96.9</ele>
    <time>2026-09-19T10:20:26Z</time>
   </trkpt>
   <trkpt lat="43.2553620" lon="-4.0614860">
    <ele>97.0</ele>
    <time>2026-09-19T10:20:27Z</time>
   </trkpt>
   <trkpt lat="43.2553060" lon="-4.0613660">
    <ele>97.1</ele>
    <time>2026-09-19T10:20:28Z</time>
   </trkpt>
   <trkpt lat="43.2552560" lon="-4.0612540">
    <ele>97.2</ele>
    <time>2026-09-19T10:20:29Z</time>
   </trkpt>
   <trkpt lat="43.2552020" lon="-4.0611350">
    <ele>97.3</ele>
    <time>2026-09-19T10:20:30Z</time>
   </trkpt>
   <trkpt lat="43.2551510" lon="-4.0610210">
    <ele>97.3</ele>
    <time>2026-09-19T10:20:31Z</time>
   </trkpt>
   <trkpt lat="43.2551010" lon="-4.0609040">
    <ele>97.4</ele>
    <time>2026-09-19T10:20:32Z</time>
   </trkpt>
   <trkpt lat="43.2550520" lon="-4.0607910">
    <ele>97.4</ele>
    <time>2026-09-19T10:20:33Z</time>
   </trkpt>
   <trkpt lat="43.2550000" lon="-4.0606720">
    <ele>97.5</ele>
    <time>2026-09-19T10:20:34Z</time>
   </trkpt>
   <trkpt lat="43.2549490" lon="-4.0605590">
    <ele>97.6</ele>
    <time>2026-09-19T10:20:35Z</time>
   </trkpt>
   <trkpt lat="43.2548950" lon="-4.0604480">
    <ele>97.7</ele>
    <time>2026-09-19T10:20:36Z</time>
   </trkpt>
   <trkpt lat="43.2548410" lon="-4.0603320">
    <ele>97.8</ele>
    <time>2026-09-19T10:20:37Z</time>
   </trkpt>
   <trkpt lat="43.2547870" lon="-4.0602170">
    <ele>97.9</ele>
    <time>2026-09-19T10:20:38Z</time>
   </trkpt>
   <trkpt lat="43.2547290" lon="-4.0600900">
    <ele>98.1</ele>
    <time>2026-09-19T10:20:39Z</time>
   </trkpt>
   <trkpt lat="43.2546980" lon="-4.0599570">
    <ele>98.3</ele>
    <time>2026-09-19T10:20:40Z</time>
   </trkpt>
   <trkpt lat="43.2546840" lon="-4.0598120">
    <ele>98.5</ele>
    <time>2026-09-19T10:20:41Z</time>
   </trkpt>
   <trkpt lat="43.2546840" lon="-4.0596630">
    <ele>98.7</ele>
    <time>2026-09-19T10:20:42Z</time>
   </trkpt>
   <trkpt lat="43.2546900" lon="-4.0595090">
    <ele>99.0</ele>
    <time>2026-09-19T10:20:43Z</time>
   </trkpt>
   <trkpt lat="43.2546940" lon="-4.0593590">
    <ele>99.2</ele>
    <time>2026-09-19T10:20:44Z</time>
   </trkpt>
   <trkpt lat="43.2546990" lon="-4.0592010">
    <ele>99.4</ele>
    <time>2026-09-19T10:20:45Z</time>
   </trkpt>
   <trkpt lat="43.2547040" lon="-4.0590480">
    <ele>99.5</ele>
    <time>2026-09-19T10:20:46Z</time>
   </trkpt>
   <trkpt lat="43.2547090" lon="-4.0588950">
    <ele>99.7</ele>
    <time>2026-09-19T10:20:47Z</time>
   </trkpt>
   <trkpt lat="43.2547160" lon="-4.0587510">
    <ele>99.7</ele>
    <time>2026-09-19T10:20:48Z</time>
   </trkpt>
   <trkpt lat="43.2547230" lon="-4.0586110">
    <ele>99.7</ele>
    <time>2026-09-19T10:20:49Z</time>
   </trkpt>
   <trkpt lat="43.2547330" lon="-4.0584910">
    <ele>99.7</ele>
    <time>2026-09-19T10:20:50Z</time>
   </trkpt>
   <trkpt lat="43.2547260" lon="-4.0583890">
    <ele>99.7</ele>
    <time>2026-09-19T10:20:51Z</time>
   </trkpt>
   <trkpt lat="43.2547020" lon="-4.0583060">
    <ele>99.7</ele>
    <time>2026-09-19T10:20:52Z</time>
   </trkpt>
   <trkpt lat="43.2546610" lon="-4.0582500">
    <ele>99.7</ele>
    <time>2026-09-19T10:20:53Z</time>
   </trkpt>
   <trkpt lat="43.2546010" lon="-4.0582340">
    <ele>99.8</ele>
    <time>2026-09-19T10:20:54Z</time>
   </trkpt>
   <trkpt lat="43.2545340" lon="-4.0582550">
    <ele>99.8</ele>
    <time>2026-09-19T10:20:55Z</time>
   </trkpt>
   <trkpt lat="43.2544680" lon="-4.0582960">
    <ele>99.8</ele>
    <time>2026-09-19T10:20:56Z</time>
   </trkpt>
   <trkpt lat="43.2544030" lon="-4.0583460">
    <ele>99.7</ele>
    <time>2026-09-19T10:20:57Z</time>
   </trkpt>
   <trkpt lat="43.2543270" lon="-4.0584030">
    <ele>99.8</ele>
    <time>2026-09-19T10:20:58Z</time>
   </trkpt>
   <trkpt lat="43.2542490" lon="-4.0584430">
    <ele>99.7</ele>
    <time>2026-09-19T10:20:59Z</time>
   </trkpt>
   <trkpt lat="43.2541620" lon="-4.0584640">
    <ele>99.5</ele>
    <time>2026-09-19T10:21:00Z</time>
   </trkpt>
   <trkpt lat="43.2540650" lon="-4.0584700">
    <ele>99.1</ele>
    <time>2026-09-19T10:21:01Z</time>
   </trkpt>
   <trkpt lat="43.2539660" lon="-4.0584690">
    <ele>98.5</ele>
    <time>2026-09-19T10:21:02Z</time>
   </trkpt>
   <trkpt lat="43.2538660" lon="-4.0584580">
    <ele>97.9</ele>
    <time>2026-09-19T10:21:03Z</time>
   </trkpt>
   <trkpt lat="43.2537660" lon="-4.0584420">
    <ele>97.4</ele>
    <time>2026-09-19T10:21:04Z</time>
   </trkpt>
   <trkpt lat="43.2536690" lon="-4.0584170">
    <ele>97.0</ele>
    <time>2026-09-19T10:21:05Z</time>
   </trkpt>
   <trkpt lat="43.2535690" lon="-4.0583800">
    <ele>96.7</ele>
    <time>2026-09-19T10:21:06Z</time>
   </trkpt>
   <trkpt lat="43.2534750" lon="-4.0583310">
    <ele>96.5</ele>
    <time>2026-09-19T10:21:07Z</time>
   </trkpt>
   <trkpt lat="43.2533790" lon="-4.0582690">
    <ele>96.4</ele>
    <time>2026-09-19T10:21:08Z</time>
   </trkpt>
   <trkpt lat="43.2532900" lon="-4.0582020">
    <ele>96.4</ele>
    <time>2026-09-19T10:21:09Z</time>
   </trkpt>
   <trkpt lat="43.2531990" lon="-4.0581350">
    <ele>96.5</ele>
    <time>2026-09-19T10:21:10Z</time>
   </trkpt>
   <trkpt lat="43.2531080" lon="-4.0580910">
    <ele>96.5</ele>
    <time>2026-09-19T10:21:11Z</time>
   </trkpt>
   <trkpt lat="43.2530210" lon="-4.0580580">
    <ele>96.6</ele>
    <time>2026-09-19T10:21:12Z</time>
   </trkpt>
   <trkpt lat="43.2529390" lon="-4.0580220">
    <ele>96.7</ele>
    <time>2026-09-19T10:21:13Z</time>
   </trkpt>
   <trkpt lat="43.2528730" lon="-4.0579660">
    <ele>96.8</ele>
    <time>2026-09-19T10:21:14Z</time>
   </trkpt>
   <trkpt lat="43.2528160" lon="-4.0578710">
    <ele>97.0</ele>
    <time>2026-09-19T10:21:15Z</time>
   </trkpt>
   <trkpt lat="43.2527740" lon="-4.0577650">
    <ele>97.2</ele>
    <time>2026-09-19T10:21:16Z</time>
   </trkpt>
   <trkpt lat="43.2527360" lon="-4.0576500">
    <ele>97.4</ele>
    <time>2026-09-19T10:21:17Z</time>
   </trkpt>
   <trkpt lat="43.2527050" lon="-4.0575470">
    <ele>97.6</ele>
    <time>2026-09-19T10:21:18Z</time>
   </trkpt>
   <trkpt lat="43.2526730" lon="-4.0574460">
    <ele>97.7</ele>
    <time>2026-09-19T10:21:19Z</time>
   </trkpt>
   <trkpt lat="43.2526440" lon="-4.0573560">
    <ele>97.8</ele>
    <time>2026-09-19T10:21:20Z</time>
   </trkpt>
   <trkpt lat="43.2526190" lon="-4.0572800">
    <ele>97.9</ele>
    <time>2026-09-19T10:21:21Z</time>
   </trkpt>
   <trkpt lat="43.2525980" lon="-4.0572160">
    <ele>97.9</ele>
    <time>2026-09-19T10:21:22Z</time>
   </trkpt>
   <trkpt lat="43.2525940" lon="-4.0571550">
    <ele>98.0</ele>
    <time>2026-09-19T10:21:23Z</time>
   </trkpt>
   <trkpt lat="43.2525980" lon="-4.0571010">
    <ele>98.1</ele>
    <time>2026-09-19T10:21:24Z</time>
   </trkpt>
   <trkpt lat="43.2525910" lon="-4.0570600">
    <ele>98.1</ele>
    <time>2026-09-19T10:21:25Z</time>
   </trkpt>
   <trkpt lat="43.2525770" lon="-4.0570370">
    <ele>98.2</ele>
    <time>2026-09-19T10:21:26Z</time>
   </trkpt>
   <trkpt lat="43.2525600" lon="-4.0570210">
    <ele>98.2</ele>
    <time>2026-09-19T10:21:27Z</time>
   </trkpt>
   <trkpt lat="43.2525590" lon="-4.0570210">
    <ele>98.2</ele>
    <time>2026-09-19T10:21:28Z</time>
   </trkpt>
   <trkpt lat="43.2525590" lon="-4.0570220">
    <ele>98.2</ele>
    <time>2026-09-19T10:21:29Z</time>
   </trkpt>
   <trkpt lat="43.2525580" lon="-4.0570220">
    <ele>98.2</ele>
    <time>2026-09-19T10:21:30Z</time>
   </trkpt>
   <trkpt lat="43.2525570" lon="-4.0570220">
    <ele>98.2</ele>
    <time>2026-09-19T10:21:31Z</time>
   </trkpt>
   <trkpt lat="43.2525560" lon="-4.0570230">
    <ele>98.2</ele>
    <time>2026-09-19T10:21:32Z</time>
   </trkpt>
   <trkpt lat="43.2525560" lon="-4.0570230">
    <ele>98.2</ele>
    <time>2026-09-19T10:21:33Z</time>
   </trkpt>
   <trkpt lat="43.2525550" lon="-4.0570230">
    <ele>98.2</ele>
    <time>2026-09-19T10:21:34Z</time>
   </trkpt>
   <trkpt lat="43.2525540" lon="-4.0570240">
    <ele>98.2</ele>
    <time>2026-09-19T10:21:35Z</time>
   </trkpt>
   <trkpt lat="43.2525540" lon="-4.0570240">
    <ele>98.2</ele>
    <time>2026-09-19T10:21:36Z</time>
   </trkpt>
   <trkpt lat="43.2525530" lon="-4.0570250">
    <ele>98.2</ele>
    <time>2026-09-19T10:21:37Z</time>
   </trkpt>
   <trkpt lat="43.2525520" lon="-4.0570250">
    <ele>98.2</ele>
    <time>2026-09-19T10:21:38Z</time>
   </trkpt>
   <trkpt lat="43.2525520" lon="-4.0570250">
    <ele>98.2</ele>
    <time>2026-09-19T10:21:39Z</time>
   </trkpt>
   <trkpt lat="43.2525490" lon="-4.0570270">
    <ele>98.2</ele>
    <time>2026-09-19T10:21:43Z</time>
   </trkpt>
   <trkpt lat="43.2525480" lon="-4.0570270">
    <ele>98.2</ele>
    <time>2026-09-19T10:21:44Z</time>
   </trkpt>
   <trkpt lat="43.2525470" lon="-4.0570270">
    <ele>98.2</ele>
    <time>2026-09-19T10:21:45Z</time>
   </trkpt>
   <trkpt lat="43.2525470" lon="-4.0570280">
    <ele>98.2</ele>
    <time>2026-09-19T10:21:46Z</time>
   </trkpt>
   <trkpt lat="43.2525460" lon="-4.0570280">
    <ele>98.2</ele>
    <time>2026-09-19T10:21:47Z</time>
   </trkpt>
   <trkpt lat="43.2525450" lon="-4.0570280">
    <ele>98.2</ele>
    <time>2026-09-19T10:21:48Z</time>
   </trkpt>
   <trkpt lat="43.2525450" lon="-4.0570290">
    <ele>98.2</ele>
    <time>2026-09-19T10:21:49Z</time>
   </trkpt>
   <trkpt lat="43.2525440" lon="-4.0570290">
    <ele>98.2</ele>
    <time>2026-09-19T10:21:50Z</time>
   </trkpt>
   <trkpt lat="43.2525430" lon="-4.0570290">
    <ele>98.2</ele>
    <time>2026-09-19T10:21:51Z</time>
   </trkpt>
   <trkpt lat="43.2525420" lon="-4.0570300">
    <ele>98.2</ele>
    <time>2026-09-19T10:21:52Z</time>
   </trkpt>
   <trkpt lat="43.2525420" lon="-4.0570300">
    <ele>98.2</ele>
    <time>2026-09-19T10:21:53Z</time>
   </trkpt>
   <trkpt lat="43.2525410" lon="-4.0570300">
    <ele>98.2</ele>
    <time>2026-09-19T10:21:54Z</time>
   </trkpt>
   <trkpt lat="43.2525400" lon="-4.0570310">
    <ele>98.2</ele>
    <time>2026-09-19T10:21:55Z</time>
   </trkpt>
   <trkpt lat="43.2525400" lon="-4.0570310">
    <ele>98.2</ele>
    <time>2026-09-19T10:21:56Z</time>
   </trkpt>
   <trkpt lat="43.2524950" lon="-4.0570530">
    <ele>98.2</ele>
    <time>2026-09-19T10:22:59Z</time>
   </trkpt>
   <trkpt lat="43.2524950" lon="-4.0570540">
    <ele>98.2</ele>
    <time>2026-09-19T10:23:00Z</time>
   </trkpt>
   <trkpt lat="43.2524940" lon="-4.0570540">
    <ele>98.2</ele>
    <time>2026-09-19T10:23:01Z</time>
   </trkpt>
   <trkpt lat="43.2524930" lon="-4.0570540">
    <ele>98.2</ele>
    <time>2026-09-19T10:23:02Z</time>
   </trkpt>
   <trkpt lat="43.2524920" lon="-4.0570550">
    <ele>98.2</ele>
    <time>2026-09-19T10:23:03Z</time>
   </trkpt>
   <trkpt lat="43.2524920" lon="-4.0570550">
    <ele>98.2</ele>
    <time>2026-09-19T10:23:04Z</time>
   </trkpt>
   <trkpt lat="43.2524910" lon="-4.0570550">
    <ele>98.2</ele>
    <time>2026-09-19T10:23:05Z</time>
   </trkpt>
   <trkpt lat="43.2524900" lon="-4.0570560">
    <ele>98.2</ele>
    <time>2026-09-19T10:23:06Z</time>
   </trkpt>
   <trkpt lat="43.2524900" lon="-4.0570560">
    <ele>98.2</ele>
    <time>2026-09-19T10:23:07Z</time>
   </trkpt>
   <trkpt lat="43.2524890" lon="-4.0570570">
    <ele>98.2</ele>
    <time>2026-09-19T10:23:08Z</time>
   </trkpt>
   <trkpt lat="43.2524880" lon="-4.0570570">
    <ele>98.2</ele>
    <time>2026-09-19T10:23:09Z</time>
   </trkpt>
   <trkpt lat="43.2524880" lon="-4.0570570">
    <ele>98.2</ele>
    <time>2026-09-19T10:23:10Z</time>
   </trkpt>
   <trkpt lat="43.2524870" lon="-4.0570580">
    <ele>98.2</ele>
    <time>2026-09-19T10:23:11Z</time>
   </trkpt>
   <trkpt lat="43.2524860" lon="-4.0570580">
    <ele>98.2</ele>
    <time>2026-09-19T10:23:12Z</time>
   </trkpt>
   <trkpt lat="43.2524850" lon="-4.0570580">
    <ele>98.2</ele>
    <time>2026-09-19T10:23:13Z</time>
   </trkpt>
   <trkpt lat="43.2524850" lon="-4.0570590">
    <ele>98.2</ele>
    <time>2026-09-19T10:23:14Z</time>
   </trkpt>
   <trkpt lat="43.2524840" lon="-4.0570590">
    <ele>98.2</ele>
    <time>2026-09-19T10:23:15Z</time>
   </trkpt>
   <trkpt lat="43.2524830" lon="-4.0570590">
    <ele>98.2</ele>
    <time>2026-09-19T10:23:16Z</time>
   </trkpt>
   <trkpt lat="43.2524830" lon="-4.0570600">
    <ele>98.2</ele>
    <time>2026-09-19T10:23:17Z</time>
   </trkpt>
   <trkpt lat="43.2524820" lon="-4.0570600">
    <ele>98.2</ele>
    <time>2026-09-19T10:23:18Z</time>
   </trkpt>
   <trkpt lat="43.2524810" lon="-4.0570600">
    <ele>98.2</ele>
    <time>2026-09-19T10:23:19Z</time>
   </trkpt>
   <trkpt lat="43.2524590" lon="-4.0570720">
    <ele>98.3</ele>
    <time>2026-09-19T10:23:51Z</time>
   </trkpt>
   <trkpt lat="43.2524580" lon="-4.0570720">
    <ele>98.3</ele>
    <time>2026-09-19T10:23:52Z</time>
   </trkpt>
   <trkpt lat="43.2524150" lon="-4.0570760">
    <ele>98.3</ele>
    <time>2026-09-19T10:23:53Z</time>
   </trkpt>
   <trkpt lat="43.2523640" lon="-4.0570800">
    <ele>98.3</ele>
    <time>2026-09-19T10:23:54Z</time>
   </trkpt>
   <trkpt lat="43.2523120" lon="-4.0570880">
    <ele>98.3</ele>
    <time>2026-09-19T10:23:55Z</time>
   </trkpt>
   <trkpt lat="43.2522560" lon="-4.0570990">
    <ele>98.4</ele>
    <time>2026-09-19T10:23:56Z</time>
   </trkpt>
   <trkpt lat="43.2521900" lon="-4.0571120">
    <ele>98.4</ele>
    <time>2026-09-19T10:23:57Z</time>
   </trkpt>
   <trkpt lat="43.2521250" lon="-4.0571240">
    <ele>98.5</ele>
    <time>2026-09-19T10:23:58Z</time>
   </trkpt>
   <trkpt lat="43.2520540" lon="-4.0571370">
    <ele>98.5</ele>
    <time>2026-09-19T10:23:59Z</time>
   </trkpt>
   <trkpt lat="43.2519800" lon="-4.0571510">
    <ele>98.6</ele>
    <time>2026-09-19T10:24:00Z</time>
   </trkpt>
   <trkpt lat="43.2519030" lon="-4.0571670">
    <ele>98.7</ele>
    <time>2026-09-19T10:24:01Z</time>
   </trkpt>
   <trkpt lat="43.2518240" lon="-4.0571910">
    <ele>98.8</ele>
    <time>2026-09-19T10:24:02Z</time>
   </trkpt>
   <trkpt lat="43.2517380" lon="-4.0572270">
    <ele>98.9</ele>
    <time>2026-09-19T10:24:03Z</time>
   </trkpt>
   <trkpt lat="43.2516590" lon="-4.0572700">
    <ele>98.9</ele>
    <time>2026-09-19T10:24:04Z</time>
   </trkpt>
   <trkpt lat="43.2515810" lon="-4.0573240">
    <ele>99.0</ele>
    <time>2026-09-19T10:24:05Z</time>
   </trkpt>
   <trkpt lat="43.2515010" lon="-4.0573840">
    <ele>99.0</ele>
    <time>2026-09-19T10:24:06Z</time>
   </trkpt>
   <trkpt lat="43.2514180" lon="-4.0574460">
    <ele>99.1</ele>
    <time>2026-09-19T10:24:07Z</time>
   </trkpt>
   <trkpt lat="43.2513340" lon="-4.0575070">
    <ele>99.2</ele>
    <time>2026-09-19T10:24:08Z</time>
   </trkpt>
   <trkpt lat="43.2512480" lon="-4.0575550">
    <ele>99.3</ele>
    <time>2026-09-19T10:24:09Z</time>
   </trkpt>
   <trkpt lat="43.2511560" lon="-4.0575850">
    <ele>99.3</ele>
    <time>2026-09-19T10:24:10Z</time>
   </trkpt>
   <trkpt lat="43.2510690" lon="-4.0576020">
    <ele>99.4</ele>
    <time>2026-09-19T10:24:11Z</time>
   </trkpt>
   <trkpt lat="43.2509740" lon="-4.0576070">
    <ele>99.5</ele>
    <time>2026-09-19T10:24:12Z</time>
   </trkpt>
   <trkpt lat="43.2508740" lon="-4.0576070">
    <ele>99.5</ele>
    <time>2026-09-19T10:24:13Z</time>
   </trkpt>
   <trkpt lat="43.2507690" lon="-4.0575980">
    <ele>99.6</ele>
    <time>2026-09-19T10:24:14Z</time>
   </trkpt>
   <trkpt lat="43.2506690" lon="-4.0575940">
    <ele>99.6</ele>
    <time>2026-09-19T10:24:15Z</time>
   </trkpt>
   <trkpt lat="43.2505680" lon="-4.0575890">
    <ele>99.6</ele>
    <time>2026-09-19T10:24:16Z</time>
   </trkpt>
   <trkpt lat="43.2504690" lon="-4.0575900">
    <ele>99.6</ele>
    <time>2026-09-19T10:24:17Z</time>
   </trkpt>
   <trkpt lat="43.2503740" lon="-4.0575930">
    <ele>99.7</ele>
    <time>2026-09-19T10:24:18Z</time>
   </trkpt>
   <trkpt lat="43.2502770" lon="-4.0575990">
    <ele>99.7</ele>
    <time>2026-09-19T10:24:19Z</time>
   </trkpt>
   <trkpt lat="43.2501830" lon="-4.0576150">
    <ele>99.8</ele>
    <time>2026-09-19T10:24:20Z</time>
   </trkpt>
   <trkpt lat="43.2500950" lon="-4.0576420">
    <ele>99.9</ele>
    <time>2026-09-19T10:24:21Z</time>
   </trkpt>
   <trkpt lat="43.2500110" lon="-4.0576780">
    <ele>99.9</ele>
    <time>2026-09-19T10:24:22Z</time>
   </trkpt>
   <trkpt lat="43.2499250" lon="-4.0577270">
    <ele>100.0</ele>
    <time>2026-09-19T10:24:23Z</time>
   </trkpt>
   <trkpt lat="43.2498340" lon="-4.0577830">
    <ele>100.1</ele>
    <time>2026-09-19T10:24:24Z</time>
   </trkpt>
   <trkpt lat="43.2497460" lon="-4.0578470">
    <ele>100.2</ele>
    <time>2026-09-19T10:24:25Z</time>
   </trkpt>
   <trkpt lat="43.2496590" lon="-4.0579250">
    <ele>100.3</ele>
    <time>2026-09-19T10:24:26Z</time>
   </trkpt>
   <trkpt lat="43.2495690" lon="-4.0580110">
    <ele>100.4</ele>
    <time>2026-09-19T10:24:27Z</time>
   </trkpt>
   <trkpt lat="43.2494780" lon="-4.0580850">
    <ele>100.4</ele>
    <time>2026-09-19T10:24:28Z</time>
   </trkpt>
   <trkpt lat="43.2493860" lon="-4.0581470">
    <ele>100.5</ele>
    <time>2026-09-19T10:24:29Z</time>
   </trkpt>
   <trkpt lat="43.2492950" lon="-4.0581950">
    <ele>100.6</ele>
    <time>2026-09-19T10:24:30Z</time>
   </trkpt>
   <trkpt lat="43.2492100" lon="-4.0582360">
    <ele>100.7</ele>
    <time>2026-09-19T10:24:31Z</time>
   </trkpt>
   <trkpt lat="43.2491310" lon="-4.0582730">
    <ele>100.8</ele>
    <time>2026-09-19T10:24:32Z</time>
   </trkpt>
   <trkpt lat="43.2490510" lon="-4.0583030">
    <ele>100.9</ele>
    <time>2026-09-19T10:24:33Z</time>
   </trkpt>
   <trkpt lat="43.2489690" lon="-4.0583260">
    <ele>101.0</ele>
    <time>2026-09-19T10:24:34Z</time>
   </trkpt>
   <trkpt lat="43.2488830" lon="-4.0583390">
    <ele>101.1</ele>
    <time>2026-09-19T10:24:35Z</time>
   </trkpt>
   <trkpt lat="43.2487950" lon="-4.0583370">
    <ele>101.2</ele>
    <time>2026-09-19T10:24:36Z</time>
   </trkpt>
   <trkpt lat="43.2487070" lon="-4.0583280">
    <ele>101.3</ele>
    <time>2026-09-19T10:24:37Z</time>
   </trkpt>
   <trkpt lat="43.2486170" lon="-4.0583160">
    <ele>101.3</ele>
    <time>2026-09-19T10:24:38Z</time>
   </trkpt>
   <trkpt lat="43.2485240" lon="-4.0583010">
    <ele>101.4</ele>
    <time>2026-09-19T10:24:39Z</time>
   </trkpt>
   <trkpt lat="43.2484340" lon="-4.0582830">
    <ele>101.5</ele>
    <time>2026-09-19T10:24:40Z</time>
   </trkpt>
   <trkpt lat="43.2483480" lon="-4.0582670">
    <ele>101.6</ele>
    <time>2026-09-19T10:24:41Z</time>
   </trkpt>
   <trkpt lat="43.2482660" lon="-4.0582580">
    <ele>101.7</ele>
    <time>2026-09-19T10:24:42Z</time>
   </trkpt>
   <trkpt lat="43.2481830" lon="-4.0582650">
    <ele>101.8</ele>
    <time>2026-09-19T10:24:43Z</time>
   </trkpt>
   <trkpt lat="43.2481000" lon="-4.0582970">
    <ele>102.0</ele>
    <time>2026-09-19T10:24:44Z</time>
   </trkpt>
   <trkpt lat="43.2480200" lon="-4.0583470">
    <ele>102.1</ele>
    <time>2026-09-19T10:24:45Z</time>
   </trkpt>
   <trkpt lat="43.2479370" lon="-4.0584010">
    <ele>102.2</ele>
    <time>2026-09-19T10:24:46Z</time>
   </trkpt>
   <trkpt lat="43.2478570" lon="-4.0584510">
    <ele>102.3</ele>
    <time>2026-09-19T10:24:47Z</time>
   </trkpt>
   <trkpt lat="43.2477790" lon="-4.0585030">
    <ele>102.4</ele>
    <time>2026-09-19T10:24:48Z</time>
   </trkpt>
   <trkpt lat="43.2477000" lon="-4.0585580">
    <ele>102.4</ele>
    <time>2026-09-19T10:24:49Z</time>
   </trkpt>
   <trkpt lat="43.2476240" lon="-4.0586170">
    <ele>102.5</ele>
    <time>2026-09-19T10:24:50Z</time>
   </trkpt>
   <trkpt lat="43.2475420" lon="-4.0586770">
    <ele>102.5</ele>
    <time>2026-09-19T10:24:51Z</time>
   </trkpt>
   <trkpt lat="43.2474630" lon="-4.0587390">
    <ele>102.6</ele>
    <time>2026-09-19T10:24:52Z</time>
   </trkpt>
   <trkpt lat="43.2473880" lon="-4.0588060">
    <ele>102.6</ele>
    <time>2026-09-19T10:24:53Z</time>
   </trkpt>
   <trkpt lat="43.2473120" lon="-4.0588760">
    <ele>102.7</ele>
    <time>2026-09-19T10:24:54Z</time>
   </trkpt>
   <trkpt lat="43.2472370" lon="-4.0589430">
    <ele>102.8</ele>
    <time>2026-09-19T10:24:55Z</time>
   </trkpt>
   <trkpt lat="43.2471600" lon="-4.0590130">
    <ele>102.9</ele>
    <time>2026-09-19T10:24:56Z</time>
   </trkpt>
   <trkpt lat="43.2470860" lon="-4.0590770">
    <ele>102.9</ele>
    <time>2026-09-19T10:24:57Z</time>
   </trkpt>
   <trkpt lat="43.2470110" lon="-4.0591350">
    <ele>103.0</ele>
    <time>2026-09-19T10:24:58Z</time>
   </trkpt>
   <trkpt lat="43.2469440" lon="-4.0592000">
    <ele>103.1</ele>
    <time>2026-09-19T10:24:59Z</time>
   </trkpt>
   <trkpt lat="43.2468740" lon="-4.0592630">
    <ele>103.2</ele>
    <time>2026-09-19T10:25:00Z</time>
   </trkpt>
   <trkpt lat="43.2468020" lon="-4.0593220">
    <ele>103.2</ele>
    <time>2026-09-19T10:25:01Z</time>
   </trkpt>
   <trkpt lat="43.2467260" lon="-4.0593750">
    <ele>103.3</ele>
    <time>2026-09-19T10:25:02Z</time>
   </trkpt>
   <trkpt lat="43.2466460" lon="-4.0594250">
    <ele>103.4</ele>
    <time>2026-09-19T10:25:03Z</time>
   </trkpt>
   <trkpt lat="43.2465690" lon="-4.0594790">
    <ele>103.5</ele>
    <time>2026-09-19T10:25:04Z</time>
   </trkpt>
   <trkpt lat="43.2464890" lon="-4.0595310">
    <ele>103.5</ele>
    <time>2026-09-19T10:25:05Z</time>
   </trkpt>
   <trkpt lat="43.2464060" lon="-4.0595790">
    <ele>103.6</ele>
    <time>2026-09-19T10:25:06Z</time>
   </trkpt>
   <trkpt lat="43.2463230" lon="-4.0596140">
    <ele>103.7</ele>
    <time>2026-09-19T10:25:07Z</time>
   </trkpt>
   <trkpt lat="43.2462350" lon="-4.0596300">
    <ele>103.8</ele>
    <time>2026-09-19T10:25:08Z</time>
   </trkpt>
   <trkpt lat="43.2461490" lon="-4.0596490">
    <ele>103.9</ele>
    <time>2026-09-19T10:25:09Z</time>
   </trkpt>
   <trkpt lat="43.2460750" lon="-4.0596870">
    <ele>104.0</ele>
    <time>2026-09-19T10:25:10Z</time>
   </trkpt>
   <trkpt lat="43.2460000" lon="-4.0597400">
    <ele>104.1</ele>
    <time>2026-09-19T10:25:11Z</time>
   </trkpt>
   <trkpt lat="43.2459200" lon="-4.0597910">
    <ele>104.3</ele>
    <time>2026-09-19T10:25:12Z</time>
   </trkpt>
   <trkpt lat="43.2458400" lon="-4.0598250">
    <ele>104.5</ele>
    <time>2026-09-19T10:25:13Z</time>
   </trkpt>
   <trkpt lat="43.2457620" lon="-4.0598300">
    <ele>104.7</ele>
    <time>2026-09-19T10:25:14Z</time>
   </trkpt>
   <trkpt lat="43.2456920" lon="-4.0598130">
    <ele>104.9</ele>
    <time>2026-09-19T10:25:15Z</time>
   </trkpt>
   <trkpt lat="43.2456270" lon="-4.0597820">
    <ele>105.1</ele>
    <time>2026-09-19T10:25:16Z</time>
   </trkpt>
   <trkpt lat="43.2455650" lon="-4.0597460">
    <ele>105.2</ele>
    <time>2026-09-19T10:25:17Z</time>
   </trkpt>
   <trkpt lat="43.2455060" lon="-4.0597230">
    <ele>105.4</ele>
    <time>2026-09-19T10:25:18Z</time>
   </trkpt>
   <trkpt lat="43.2454580" lon="-4.0597060">
    <ele>105.5</ele>
    <time>2026-09-19T10:25:19Z</time>
   </trkpt>
   <trkpt lat="43.2454120" lon="-4.0596830">
    <ele>105.7</ele>
    <time>2026-09-19T10:25:20Z</time>
   </trkpt>
   <trkpt lat="43.2453660" lon="-4.0596630">
    <ele>105.7</ele>
    <time>2026-09-19T10:25:21Z</time>
   </trkpt>
   <trkpt lat="43.2453310" lon="-4.0596660">
    <ele>105.8</ele>
    <time>2026-09-19T10:25:22Z</time>
   </trkpt>
   <trkpt lat="43.2452970" lon="-4.0596760">
    <ele>105.9</ele>
    <time>2026-09-19T10:25:23Z</time>
   </trkpt>
   <trkpt lat="43.2452610" lon="-4.0596710">
    <ele>106.0</ele>
    <time>2026-09-19T10:25:24Z</time>
   </trkpt>
   <trkpt lat="43.2452340" lon="-4.0596380">
    <ele>106.2</ele>
    <time>2026-09-19T10:25:25Z</time>
   </trkpt>
   <trkpt lat="43.2452090" lon="-4.0595780">
    <ele>106.6</ele>
    <time>2026-09-19T10:25:26Z</time>
   </trkpt>
   <trkpt lat="43.2451770" lon="-4.0595030">
    <ele>106.9</ele>
    <time>2026-09-19T10:25:27Z</time>
   </trkpt>
   <trkpt lat="43.2451370" lon="-4.0594330">
    <ele>107.1</ele>
    <time>2026-09-19T10:25:28Z</time>
   </trkpt>
   <trkpt lat="43.2450930" lon="-4.0593730">
    <ele>107.4</ele>
    <time>2026-09-19T10:25:29Z</time>
   </trkpt>
   <trkpt lat="43.2450410" lon="-4.0593130">
    <ele>107.6</ele>
    <time>2026-09-19T10:25:30Z</time>
   </trkpt>
   <trkpt lat="43.2449810" lon="-4.0592570">
    <ele>107.9</ele>
    <time>2026-09-19T10:25:31Z</time>
   </trkpt>
   <trkpt lat="43.2449200" lon="-4.0592040">
    <ele>108.2</ele>
    <time>2026-09-19T10:25:32Z</time>
   </trkpt>
   <trkpt lat="43.2448530" lon="-4.0591460">
    <ele>108.6</ele>
    <time>2026-09-19T10:25:33Z</time>
   </trkpt>
   <trkpt lat="43.2447900" lon="-4.0590840">
    <ele>109.0</ele>
    <time>2026-09-19T10:25:34Z</time>
   </trkpt>
   <trkpt lat="43.2447270" lon="-4.0590170">
    <ele>109.8</ele>
    <time>2026-09-19T10:25:35Z</time>
   </trkpt>
   <trkpt lat="43.2446670" lon="-4.0589570">
    <ele>110.9</ele>
    <time>2026-09-19T10:25:36Z</time>
   </trkpt>
   <trkpt lat="43.2446090" lon="-4.0588860">
    <ele>112.0</ele>
    <time>2026-09-19T10:25:37Z</time>
   </trkpt>
   <trkpt lat="43.2445600" lon="-4.0588020">
    <ele>113.2</ele>
    <time>2026-09-19T10:25:38Z</time>
   </trkpt>
   <trkpt lat="43.2445170" lon="-4.0586990">
    <ele>114.4</ele>
    <time>2026-09-19T10:25:39Z</time>
   </trkpt>
   <trkpt lat="43.2444760" lon="-4.0585950">
    <ele>115.6</ele>
    <time>2026-09-19T10:25:40Z</time>
   </trkpt>
   <trkpt lat="43.2444300" lon="-4.0584930">
    <ele>116.7</ele>
    <time>2026-09-19T10:25:41Z</time>
   </trkpt>
   <trkpt lat="43.2443820" lon="-4.0584120">
    <ele>117.6</ele>
    <time>2026-09-19T10:25:42Z</time>
   </trkpt>
   <trkpt lat="43.2443270" lon="-4.0583550">
    <ele>118.5</ele>
    <time>2026-09-19T10:25:43Z</time>
   </trkpt>
   <trkpt lat="43.2442680" lon="-4.0583160">
    <ele>119.4</ele>
    <time>2026-09-19T10:25:44Z</time>
   </trkpt>
   <trkpt lat="43.2442090" lon="-4.0582760">
    <ele>120.4</ele>
    <time>2026-09-19T10:25:45Z</time>
   </trkpt>
   <trkpt lat="43.2441460" lon="-4.0582100">
    <ele>121.7</ele>
    <time>2026-09-19T10:25:46Z</time>
   </trkpt>
   <trkpt lat="43.2441000" lon="-4.0581320">
    <ele>123.0</ele>
    <time>2026-09-19T10:25:47Z</time>
   </trkpt>
   <trkpt lat="43.2440710" lon="-4.0580380">
    <ele>124.5</ele>
    <time>2026-09-19T10:25:48Z</time>
   </trkpt>
   <trkpt lat="43.2440500" lon="-4.0579410">
    <ele>125.9</ele>
    <time>2026-09-19T10:25:49Z</time>
   </trkpt>
   <trkpt lat="43.2440300" lon="-4.0578440">
    <ele>127.4</ele>
    <time>2026-09-19T10:25:50Z</time>
   </trkpt>
   <trkpt lat="43.2439930" lon="-4.0577680">
    <ele>128.8</ele>
    <time>2026-09-19T10:25:51Z</time>
   </trkpt>
   <trkpt lat="43.2439430" lon="-4.0577030">
    <ele>130.2</ele>
    <time>2026-09-19T10:25:52Z</time>
   </trkpt>
   <trkpt lat="43.2438820" lon="-4.0576450">
    <ele>131.7</ele>
    <time>2026-09-19T10:25:53Z</time>
   </trkpt>
   <trkpt lat="43.2438230" lon="-4.0575920">
    <ele>133.1</ele>
    <time>2026-09-19T10:25:54Z</time>
   </trkpt>
   <trkpt lat="43.2437700" lon="-4.0575390">
    <ele>134.5</ele>
    <time>2026-09-19T10:25:55Z</time>
   </trkpt>
   <trkpt lat="43.2437120" lon="-4.0574860">
    <ele>136.0</ele>
    <time>2026-09-19T10:25:56Z</time>
   </trkpt>
   <trkpt lat="43.2436420" lon="-4.0574400">
    <ele>137.6</ele>
    <time>2026-09-19T10:25:57Z</time>
   </trkpt>
   <trkpt lat="43.2435630" lon="-4.0574090">
    <ele>139.2</ele>
    <time>2026-09-19T10:25:58Z</time>
   </trkpt>
   <trkpt lat="43.2434820" lon="-4.0573910">
    <ele>140.7</ele>
    <time>2026-09-19T10:25:59Z</time>
   </trkpt>
   <trkpt lat="43.2434030" lon="-4.0573810">
    <ele>142.2</ele>
    <time>2026-09-19T10:26:00Z</time>
   </trkpt>
   <trkpt lat="43.2433210" lon="-4.0573720">
    <ele>143.7</ele>
    <time>2026-09-19T10:26:01Z</time>
   </trkpt>
   <trkpt lat="43.2432410" lon="-4.0573650">
    <ele>145.1</ele>
    <time>2026-09-19T10:26:02Z</time>
   </trkpt>
   <trkpt lat="43.2431650" lon="-4.0573500">
    <ele>146.4</ele>
    <time>2026-09-19T10:26:03Z</time>
   </trkpt>
   <trkpt lat="43.2430910" lon="-4.0573230">
    <ele>147.9</ele>
    <time>2026-09-19T10:26:04Z</time>
   </trkpt>
   <trkpt lat="43.2430130" lon="-4.0572890">
    <ele>149.5</ele>
    <time>2026-09-19T10:26:05Z</time>
   </trkpt>
   <trkpt lat="43.2429400" lon="-4.0572530">
    <ele>151.3</ele>
    <time>2026-09-19T10:26:06Z</time>
   </trkpt>
   <trkpt lat="43.2428710" lon="-4.0571990">
    <ele>153.1</ele>
    <time>2026-09-19T10:26:07Z</time>
   </trkpt>
   <trkpt lat="43.2428090" lon="-4.0571400">
    <ele>155.0</ele>
    <time>2026-09-19T10:26:08Z</time>
   </trkpt>
   <trkpt lat="43.2427540" lon="-4.0570740">
    <ele>156.8</ele>
    <time>2026-09-19T10:26:09Z</time>
   </trkpt>
   <trkpt lat="43.2427060" lon="-4.0569910">
    <ele>158.9</ele>
    <time>2026-09-19T10:26:10Z</time>
   </trkpt>
   <trkpt lat="43.2426590" lon="-4.0569140">
    <ele>160.9</ele>
    <time>2026-09-19T10:26:11Z</time>
   </trkpt>
   <trkpt lat="43.2426080" lon="-4.0568560">
    <ele>162.7</ele>
    <time>2026-09-19T10:26:12Z</time>
   </trkpt>
   <trkpt lat="43.2425800" lon="-4.0568370">
    <ele>163.5</ele>
    <time>2026-09-19T10:26:13Z</time>
   </trkpt>
   <trkpt lat="43.2425610" lon="-4.0568490">
    <ele>164.0</ele>
    <time>2026-09-19T10:26:14Z</time>
   </trkpt>
   <trkpt lat="43.2425350" lon="-4.0568860">
    <ele>165.0</ele>
    <time>2026-09-19T10:26:15Z</time>
   </trkpt>
   <trkpt lat="43.2425140" lon="-4.0569460">
    <ele>166.2</ele>
    <time>2026-09-19T10:26:16Z</time>
   </trkpt>
   <trkpt lat="43.2424880" lon="-4.0570130">
    <ele>167.6</ele>
    <time>2026-09-19T10:26:17Z</time>
   </trkpt>
   <trkpt lat="43.2424580" lon="-4.0570700">
    <ele>168.9</ele>
    <time>2026-09-19T10:26:18Z</time>
   </trkpt>
   <trkpt lat="43.2424110" lon="-4.0571160">
    <ele>170.3</ele>
    <time>2026-09-19T10:26:19Z</time>
   </trkpt>
   <trkpt lat="43.2423600" lon="-4.0571260">
    <ele>171.6</ele>
    <time>2026-09-19T10:26:20Z</time>
   </trkpt>
   <trkpt lat="43.2423000" lon="-4.0571130">
    <ele>173.0</ele>
    <time>2026-09-19T10:26:21Z</time>
   </trkpt>
   <trkpt lat="43.2422560" lon="-4.0570880">
    <ele>174.1</ele>
    <time>2026-09-19T10:26:22Z</time>
   </trkpt>
   <trkpt lat="43.2422160" lon="-4.0570510">
    <ele>175.0</ele>
    <time>2026-09-19T10:26:23Z</time>
   </trkpt>
   <trkpt lat="43.2421850" lon="-4.0569930">
    <ele>176.0</ele>
    <time>2026-09-19T10:26:24Z</time>
   </trkpt>
   <trkpt lat="43.2421320" lon="-4.0569210">
    <ele>177.3</ele>
    <time>2026-09-19T10:26:25Z</time>
   </trkpt>
   <trkpt lat="43.2420960" lon="-4.0568440">
    <ele>178.3</ele>
    <time>2026-09-19T10:26:26Z</time>
   </trkpt>
   <trkpt lat="43.2420420" lon="-4.0567680">
    <ele>179.5</ele>
    <time>2026-09-19T10:26:27Z</time>
   </trkpt>
   <trkpt lat="43.2419910" lon="-4.0567060">
    <ele>180.4</ele>
    <time>2026-09-19T10:26:28Z</time>
   </trkpt>
   <trkpt lat="43.2419310" lon="-4.0566470">
    <ele>181.4</ele>
    <time>2026-09-19T10:26:29Z</time>
   </trkpt>
   <trkpt lat="43.2418710" lon="-4.0565970">
    <ele>182.3</ele>
    <time>2026-09-19T10:26:30Z</time>
   </trkpt>
   <trkpt lat="43.2418030" lon="-4.0565590">
    <ele>183.1</ele>
    <time>2026-09-19T10:26:31Z</time>
   </trkpt>
   <trkpt lat="43.2417350" lon="-4.0565270">
    <ele>183.9</ele>
    <time>2026-09-19T10:26:32Z</time>
   </trkpt>
   <trkpt lat="43.2416680" lon="-4.0565040">
    <ele>184.6</ele>
    <time>2026-09-19T10:26:33Z</time>
   </trkpt>
   <trkpt lat="43.2415990" lon="-4.0564910">
    <ele>185.4</ele>
    <time>2026-09-19T10:26:34Z</time>
   </trkpt>
   <trkpt lat="43.2415220" lon="-4.0564850">
    <ele>186.2</ele>
    <time>2026-09-19T10:26:35Z</time>
   </trkpt>
   <trkpt lat="43.2414520" lon="-4.0564920">
    <ele>187.0</ele>
    <time>2026-09-19T10:26:36Z</time>
   </trkpt>
   <trkpt lat="43.2413760" lon="-4.0564990">
    <ele>188.0</ele>
    <time>2026-09-19T10:26:37Z</time>
   </trkpt>
   <trkpt lat="43.2413040" lon="-4.0564920">
    <ele>189.2</ele>
    <time>2026-09-19T10:26:38Z</time>
   </trkpt>
   <trkpt lat="43.2412560" lon="-4.0564650">
    <ele>190.1</ele>
    <time>2026-09-19T10:26:39Z</time>
   </trkpt>
   <trkpt lat="43.2412030" lon="-4.0564320">
    <ele>191.2</ele>
    <time>2026-09-19T10:26:40Z</time>
   </trkpt>
   <trkpt lat="43.2411680" lon="-4.0563950">
    <ele>192.1</ele>
    <time>2026-09-19T10:26:41Z</time>
   </trkpt>
   <trkpt lat="43.2411340" lon="-4.0563650">
    <ele>192.9</ele>
    <time>2026-09-19T10:26:42Z</time>
   </trkpt>
   <trkpt lat="43.2411020" lon="-4.0563440">
    <ele>193.7</ele>
    <time>2026-09-19T10:26:43Z</time>
   </trkpt>
   <trkpt lat="43.2410690" lon="-4.0563330">
    <ele>194.5</ele>
    <time>2026-09-19T10:26:44Z</time>
   </trkpt>
   <trkpt lat="43.2410290" lon="-4.0563250">
    <ele>195.4</ele>
    <time>2026-09-19T10:26:45Z</time>
   </trkpt>
   <trkpt lat="43.2409960" lon="-4.0563240">
    <ele>196.2</ele>
    <time>2026-09-19T10:26:46Z</time>
   </trkpt>
   <trkpt lat="43.2409610" lon="-4.0563350">
    <ele>197.0</ele>
    <time>2026-09-19T10:26:47Z</time>
   </trkpt>
   <trkpt lat="43.2409370" lon="-4.0563670">
    <ele>198.0</ele>
    <time>2026-09-19T10:26:48Z</time>
   </trkpt>
   <trkpt lat="43.2409320" lon="-4.0564150">
    <ele>198.4</ele>
    <time>2026-09-19T10:26:49Z</time>
   </trkpt>
   <trkpt lat="43.2409320" lon="-4.0564780">
    <ele>199.0</ele>
    <time>2026-09-19T10:26:50Z</time>
   </trkpt>
   <trkpt lat="43.2409450" lon="-4.0565470">
    <ele>199.6</ele>
    <time>2026-09-19T10:26:51Z</time>
   </trkpt>
   <trkpt lat="43.2409590" lon="-4.0566170">
    <ele>200.2</ele>
    <time>2026-09-19T10:26:52Z</time>
   </trkpt>
   <trkpt lat="43.2409940" lon="-4.0566860">
    <ele>200.9</ele>
    <time>2026-09-19T10:26:53Z</time>
   </trkpt>
   <trkpt lat="43.2410390" lon="-4.0567480">
    <ele>201.7</ele>
    <time>2026-09-19T10:26:54Z</time>
   </trkpt>
   <trkpt lat="43.2410810" lon="-4.0568150">
    <ele>202.7</ele>
    <time>2026-09-19T10:26:55Z</time>
   </trkpt>
   <trkpt lat="43.2411170" lon="-4.0569000">
    <ele>203.8</ele>
    <time>2026-09-19T10:26:56Z</time>
   </trkpt>
   <trkpt lat="43.2411350" lon="-4.0569910">
    <ele>204.9</ele>
    <time>2026-09-19T10:26:57Z</time>
   </trkpt>
   <trkpt lat="43.2411460" lon="-4.0570890">
    <ele>206.1</ele>
    <time>2026-09-19T10:26:58Z</time>
   </trkpt>
   <trkpt lat="43.2411490" lon="-4.0571780">
    <ele>207.2</ele>
    <time>2026-09-19T10:26:59Z</time>
   </trkpt>
   <trkpt lat="43.2411550" lon="-4.0572680">
    <ele>208.6</ele>
    <time>2026-09-19T10:27:00Z</time>
   </trkpt>
   <trkpt lat="43.2411560" lon="-4.0573470">
    <ele>209.9</ele>
    <time>2026-09-19T10:27:01Z</time>
   </trkpt>
   <trkpt lat="43.2411480" lon="-4.0574220">
    <ele>211.2</ele>
    <time>2026-09-19T10:27:02Z</time>
   </trkpt>
   <trkpt lat="43.2411210" lon="-4.0574960">
    <ele>212.6</ele>
    <time>2026-09-19T10:27:03Z</time>
   </trkpt>
   <trkpt lat="43.2410870" lon="-4.0575740">
    <ele>214.2</ele>
    <time>2026-09-19T10:27:04Z</time>
   </trkpt>
   <trkpt lat="43.2410410" lon="-4.0576350">
    <ele>215.7</ele>
    <time>2026-09-19T10:27:05Z</time>
   </trkpt>
   <trkpt lat="43.2409960" lon="-4.0576970">
    <ele>217.2</ele>
    <time>2026-09-19T10:27:06Z</time>
   </trkpt>
   <trkpt lat="43.2409570" lon="-4.0577560">
    <ele>218.7</ele>
    <time>2026-09-19T10:27:07Z</time>
   </trkpt>
   <trkpt lat="43.2409240" lon="-4.0578120">
    <ele>219.9</ele>
    <time>2026-09-19T10:27:08Z</time>
   </trkpt>
   <trkpt lat="43.2408880" lon="-4.0578810">
    <ele>221.4</ele>
    <time>2026-09-19T10:27:09Z</time>
   </trkpt>
   <trkpt lat="43.2408590" lon="-4.0579450">
    <ele>222.7</ele>
    <time>2026-09-19T10:27:10Z</time>
   </trkpt>
   <trkpt lat="43.2408310" lon="-4.0580120">
    <ele>224.0</ele>
    <time>2026-09-19T10:27:11Z</time>
   </trkpt>
   <trkpt lat="43.2408030" lon="-4.0580690">
    <ele>225.2</ele>
    <time>2026-09-19T10:27:12Z</time>
   </trkpt>
   <trkpt lat="43.2407650" lon="-4.0581050">
    <ele>226.6</ele>
    <time>2026-09-19T10:27:13Z</time>
   </trkpt>
   <trkpt lat="43.2407160" lon="-4.0581220">
    <ele>227.9</ele>
    <time>2026-09-19T10:27:14Z</time>
   </trkpt>
   <trkpt lat="43.2406600" lon="-4.0581150">
    <ele>229.3</ele>
    <time>2026-09-19T10:27:15Z</time>
   </trkpt>
   <trkpt lat="43.2406110" lon="-4.0580810">
    <ele>230.7</ele>
    <time>2026-09-19T10:27:16Z</time>
   </trkpt>
   <trkpt lat="43.2405550" lon="-4.0580340">
    <ele>232.2</ele>
    <time>2026-09-19T10:27:17Z</time>
   </trkpt>
   <trkpt lat="43.2405040" lon="-4.0579830">
    <ele>233.7</ele>
    <time>2026-09-19T10:27:18Z</time>
   </trkpt>
   <trkpt lat="43.2404600" lon="-4.0579610">
    <ele>234.7</ele>
    <time>2026-09-19T10:27:19Z</time>
   </trkpt>
   <trkpt lat="43.2404060" lon="-4.0579660">
    <ele>235.9</ele>
    <time>2026-09-19T10:27:20Z</time>
   </trkpt>
   <trkpt lat="43.2403560" lon="-4.0579860">
    <ele>237.0</ele>
    <time>2026-09-19T10:27:21Z</time>
   </trkpt>
   <trkpt lat="43.2402950" lon="-4.0580210">
    <ele>238.4</ele>
    <time>2026-09-19T10:27:22Z</time>
   </trkpt>
   <trkpt lat="43.2402290" lon="-4.0580510">
    <ele>239.7</ele>
    <time>2026-09-19T10:27:23Z</time>
   </trkpt>
   <trkpt lat="43.2401590" lon="-4.0580600">
    <ele>240.6</ele>
    <time>2026-09-19T10:27:24Z</time>
   </trkpt>
   <trkpt lat="43.2400830" lon="-4.0580520">
    <ele>241.4</ele>
    <time>2026-09-19T10:27:25Z</time>
   </trkpt>
   <trkpt lat="43.2400100" lon="-4.0580330">
    <ele>241.8</ele>
    <time>2026-09-19T10:27:26Z</time>
   </trkpt>
   <trkpt lat="43.2399280" lon="-4.0580150">
    <ele>242.3</ele>
    <time>2026-09-19T10:27:27Z</time>
   </trkpt>
   <trkpt lat="43.2398410" lon="-4.0580030">
    <ele>242.7</ele>
    <time>2026-09-19T10:27:28Z</time>
   </trkpt>
   <trkpt lat="43.2397570" lon="-4.0579960">
    <ele>243.1</ele>
    <time>2026-09-19T10:27:29Z</time>
   </trkpt>
   <trkpt lat="43.2396680" lon="-4.0579700">
    <ele>243.8</ele>
    <time>2026-09-19T10:27:30Z</time>
   </trkpt>
   <trkpt lat="43.2395820" lon="-4.0579280">
    <ele>244.8</ele>
    <time>2026-09-19T10:27:31Z</time>
   </trkpt>
   <trkpt lat="43.2394950" lon="-4.0578890">
    <ele>246.1</ele>
    <time>2026-09-19T10:27:32Z</time>
   </trkpt>
   <trkpt lat="43.2394090" lon="-4.0578580">
    <ele>247.7</ele>
    <time>2026-09-19T10:27:33Z</time>
   </trkpt>
   <trkpt lat="43.2393310" lon="-4.0578320">
    <ele>249.1</ele>
    <time>2026-09-19T10:27:34Z</time>
   </trkpt>
   <trkpt lat="43.2392670" lon="-4.0577900">
    <ele>250.2</ele>
    <time>2026-09-19T10:27:35Z</time>
   </trkpt>
   <trkpt lat="43.2392190" lon="-4.0577250">
    <ele>251.2</ele>
    <time>2026-09-19T10:27:36Z</time>
   </trkpt>
   <trkpt lat="43.2391760" lon="-4.0576470">
    <ele>251.9</ele>
    <time>2026-09-19T10:27:37Z</time>
   </trkpt>
   <trkpt lat="43.2391330" lon="-4.0575670">
    <ele>252.6</ele>
    <time>2026-09-19T10:27:38Z</time>
   </trkpt>
   <trkpt lat="43.2390840" lon="-4.0574810">
    <ele>253.2</ele>
    <time>2026-09-19T10:27:39Z</time>
   </trkpt>
   <trkpt lat="43.2390260" lon="-4.0573980">
    <ele>253.7</ele>
    <time>2026-09-19T10:27:40Z</time>
   </trkpt>
   <trkpt lat="43.2389560" lon="-4.0573150">
    <ele>254.3</ele>
    <time>2026-09-19T10:27:41Z</time>
   </trkpt>
   <trkpt lat="43.2388810" lon="-4.0572480">
    <ele>254.8</ele>
    <time>2026-09-19T10:27:42Z</time>
   </trkpt>
   <trkpt lat="43.2388020" lon="-4.0572030">
    <ele>255.2</ele>
    <time>2026-09-19T10:27:43Z</time>
   </trkpt>
   <trkpt lat="43.2387210" lon="-4.0571560">
    <ele>255.5</ele>
    <time>2026-09-19T10:27:44Z</time>
   </trkpt>
   <trkpt lat="43.2386490" lon="-4.0570910">
    <ele>255.8</ele>
    <time>2026-09-19T10:27:45Z</time>
   </trkpt>
   <trkpt lat="43.2385820" lon="-4.0570050">
    <ele>256.3</ele>
    <time>2026-09-19T10:27:46Z</time>
   </trkpt>
   <trkpt lat="43.2385110" lon="-4.0569020">
    <ele>257.0</ele>
    <time>2026-09-19T10:27:47Z</time>
   </trkpt>
   <trkpt lat="43.2384450" lon="-4.0568090">
    <ele>257.9</ele>
    <time>2026-09-19T10:27:48Z</time>
   </trkpt>
   <trkpt lat="43.2383760" lon="-4.0567470">
    <ele>258.8</ele>
    <time>2026-09-19T10:27:49Z</time>
   </trkpt>
   <trkpt lat="43.2383010" lon="-4.0567200">
    <ele>259.9</ele>
    <time>2026-09-19T10:27:50Z</time>
   </trkpt>
   <trkpt lat="43.2382280" lon="-4.0567130">
    <ele>261.1</ele>
    <time>2026-09-19T10:27:51Z</time>
   </trkpt>
   <trkpt lat="43.2381600" lon="-4.0567070">
    <ele>262.3</ele>
    <time>2026-09-19T10:27:52Z</time>
   </trkpt>
   <trkpt lat="43.2380990" lon="-4.0566920">
    <ele>263.3</ele>
    <time>2026-09-19T10:27:53Z</time>
   </trkpt>
   <trkpt lat="43.2380370" lon="-4.0566740">
    <ele>264.4</ele>
    <time>2026-09-19T10:27:54Z</time>
   </trkpt>
   <trkpt lat="43.2379830" lon="-4.0566600">
    <ele>265.3</ele>
    <time>2026-09-19T10:27:55Z</time>
   </trkpt>
   <trkpt lat="43.2379270" lon="-4.0566400">
    <ele>266.1</ele>
    <time>2026-09-19T10:27:56Z</time>
   </trkpt>
   <trkpt lat="43.2378620" lon="-4.0566190">
    <ele>267.0</ele>
    <time>2026-09-19T10:27:57Z</time>
   </trkpt>
   <trkpt lat="43.2377910" lon="-4.0565930">
    <ele>267.9</ele>
    <time>2026-09-19T10:27:58Z</time>
   </trkpt>
   <trkpt lat="43.2377150" lon="-4.0565750">
    <ele>269.0</ele>
    <time>2026-09-19T10:27:59Z</time>
   </trkpt>
   <trkpt lat="43.2376370" lon="-4.0565590">
    <ele>270.2</ele>
    <time>2026-09-19T10:28:00Z</time>
   </trkpt>
   <trkpt lat="43.2375600" lon="-4.0565310">
    <ele>271.6</ele>
    <time>2026-09-19T10:28:01Z</time>
   </trkpt>
   <trkpt lat="43.2374890" lon="-4.0564870">
    <ele>272.9</ele>
    <time>2026-09-19T10:28:02Z</time>
   </trkpt>
   <trkpt lat="43.2374330" lon="-4.0564300">
    <ele>274.0</ele>
    <time>2026-09-19T10:28:03Z</time>
   </trkpt>
   <trkpt lat="43.2373860" lon="-4.0563620">
    <ele>274.9</ele>
    <time>2026-09-19T10:28:04Z</time>
   </trkpt>
   <trkpt lat="43.2373440" lon="-4.0562900">
    <ele>275.6</ele>
    <time>2026-09-19T10:28:05Z</time>
   </trkpt>
   <trkpt lat="43.2372980" lon="-4.0562290">
    <ele>276.2</ele>
    <time>2026-09-19T10:28:06Z</time>
   </trkpt>
   <trkpt lat="43.2372490" lon="-4.0561730">
    <ele>276.7</ele>
    <time>2026-09-19T10:28:07Z</time>
   </trkpt>
   <trkpt lat="43.2371960" lon="-4.0561190">
    <ele>277.2</ele>
    <time>2026-09-19T10:28:08Z</time>
   </trkpt>
   <trkpt lat="43.2371510" lon="-4.0560650">
    <ele>277.6</ele>
    <time>2026-09-19T10:28:09Z</time>
   </trkpt>
   <trkpt lat="43.2371070" lon="-4.0560090">
    <ele>278.1</ele>
    <time>2026-09-19T10:28:10Z</time>
   </trkpt>
   <trkpt lat="43.2370590" lon="-4.0559560">
    <ele>278.6</ele>
    <time>2026-09-19T10:28:11Z</time>
   </trkpt>
   <trkpt lat="43.2370130" lon="-4.0558980">
    <ele>279.2</ele>
    <time>2026-09-19T10:28:12Z</time>
   </trkpt>
   <trkpt lat="43.2369620" lon="-4.0558390">
    <ele>279.8</ele>
    <time>2026-09-19T10:28:13Z</time>
   </trkpt>
   <trkpt lat="43.2369090" lon="-4.0557770">
    <ele>280.5</ele>
    <time>2026-09-19T10:28:14Z</time>
   </trkpt>
   <trkpt lat="43.2368580" lon="-4.0557120">
    <ele>281.3</ele>
    <time>2026-09-19T10:28:15Z</time>
   </trkpt>
   <trkpt lat="43.2368060" lon="-4.0556440">
    <ele>282.1</ele>
    <time>2026-09-19T10:28:16Z</time>
   </trkpt>
   <trkpt lat="43.2367540" lon="-4.0555810">
    <ele>282.9</ele>
    <time>2026-09-19T10:28:17Z</time>
   </trkpt>
   <trkpt lat="43.2367070" lon="-4.0555180">
    <ele>283.8</ele>
    <time>2026-09-19T10:28:18Z</time>
   </trkpt>
   <trkpt lat="43.2366660" lon="-4.0554350">
    <ele>284.7</ele>
    <time>2026-09-19T10:28:19Z</time>
   </trkpt>
   <trkpt lat="43.2366500" lon="-4.0553390">
    <ele>285.6</ele>
    <time>2026-09-19T10:28:20Z</time>
   </trkpt>
   <trkpt lat="43.2366510" lon="-4.0552400">
    <ele>286.4</ele>
    <time>2026-09-19T10:28:21Z</time>
   </trkpt>
   <trkpt lat="43.2366670" lon="-4.0551420">
    <ele>287.4</ele>
    <time>2026-09-19T10:28:22Z</time>
   </trkpt>
   <trkpt lat="43.2366920" lon="-4.0550560">
    <ele>288.3</ele>
    <time>2026-09-19T10:28:23Z</time>
   </trkpt>
   <trkpt lat="43.2367140" lon="-4.0549670">
    <ele>289.2</ele>
    <time>2026-09-19T10:28:24Z</time>
   </trkpt>
   <trkpt lat="43.2367290" lon="-4.0548830">
    <ele>290.1</ele>
    <time>2026-09-19T10:28:25Z</time>
   </trkpt>
   <trkpt lat="43.2367360" lon="-4.0548040">
    <ele>290.9</ele>
    <time>2026-09-19T10:28:26Z</time>
   </trkpt>
   <trkpt lat="43.2367340" lon="-4.0547270">
    <ele>291.7</ele>
    <time>2026-09-19T10:28:27Z</time>
   </trkpt>
   <trkpt lat="43.2367170" lon="-4.0546510">
    <ele>292.4</ele>
    <time>2026-09-19T10:28:28Z</time>
   </trkpt>
   <trkpt lat="43.2366830" lon="-4.0545730">
    <ele>293.3</ele>
    <time>2026-09-19T10:28:29Z</time>
   </trkpt>
   <trkpt lat="43.2366400" lon="-4.0544990">
    <ele>294.2</ele>
    <time>2026-09-19T10:28:30Z</time>
   </trkpt>
   <trkpt lat="43.2365930" lon="-4.0544360">
    <ele>295.1</ele>
    <time>2026-09-19T10:28:31Z</time>
   </trkpt>
   <trkpt lat="43.2365350" lon="-4.0543820">
    <ele>296.1</ele>
    <time>2026-09-19T10:28:32Z</time>
   </trkpt>
   <trkpt lat="43.2364710" lon="-4.0543430">
    <ele>297.3</ele>
    <time>2026-09-19T10:28:33Z</time>
   </trkpt>
   <trkpt lat="43.2364090" lon="-4.0543120">
    <ele>298.4</ele>
    <time>2026-09-19T10:28:34Z</time>
   </trkpt>
   <trkpt lat="43.2363500" lon="-4.0542910">
    <ele>299.5</ele>
    <time>2026-09-19T10:28:35Z</time>
   </trkpt>
   <trkpt lat="43.2362850" lon="-4.0542700">
    <ele>300.8</ele>
    <time>2026-09-19T10:28:36Z</time>
   </trkpt>
   <trkpt lat="43.2362200" lon="-4.0542380">
    <ele>302.3</ele>
    <time>2026-09-19T10:28:37Z</time>
   </trkpt>
   <trkpt lat="43.2361510" lon="-4.0542060">
    <ele>303.9</ele>
    <time>2026-09-19T10:28:38Z</time>
   </trkpt>
   <trkpt lat="43.2360860" lon="-4.0541730">
    <ele>305.5</ele>
    <time>2026-09-19T10:28:39Z</time>
   </trkpt>
   <trkpt lat="43.2360150" lon="-4.0541370">
    <ele>307.4</ele>
    <time>2026-09-19T10:28:40Z</time>
   </trkpt>
   <trkpt lat="43.2359390" lon="-4.0541040">
    <ele>309.4</ele>
    <time>2026-09-19T10:28:41Z</time>
   </trkpt>
   <trkpt lat="43.2358680" lon="-4.0540720">
    <ele>311.2</ele>
    <time>2026-09-19T10:28:42Z</time>
   </trkpt>
   <trkpt lat="43.2357960" lon="-4.0540400">
    <ele>312.8</ele>
    <time>2026-09-19T10:28:43Z</time>
   </trkpt>
   <trkpt lat="43.2357280" lon="-4.0540090">
    <ele>314.2</ele>
    <time>2026-09-19T10:28:44Z</time>
   </trkpt>
   <trkpt lat="43.2356570" lon="-4.0539670">
    <ele>315.7</ele>
    <time>2026-09-19T10:28:45Z</time>
   </trkpt>
   <trkpt lat="43.2355810" lon="-4.0539250">
    <ele>317.3</ele>
    <time>2026-09-19T10:28:46Z</time>
   </trkpt>
   <trkpt lat="43.2355110" lon="-4.0538980">
    <ele>318.6</ele>
    <time>2026-09-19T10:28:47Z</time>
   </trkpt>
   <trkpt lat="43.2354390" lon="-4.0538800">
    <ele>319.9</ele>
    <time>2026-09-19T10:28:48Z</time>
   </trkpt>
   <trkpt lat="43.2353690" lon="-4.0538550">
    <ele>321.1</ele>
    <time>2026-09-19T10:28:49Z</time>
   </trkpt>
   <trkpt lat="43.2352980" lon="-4.0538140">
    <ele>322.2</ele>
    <time>2026-09-19T10:28:50Z</time>
   </trkpt>
   <trkpt lat="43.2352270" lon="-4.0537680">
    <ele>323.2</ele>
    <time>2026-09-19T10:28:51Z</time>
   </trkpt>
   <trkpt lat="43.2351530" lon="-4.0537120">
    <ele>324.2</ele>
    <time>2026-09-19T10:28:52Z</time>
   </trkpt>
   <trkpt lat="43.2350740" lon="-4.0536570">
    <ele>325.2</ele>
    <time>2026-09-19T10:28:53Z</time>
   </trkpt>
   <trkpt lat="43.2349960" lon="-4.0536010">
    <ele>326.0</ele>
    <time>2026-09-19T10:28:54Z</time>
   </trkpt>
   <trkpt lat="43.2349270" lon="-4.0535360">
    <ele>326.7</ele>
    <time>2026-09-19T10:28:55Z</time>
   </trkpt>
   <trkpt lat="43.2348670" lon="-4.0534600">
    <ele>327.4</ele>
    <time>2026-09-19T10:28:56Z</time>
   </trkpt>
   <trkpt lat="43.2348150" lon="-4.0533670">
    <ele>328.1</ele>
    <time>2026-09-19T10:28:57Z</time>
   </trkpt>
   <trkpt lat="43.2347720" lon="-4.0532720">
    <ele>328.7</ele>
    <time>2026-09-19T10:28:58Z</time>
   </trkpt>
   <trkpt lat="43.2347430" lon="-4.0531890">
    <ele>329.3</ele>
    <time>2026-09-19T10:28:59Z</time>
   </trkpt>
   <trkpt lat="43.2347100" lon="-4.0531160">
    <ele>329.7</ele>
    <time>2026-09-19T10:29:00Z</time>
   </trkpt>
   <trkpt lat="43.2346690" lon="-4.0530550">
    <ele>330.2</ele>
    <time>2026-09-19T10:29:01Z</time>
   </trkpt>
   <trkpt lat="43.2346290" lon="-4.0529820">
    <ele>330.7</ele>
    <time>2026-09-19T10:29:02Z</time>
   </trkpt>
   <trkpt lat="43.2345970" lon="-4.0528940">
    <ele>331.3</ele>
    <time>2026-09-19T10:29:03Z</time>
   </trkpt>
   <trkpt lat="43.2345730" lon="-4.0527920">
    <ele>332.0</ele>
    <time>2026-09-19T10:29:04Z</time>
   </trkpt>
   <trkpt lat="43.2345450" lon="-4.0526780">
    <ele>332.8</ele>
    <time>2026-09-19T10:29:05Z</time>
   </trkpt>
   <trkpt lat="43.2345120" lon="-4.0525710">
    <ele>333.6</ele>
    <time>2026-09-19T10:29:06Z</time>
   </trkpt>
   <trkpt lat="43.2344740" lon="-4.0524590">
    <ele>334.5</ele>
    <time>2026-09-19T10:29:07Z</time>
   </trkpt>
   <trkpt lat="43.2344290" lon="-4.0523590">
    <ele>335.4</ele>
    <time>2026-09-19T10:29:08Z</time>
   </trkpt>
   <trkpt lat="43.2343820" lon="-4.0522500">
    <ele>336.5</ele>
    <time>2026-09-19T10:29:09Z</time>
   </trkpt>
   <trkpt lat="43.2343360" lon="-4.0521420">
    <ele>337.8</ele>
    <time>2026-09-19T10:29:10Z</time>
   </trkpt>
   <trkpt lat="43.2342830" lon="-4.0520500">
    <ele>339.0</ele>
    <time>2026-09-19T10:29:11Z</time>
   </trkpt>
   <trkpt lat="43.2342200" lon="-4.0519620">
    <ele>340.3</ele>
    <time>2026-09-19T10:29:12Z</time>
   </trkpt>
   <trkpt lat="43.2341560" lon="-4.0518730">
    <ele>341.6</ele>
    <time>2026-09-19T10:29:13Z</time>
   </trkpt>
   <trkpt lat="43.2340920" lon="-4.0517860">
    <ele>342.9</ele>
    <time>2026-09-19T10:29:14Z</time>
   </trkpt>
   <trkpt lat="43.2340240" lon="-4.0516960">
    <ele>344.2</ele>
    <time>2026-09-19T10:29:15Z</time>
   </trkpt>
   <trkpt lat="43.2339570" lon="-4.0516010">
    <ele>345.4</ele>
    <time>2026-09-19T10:29:16Z</time>
   </trkpt>
   <trkpt lat="43.2338850" lon="-4.0515080">
    <ele>346.7</ele>
    <time>2026-09-19T10:29:17Z</time>
   </trkpt>
   <trkpt lat="43.2338080" lon="-4.0514240">
    <ele>347.8</ele>
    <time>2026-09-19T10:29:18Z</time>
   </trkpt>
   <trkpt lat="43.2337270" lon="-4.0513540">
    <ele>348.9</ele>
    <time>2026-09-19T10:29:19Z</time>
   </trkpt>
   <trkpt lat="43.2336340" lon="-4.0512930">
    <ele>350.0</ele>
    <time>2026-09-19T10:29:20Z</time>
   </trkpt>
   <trkpt lat="43.2335400" lon="-4.0512500">
    <ele>351.1</ele>
    <time>2026-09-19T10:29:21Z</time>
   </trkpt>
   <trkpt lat="43.2334490" lon="-4.0512260">
    <ele>352.2</ele>
    <time>2026-09-19T10:29:22Z</time>
   </trkpt>
   <trkpt lat="43.2333530" lon="-4.0512040">
    <ele>353.5</ele>
    <time>2026-09-19T10:29:23Z</time>
   </trkpt>
   <trkpt lat="43.2332600" lon="-4.0511790">
    <ele>354.8</ele>
    <time>2026-09-19T10:29:24Z</time>
   </trkpt>
   <trkpt lat="43.2331710" lon="-4.0511430">
    <ele>355.9</ele>
    <time>2026-09-19T10:29:25Z</time>
   </trkpt>
   <trkpt lat="43.2330820" lon="-4.0511060">
    <ele>356.9</ele>
    <time>2026-09-19T10:29:26Z</time>
   </trkpt>
   <trkpt lat="43.2329940" lon="-4.0510670">
    <ele>357.9</ele>
    <time>2026-09-19T10:29:27Z</time>
   </trkpt>
   <trkpt lat="43.2329060" lon="-4.0510240">
    <ele>359.0</ele>
    <time>2026-09-19T10:29:28Z</time>
   </trkpt>
   <trkpt lat="43.2328120" lon="-4.0509730">
    <ele>360.1</ele>
    <time>2026-09-19T10:29:29Z</time>
   </trkpt>
   <trkpt lat="43.2327250" lon="-4.0509130">
    <ele>361.2</ele>
    <time>2026-09-19T10:29:30Z</time>
   </trkpt>
   <trkpt lat="43.2326400" lon="-4.0508560">
    <ele>362.3</ele>
    <time>2026-09-19T10:29:31Z</time>
   </trkpt>
   <trkpt lat="43.2325570" lon="-4.0508010">
    <ele>363.3</ele>
    <time>2026-09-19T10:29:32Z</time>
   </trkpt>
   <trkpt lat="43.2324680" lon="-4.0507550">
    <ele>364.3</ele>
    <time>2026-09-19T10:29:33Z</time>
   </trkpt>
   <trkpt lat="43.2323810" lon="-4.0507180">
    <ele>365.2</ele>
    <time>2026-09-19T10:29:34Z</time>
   </trkpt>
   <trkpt lat="43.2322860" lon="-4.0506800">
    <ele>366.1</ele>
    <time>2026-09-19T10:29:35Z</time>
   </trkpt>
   <trkpt lat="43.2322000" lon="-4.0506400">
    <ele>366.7</ele>
    <time>2026-09-19T10:29:36Z</time>
   </trkpt>
   <trkpt lat="43.2321160" lon="-4.0506240">
    <ele>367.0</ele>
    <time>2026-09-19T10:29:37Z</time>
   </trkpt>
   <trkpt lat="43.2320380" lon="-4.0506390">
    <ele>367.3</ele>
    <time>2026-09-19T10:29:38Z</time>
   </trkpt>
   <trkpt lat="43.2319510" lon="-4.0506770">
    <ele>367.6</ele>
    <time>2026-09-19T10:29:39Z</time>
   </trkpt>
   <trkpt lat="43.2318620" lon="-4.0507160">
    <ele>367.9</ele>
    <time>2026-09-19T10:29:40Z</time>
   </trkpt>
   <trkpt lat="43.2317570" lon="-4.0507420">
    <ele>368.4</ele>
    <time>2026-09-19T10:29:41Z</time>
   </trkpt>
   <trkpt lat="43.2316580" lon="-4.0507380">
    <ele>368.9</ele>
    <time>2026-09-19T10:29:42Z</time>
   </trkpt>
   <trkpt lat="43.2315550" lon="-4.0507030">
    <ele>369.7</ele>
    <time>2026-09-19T10:29:43Z</time>
   </trkpt>
   <trkpt lat="43.2314580" lon="-4.0506590">
    <ele>370.5</ele>
    <time>2026-09-19T10:29:44Z</time>
   </trkpt>
   <trkpt lat="43.2313640" lon="-4.0506260">
    <ele>371.3</ele>
    <time>2026-09-19T10:29:45Z</time>
   </trkpt>
   <trkpt lat="43.2312700" lon="-4.0506050">
    <ele>372.0</ele>
    <time>2026-09-19T10:29:46Z</time>
   </trkpt>
   <trkpt lat="43.2311790" lon="-4.0505890">
    <ele>372.6</ele>
    <time>2026-09-19T10:29:47Z</time>
   </trkpt>
   <trkpt lat="43.2310910" lon="-4.0505710">
    <ele>373.3</ele>
    <time>2026-09-19T10:29:48Z</time>
   </trkpt>
   <trkpt lat="43.2309960" lon="-4.0505510">
    <ele>374.1</ele>
    <time>2026-09-19T10:29:49Z</time>
   </trkpt>
   <trkpt lat="43.2309060" lon="-4.0505190">
    <ele>374.9</ele>
    <time>2026-09-19T10:29:50Z</time>
   </trkpt>
   <trkpt lat="43.2308170" lon="-4.0504860">
    <ele>375.7</ele>
    <time>2026-09-19T10:29:51Z</time>
   </trkpt>
   <trkpt lat="43.2307360" lon="-4.0504570">
    <ele>376.2</ele>
    <time>2026-09-19T10:29:52Z</time>
   </trkpt>
   <trkpt lat="43.2306630" lon="-4.0504590">
    <ele>376.7</ele>
    <time>2026-09-19T10:29:53Z</time>
   </trkpt>
   <trkpt lat="43.2305990" lon="-4.0504870">
    <ele>377.1</ele>
    <time>2026-09-19T10:29:54Z</time>
   </trkpt>
   <trkpt lat="43.2305240" lon="-4.0505290">
    <ele>377.7</ele>
    <time>2026-09-19T10:29:55Z</time>
   </trkpt>
   <trkpt lat="43.2304420" lon="-4.0505700">
    <ele>378.4</ele>
    <time>2026-09-19T10:29:56Z</time>
   </trkpt>
   <trkpt lat="43.2303560" lon="-4.0506050">
    <ele>379.2</ele>
    <time>2026-09-19T10:29:57Z</time>
   </trkpt>
   <trkpt lat="43.2302620" lon="-4.0506380">
    <ele>380.1</ele>
    <time>2026-09-19T10:29:58Z</time>
   </trkpt>
   <trkpt lat="43.2301750" lon="-4.0506720">
    <ele>380.9</ele>
    <time>2026-09-19T10:29:59Z</time>
   </trkpt>
   <trkpt lat="43.2300810" lon="-4.0507060">
    <ele>381.9</ele>
    <time>2026-09-19T10:30:00Z</time>
   </trkpt>
   <trkpt lat="43.2299910" lon="-4.0507300">
    <ele>382.7</ele>
    <time>2026-09-19T10:30:01Z</time>
   </trkpt>
   <trkpt lat="43.2298990" lon="-4.0507350">
    <ele>383.6</ele>
    <time>2026-09-19T10:30:02Z</time>
   </trkpt>
   <trkpt lat="43.2298190" lon="-4.0507220">
    <ele>384.3</ele>
    <time>2026-09-19T10:30:03Z</time>
   </trkpt>
   <trkpt lat="43.2297360" lon="-4.0506770">
    <ele>385.1</ele>
    <time>2026-09-19T10:30:04Z</time>
   </trkpt>
   <trkpt lat="43.2296490" lon="-4.0506210">
    <ele>386.1</ele>
    <time>2026-09-19T10:30:05Z</time>
   </trkpt>
   <trkpt lat="43.2295670" lon="-4.0505650">
    <ele>387.2</ele>
    <time>2026-09-19T10:30:06Z</time>
   </trkpt>
   <trkpt lat="43.2294840" lon="-4.0505050">
    <ele>388.5</ele>
    <time>2026-09-19T10:30:07Z</time>
   </trkpt>
   <trkpt lat="43.2293910" lon="-4.0504540">
    <ele>389.8</ele>
    <time>2026-09-19T10:30:08Z</time>
   </trkpt>
   <trkpt lat="43.2293040" lon="-4.0504090">
    <ele>391.1</ele>
    <time>2026-09-19T10:30:09Z</time>
   </trkpt>
   <trkpt lat="43.2292260" lon="-4.0503780">
    <ele>392.1</ele>
    <time>2026-09-19T10:30:10Z</time>
   </trkpt>
   <trkpt lat="43.2291520" lon="-4.0503520">
    <ele>393.0</ele>
    <time>2026-09-19T10:30:11Z</time>
   </trkpt>
   <trkpt lat="43.2290760" lon="-4.0503330">
    <ele>393.8</ele>
    <time>2026-09-19T10:30:12Z</time>
   </trkpt>
   <trkpt lat="43.2289880" lon="-4.0503200">
    <ele>394.6</ele>
    <time>2026-09-19T10:30:13Z</time>
   </trkpt>
   <trkpt lat="43.2289050" lon="-4.0502970">
    <ele>395.4</ele>
    <time>2026-09-19T10:30:14Z</time>
   </trkpt>
   <trkpt lat="43.2288280" lon="-4.0502460">
    <ele>396.1</ele>
    <time>2026-09-19T10:30:15Z</time>
   </trkpt>
   <trkpt lat="43.2287490" lon="-4.0501770">
    <ele>396.8</ele>
    <time>2026-09-19T10:30:16Z</time>
   </trkpt>
   <trkpt lat="43.2286850" lon="-4.0500860">
    <ele>397.5</ele>
    <time>2026-09-19T10:30:17Z</time>
   </trkpt>
   <trkpt lat="43.2286310" lon="-4.0499640">
    <ele>398.4</ele>
    <time>2026-09-19T10:30:18Z</time>
   </trkpt>
   <trkpt lat="43.2285880" lon="-4.0498430">
    <ele>399.3</ele>
    <time>2026-09-19T10:30:19Z</time>
   </trkpt>
   <trkpt lat="43.2285420" lon="-4.0497110">
    <ele>400.3</ele>
    <time>2026-09-19T10:30:20Z</time>
   </trkpt>
   <trkpt lat="43.2285030" lon="-4.0495670">
    <ele>401.5</ele>
    <time>2026-09-19T10:30:21Z</time>
   </trkpt>
   <trkpt lat="43.2284720" lon="-4.0494320">
    <ele>402.6</ele>
    <time>2026-09-19T10:30:22Z</time>
   </trkpt>
   <trkpt lat="43.2284340" lon="-4.0493210">
    <ele>403.5</ele>
    <time>2026-09-19T10:30:23Z</time>
   </trkpt>
   <trkpt lat="43.2283860" lon="-4.0492150">
    <ele>404.3</ele>
    <time>2026-09-19T10:30:24Z</time>
   </trkpt>
   <trkpt lat="43.2283230" lon="-4.0491110">
    <ele>405.2</ele>
    <time>2026-09-19T10:30:25Z</time>
   </trkpt>
   <trkpt lat="43.2282560" lon="-4.0490090">
    <ele>406.1</ele>
    <time>2026-09-19T10:30:26Z</time>
   </trkpt>
   <trkpt lat="43.2281870" lon="-4.0489140">
    <ele>407.0</ele>
    <time>2026-09-19T10:30:27Z</time>
   </trkpt>
   <trkpt lat="43.2281220" lon="-4.0488310">
    <ele>407.8</ele>
    <time>2026-09-19T10:30:28Z</time>
   </trkpt>
   <trkpt lat="43.2280470" lon="-4.0487530">
    <ele>408.8</ele>
    <time>2026-09-19T10:30:29Z</time>
   </trkpt>
   <trkpt lat="43.2279750" lon="-4.0486820">
    <ele>409.7</ele>
    <time>2026-09-19T10:30:30Z</time>
   </trkpt>
   <trkpt lat="43.2278940" lon="-4.0486110">
    <ele>410.6</ele>
    <time>2026-09-19T10:30:31Z</time>
   </trkpt>
   <trkpt lat="43.2278080" lon="-4.0485470">
    <ele>411.6</ele>
    <time>2026-09-19T10:30:32Z</time>
   </trkpt>
   <trkpt lat="43.2277190" lon="-4.0485060">
    <ele>412.4</ele>
    <time>2026-09-19T10:30:33Z</time>
   </trkpt>
   <trkpt lat="43.2276190" lon="-4.0484920">
    <ele>413.3</ele>
    <time>2026-09-19T10:30:34Z</time>
   </trkpt>
   <trkpt lat="43.2275220" lon="-4.0484840">
    <ele>414.1</ele>
    <time>2026-09-19T10:30:35Z</time>
   </trkpt>
   <trkpt lat="43.2274300" lon="-4.0484630">
    <ele>414.7</ele>
    <time>2026-09-19T10:30:36Z</time>
   </trkpt>
   <trkpt lat="43.2273310" lon="-4.0484330">
    <ele>415.1</ele>
    <time>2026-09-19T10:30:37Z</time>
   </trkpt>
   <trkpt lat="43.2272350" lon="-4.0484000">
    <ele>415.2</ele>
    <time>2026-09-19T10:30:38Z</time>
   </trkpt>
   <trkpt lat="43.2271400" lon="-4.0483670">
    <ele>415.0</ele>
    <time>2026-09-19T10:30:39Z</time>
   </trkpt>
   <trkpt lat="43.2270480" lon="-4.0483280">
    <ele>414.8</ele>
    <time>2026-09-19T10:30:40Z</time>
   </trkpt>
   <trkpt lat="43.2269560" lon="-4.0482790">
    <ele>414.5</ele>
    <time>2026-09-19T10:30:41Z</time>
   </trkpt>
   <trkpt lat="43.2268720" lon="-4.0482290">
    <ele>414.0</ele>
    <time>2026-09-19T10:30:42Z</time>
   </trkpt>
   <trkpt lat="43.2267860" lon="-4.0481790">
    <ele>413.4</ele>
    <time>2026-09-19T10:30:43Z</time>
   </trkpt>
   <trkpt lat="43.2266990" lon="-4.0481300">
    <ele>412.8</ele>
    <time>2026-09-19T10:30:44Z</time>
   </trkpt>
   <trkpt lat="43.2266110" lon="-4.0480830">
    <ele>412.2</ele>
    <time>2026-09-19T10:30:45Z</time>
   </trkpt>
   <trkpt lat="43.2265190" lon="-4.0480370">
    <ele>411.6</ele>
    <time>2026-09-19T10:30:46Z</time>
   </trkpt>
   <trkpt lat="43.2264340" lon="-4.0479900">
    <ele>411.1</ele>
    <time>2026-09-19T10:30:47Z</time>
   </trkpt>
   <trkpt lat="43.2263510" lon="-4.0479330">
    <ele>410.7</ele>
    <time>2026-09-19T10:30:48Z</time>
   </trkpt>
   <trkpt lat="43.2262710" lon="-4.0478790">
    <ele>410.2</ele>
    <time>2026-09-19T10:30:49Z</time>
   </trkpt>
   <trkpt lat="43.2261910" lon="-4.0478320">
    <ele>409.8</ele>
    <time>2026-09-19T10:30:50Z</time>
   </trkpt>
   <trkpt lat="43.2261070" lon="-4.0477970">
    <ele>409.2</ele>
    <time>2026-09-19T10:30:51Z</time>
   </trkpt>
   <trkpt lat="43.2260240" lon="-4.0477780">
    <ele>408.7</ele>
    <time>2026-09-19T10:30:52Z</time>
   </trkpt>
   <trkpt lat="43.2259350" lon="-4.0477620">
    <ele>408.1</ele>
    <time>2026-09-19T10:30:53Z</time>
   </trkpt>
   <trkpt lat="43.2258450" lon="-4.0477480">
    <ele>407.5</ele>
    <time>2026-09-19T10:30:54Z</time>
   </trkpt>
   <trkpt lat="43.2257540" lon="-4.0477300">
    <ele>406.9</ele>
    <time>2026-09-19T10:30:55Z</time>
   </trkpt>
   <trkpt lat="43.2256680" lon="-4.0477060">
    <ele>406.5</ele>
    <time>2026-09-19T10:30:56Z</time>
   </trkpt>
   <trkpt lat="43.2255880" lon="-4.0476630">
    <ele>406.2</ele>
    <time>2026-09-19T10:30:57Z</time>
   </trkpt>
   <trkpt lat="43.2255160" lon="-4.0475960">
    <ele>406.0</ele>
    <time>2026-09-19T10:30:58Z</time>
   </trkpt>
   <trkpt lat="43.2254540" lon="-4.0475100">
    <ele>405.8</ele>
    <time>2026-09-19T10:30:59Z</time>
   </trkpt>
   <trkpt lat="43.2253990" lon="-4.0474240">
    <ele>405.6</ele>
    <time>2026-09-19T10:31:00Z</time>
   </trkpt>
   <trkpt lat="43.2253490" lon="-4.0473480">
    <ele>405.3</ele>
    <time>2026-09-19T10:31:01Z</time>
   </trkpt>
   <trkpt lat="43.2253010" lon="-4.0472720">
    <ele>405.0</ele>
    <time>2026-09-19T10:31:02Z</time>
   </trkpt>
   <trkpt lat="43.2252700" lon="-4.0471940">
    <ele>404.6</ele>
    <time>2026-09-19T10:31:03Z</time>
   </trkpt>
   <trkpt lat="43.2252500" lon="-4.0471030">
    <ele>404.1</ele>
    <time>2026-09-19T10:31:04Z</time>
   </trkpt>
   <trkpt lat="43.2252440" lon="-4.0470010">
    <ele>403.7</ele>
    <time>2026-09-19T10:31:05Z</time>
   </trkpt>
   <trkpt lat="43.2252560" lon="-4.0468990">
    <ele>403.3</ele>
    <time>2026-09-19T10:31:06Z</time>
   </trkpt>
   <trkpt lat="43.2252620" lon="-4.0468010">
    <ele>402.9</ele>
    <time>2026-09-19T10:31:07Z</time>
   </trkpt>
   <trkpt lat="43.2252590" lon="-4.0467030">
    <ele>402.6</ele>
    <time>2026-09-19T10:31:08Z</time>
   </trkpt>
   <trkpt lat="43.2252490" lon="-4.0466080">
    <ele>402.3</ele>
    <time>2026-09-19T10:31:09Z</time>
   </trkpt>
   <trkpt lat="43.2252360" lon="-4.0465160">
    <ele>402.0</ele>
    <time>2026-09-19T10:31:10Z</time>
   </trkpt>
   <trkpt lat="43.2252200" lon="-4.0464250">
    <ele>401.5</ele>
    <time>2026-09-19T10:31:11Z</time>
   </trkpt>
   <trkpt lat="43.2252000" lon="-4.0463400">
    <ele>401.0</ele>
    <time>2026-09-19T10:31:12Z</time>
   </trkpt>
   <trkpt lat="43.2251740" lon="-4.0462630">
    <ele>400.5</ele>
    <time>2026-09-19T10:31:13Z</time>
   </trkpt>
   <trkpt lat="43.2251420" lon="-4.0461880">
    <ele>400.0</ele>
    <time>2026-09-19T10:31:14Z</time>
   </trkpt>
   <trkpt lat="43.2250970" lon="-4.0461030">
    <ele>399.4</ele>
    <time>2026-09-19T10:31:15Z</time>
   </trkpt>
   <trkpt lat="43.2250520" lon="-4.0460270">
    <ele>398.9</ele>
    <time>2026-09-19T10:31:16Z</time>
   </trkpt>
   <trkpt lat="43.2250010" lon="-4.0459530">
    <ele>398.4</ele>
    <time>2026-09-19T10:31:17Z</time>
   </trkpt>
   <trkpt lat="43.2249470" lon="-4.0458870">
    <ele>398.0</ele>
    <time>2026-09-19T10:31:18Z</time>
   </trkpt>
   <trkpt lat="43.2248920" lon="-4.0458300">
    <ele>397.6</ele>
    <time>2026-09-19T10:31:19Z</time>
   </trkpt>
   <trkpt lat="43.2248390" lon="-4.0457750">
    <ele>397.3</ele>
    <time>2026-09-19T10:31:20Z</time>
   </trkpt>
   <trkpt lat="43.2247960" lon="-4.0457110">
    <ele>397.1</ele>
    <time>2026-09-19T10:31:21Z</time>
   </trkpt>
   <trkpt lat="43.2247730" lon="-4.0456440">
    <ele>397.1</ele>
    <time>2026-09-19T10:31:22Z</time>
   </trkpt>
   <trkpt lat="43.2247570" lon="-4.0455740">
    <ele>397.2</ele>
    <time>2026-09-19T10:31:23Z</time>
   </trkpt>
   <trkpt lat="43.2247420" lon="-4.0454990">
    <ele>397.3</ele>
    <time>2026-09-19T10:31:24Z</time>
   </trkpt>
   <trkpt lat="43.2247190" lon="-4.0454120">
    <ele>397.5</ele>
    <time>2026-09-19T10:31:25Z</time>
   </trkpt>
   <trkpt lat="43.2246930" lon="-4.0453170">
    <ele>397.8</ele>
    <time>2026-09-19T10:31:26Z</time>
   </trkpt>
   <trkpt lat="43.2246700" lon="-4.0452200">
    <ele>398.1</ele>
    <time>2026-09-19T10:31:27Z</time>
   </trkpt>
   <trkpt lat="43.2246490" lon="-4.0451160">
    <ele>398.5</ele>
    <time>2026-09-19T10:31:28Z</time>
   </trkpt>
   <trkpt lat="43.2246210" lon="-4.0450140">
    <ele>398.9</ele>
    <time>2026-09-19T10:31:29Z</time>
   </trkpt>
   <trkpt lat="43.2245910" lon="-4.0449100">
    <ele>399.4</ele>
    <time>2026-09-19T10:31:30Z</time>
   </trkpt>
   <trkpt lat="43.2245610" lon="-4.0448010">
    <ele>399.9</ele>
    <time>2026-09-19T10:31:31Z</time>
   </trkpt>
   <trkpt lat="43.2245280" lon="-4.0446880">
    <ele>400.4</ele>
    <time>2026-09-19T10:31:32Z</time>
   </trkpt>
   <trkpt lat="43.2244900" lon="-4.0445700">
    <ele>401.0</ele>
    <time>2026-09-19T10:31:33Z</time>
   </trkpt>
   <trkpt lat="43.2244530" lon="-4.0444490">
    <ele>401.7</ele>
    <time>2026-09-19T10:31:34Z</time>
   </trkpt>
   <trkpt lat="43.2244120" lon="-4.0443350">
    <ele>402.4</ele>
    <time>2026-09-19T10:31:35Z</time>
   </trkpt>
   <trkpt lat="43.2243730" lon="-4.0442270">
    <ele>403.1</ele>
    <time>2026-09-19T10:31:36Z</time>
   </trkpt>
   <trkpt lat="43.2243390" lon="-4.0441190">
    <ele>403.8</ele>
    <time>2026-09-19T10:31:37Z</time>
   </trkpt>
   <trkpt lat="43.2243120" lon="-4.0440070">
    <ele>404.7</ele>
    <time>2026-09-19T10:31:38Z</time>
   </trkpt>
   <trkpt lat="43.2242880" lon="-4.0438890">
    <ele>405.6</ele>
    <time>2026-09-19T10:31:39Z</time>
   </trkpt>
   <trkpt lat="43.2242640" lon="-4.0437730">
    <ele>406.4</ele>
    <time>2026-09-19T10:31:40Z</time>
   </trkpt>
   <trkpt lat="43.2242400" lon="-4.0436570">
    <ele>407.0</ele>
    <time>2026-09-19T10:31:41Z</time>
   </trkpt>
   <trkpt lat="43.2242140" lon="-4.0435520">
    <ele>407.2</ele>
    <time>2026-09-19T10:31:42Z</time>
   </trkpt>
   <trkpt lat="43.2241860" lon="-4.0434470">
    <ele>407.3</ele>
    <time>2026-09-19T10:31:43Z</time>
   </trkpt>
   <trkpt lat="43.2241620" lon="-4.0433510">
    <ele>407.1</ele>
    <time>2026-09-19T10:31:44Z</time>
   </trkpt>
   <trkpt lat="43.2241340" lon="-4.0432590">
    <ele>406.9</ele>
    <time>2026-09-19T10:31:45Z</time>
   </trkpt>
   <trkpt lat="43.2241030" lon="-4.0431770">
    <ele>406.8</ele>
    <time>2026-09-19T10:31:46Z</time>
   </trkpt>
   <trkpt lat="43.2240730" lon="-4.0430870">
    <ele>406.8</ele>
    <time>2026-09-19T10:31:47Z</time>
   </trkpt>
   <trkpt lat="43.2240390" lon="-4.0429970">
    <ele>406.8</ele>
    <time>2026-09-19T10:31:48Z</time>
   </trkpt>
   <trkpt lat="43.2240070" lon="-4.0428920">
    <ele>407.1</ele>
    <time>2026-09-19T10:31:49Z</time>
   </trkpt>
   <trkpt lat="43.2239900" lon="-4.0427730">
    <ele>407.6</ele>
    <time>2026-09-19T10:31:50Z</time>
   </trkpt>
   <trkpt lat="43.2239750" lon="-4.0426450">
    <ele>408.3</ele>
    <time>2026-09-19T10:31:51Z</time>
   </trkpt>
   <trkpt lat="43.2239630" lon="-4.0425160">
    <ele>409.1</ele>
    <time>2026-09-19T10:31:52Z</time>
   </trkpt>
   <trkpt lat="43.2239540" lon="-4.0423960">
    <ele>410.0</ele>
    <time>2026-09-19T10:31:53Z</time>
   </trkpt>
   <trkpt lat="43.2239490" lon="-4.0422770">
    <ele>410.7</ele>
    <time>2026-09-19T10:31:54Z</time>
   </trkpt>
   <trkpt lat="43.2239350" lon="-4.0421760">
    <ele>411.1</ele>
    <time>2026-09-19T10:31:55Z</time>
   </trkpt>
   <trkpt lat="43.2239150" lon="-4.0420870">
    <ele>411.1</ele>
    <time>2026-09-19T10:31:56Z</time>
   </trkpt>
   <trkpt lat="43.2238900" lon="-4.0420070">
    <ele>411.0</ele>
    <time>2026-09-19T10:31:57Z</time>
   </trkpt>
   <trkpt lat="43.2238650" lon="-4.0419220">
    <ele>410.7</ele>
    <time>2026-09-19T10:31:58Z</time>
   </trkpt>
   <trkpt lat="43.2238340" lon="-4.0418370">
    <ele>410.3</ele>
    <time>2026-09-19T10:31:59Z</time>
   </trkpt>
   <trkpt lat="43.2238030" lon="-4.0417440">
    <ele>409.9</ele>
    <time>2026-09-19T10:32:00Z</time>
   </trkpt>
   <trkpt lat="43.2237780" lon="-4.0416600">
    <ele>409.6</ele>
    <time>2026-09-19T10:32:01Z</time>
   </trkpt>
   <trkpt lat="43.2237540" lon="-4.0415750">
    <ele>409.4</ele>
    <time>2026-09-19T10:32:02Z</time>
   </trkpt>
   <trkpt lat="43.2237260" lon="-4.0414850">
    <ele>409.3</ele>
    <time>2026-09-19T10:32:03Z</time>
   </trkpt>
   <trkpt lat="43.2236900" lon="-4.0414090">
    <ele>409.2</ele>
    <time>2026-09-19T10:32:04Z</time>
   </trkpt>
   <trkpt lat="43.2236430" lon="-4.0413450">
    <ele>409.1</ele>
    <time>2026-09-19T10:32:05Z</time>
   </trkpt>
   <trkpt lat="43.2235850" lon="-4.0412940">
    <ele>408.9</ele>
    <time>2026-09-19T10:32:06Z</time>
   </trkpt>
   <trkpt lat="43.2235190" lon="-4.0412520">
    <ele>408.8</ele>
    <time>2026-09-19T10:32:07Z</time>
   </trkpt>
   <trkpt lat="43.2234510" lon="-4.0412030">
    <ele>408.6</ele>
    <time>2026-09-19T10:32:08Z</time>
   </trkpt>
   <trkpt lat="43.2233910" lon="-4.0411510">
    <ele>408.6</ele>
    <time>2026-09-19T10:32:09Z</time>
   </trkpt>
   <trkpt lat="43.2233310" lon="-4.0410930">
    <ele>408.6</ele>
    <time>2026-09-19T10:32:10Z</time>
   </trkpt>
   <trkpt lat="43.2232790" lon="-4.0410260">
    <ele>408.8</ele>
    <time>2026-09-19T10:32:11Z</time>
   </trkpt>
   <trkpt lat="43.2232360" lon="-4.0409490">
    <ele>409.0</ele>
    <time>2026-09-19T10:32:12Z</time>
   </trkpt>
   <trkpt lat="43.2231960" lon="-4.0408570">
    <ele>409.4</ele>
    <time>2026-09-19T10:32:13Z</time>
   </trkpt>
   <trkpt lat="43.2231540" lon="-4.0407660">
    <ele>410.0</ele>
    <time>2026-09-19T10:32:14Z</time>
   </trkpt>
   <trkpt lat="43.2231120" lon="-4.0406640">
    <ele>410.8</ele>
    <time>2026-09-19T10:32:15Z</time>
   </trkpt>
   <trkpt lat="43.2230690" lon="-4.0405700">
    <ele>411.7</ele>
    <time>2026-09-19T10:32:16Z</time>
   </trkpt>
   <trkpt lat="43.2230230" lon="-4.0404790">
    <ele>412.7</ele>
    <time>2026-09-19T10:32:17Z</time>
   </trkpt>
   <trkpt lat="43.2229730" lon="-4.0403980">
    <ele>413.7</ele>
    <time>2026-09-19T10:32:18Z</time>
   </trkpt>
   <trkpt lat="43.2229160" lon="-4.0403220">
    <ele>414.8</ele>
    <time>2026-09-19T10:32:19Z</time>
   </trkpt>
   <trkpt lat="43.2228580" lon="-4.0402530">
    <ele>416.0</ele>
    <time>2026-09-19T10:32:20Z</time>
   </trkpt>
   <trkpt lat="43.2227940" lon="-4.0401950">
    <ele>417.2</ele>
    <time>2026-09-19T10:32:21Z</time>
   </trkpt>
   <trkpt lat="43.2227240" lon="-4.0401470">
    <ele>418.3</ele>
    <time>2026-09-19T10:32:22Z</time>
   </trkpt>
   <trkpt lat="43.2226480" lon="-4.0401070">
    <ele>419.6</ele>
    <time>2026-09-19T10:32:23Z</time>
   </trkpt>
   <trkpt lat="43.2225720" lon="-4.0400690">
    <ele>420.8</ele>
    <time>2026-09-19T10:32:24Z</time>
   </trkpt>
   <trkpt lat="43.2224990" lon="-4.0400160">
    <ele>422.1</ele>
    <time>2026-09-19T10:32:25Z</time>
   </trkpt>
   <trkpt lat="43.2224350" lon="-4.0399550">
    <ele>423.4</ele>
    <time>2026-09-19T10:32:26Z</time>
   </trkpt>
   <trkpt lat="43.2223790" lon="-4.0398880">
    <ele>424.7</ele>
    <time>2026-09-19T10:32:27Z</time>
   </trkpt>
   <trkpt lat="43.2223170" lon="-4.0398060">
    <ele>426.2</ele>
    <time>2026-09-19T10:32:28Z</time>
   </trkpt>
   <trkpt lat="43.2222550" lon="-4.0397380">
    <ele>427.5</ele>
    <time>2026-09-19T10:32:29Z</time>
   </trkpt>
   <trkpt lat="43.2221800" lon="-4.0396720">
    <ele>429.1</ele>
    <time>2026-09-19T10:32:30Z</time>
   </trkpt>
   <trkpt lat="43.2221080" lon="-4.0396210">
    <ele>430.4</ele>
    <time>2026-09-19T10:32:31Z</time>
   </trkpt>
   <trkpt lat="43.2220320" lon="-4.0395700">
    <ele>431.9</ele>
    <time>2026-09-19T10:32:32Z</time>
   </trkpt>
   <trkpt lat="43.2219600" lon="-4.0395180">
    <ele>433.2</ele>
    <time>2026-09-19T10:32:33Z</time>
   </trkpt>
   <trkpt lat="43.2219070" lon="-4.0394550">
    <ele>434.4</ele>
    <time>2026-09-19T10:32:34Z</time>
   </trkpt>
   <trkpt lat="43.2218740" lon="-4.0393760">
    <ele>435.5</ele>
    <time>2026-09-19T10:32:35Z</time>
   </trkpt>
   <trkpt lat="43.2218580" lon="-4.0392780">
    <ele>436.8</ele>
    <time>2026-09-19T10:32:36Z</time>
   </trkpt>
   <trkpt lat="43.2218560" lon="-4.0391760">
    <ele>438.0</ele>
    <time>2026-09-19T10:32:37Z</time>
   </trkpt>
   <trkpt lat="43.2218620" lon="-4.0390670">
    <ele>439.1</ele>
    <time>2026-09-19T10:32:38Z</time>
   </trkpt>
   <trkpt lat="43.2218670" lon="-4.0389590">
    <ele>440.3</ele>
    <time>2026-09-19T10:32:39Z</time>
   </trkpt>
   <trkpt lat="43.2218790" lon="-4.0388570">
    <ele>441.2</ele>
    <time>2026-09-19T10:32:40Z</time>
   </trkpt>
   <trkpt lat="43.2219010" lon="-4.0387640">
    <ele>442.0</ele>
    <time>2026-09-19T10:32:41Z</time>
   </trkpt>
   <trkpt lat="43.2219300" lon="-4.0386870">
    <ele>442.5</ele>
    <time>2026-09-19T10:32:42Z</time>
   </trkpt>
   <trkpt lat="43.2219700" lon="-4.0386100">
    <ele>443.0</ele>
    <time>2026-09-19T10:32:43Z</time>
   </trkpt>
   <trkpt lat="43.2220030" lon="-4.0385370">
    <ele>443.5</ele>
    <time>2026-09-19T10:32:44Z</time>
   </trkpt>
   <trkpt lat="43.2220170" lon="-4.0384630">
    <ele>443.9</ele>
    <time>2026-09-19T10:32:45Z</time>
   </trkpt>
   <trkpt lat="43.2220160" lon="-4.0383900">
    <ele>444.3</ele>
    <time>2026-09-19T10:32:46Z</time>
   </trkpt>
   <trkpt lat="43.2219930" lon="-4.0383040">
    <ele>444.9</ele>
    <time>2026-09-19T10:32:47Z</time>
   </trkpt>
   <trkpt lat="43.2219610" lon="-4.0382190">
    <ele>445.8</ele>
    <time>2026-09-19T10:32:48Z</time>
   </trkpt>
   <trkpt lat="43.2219200" lon="-4.0381300">
    <ele>446.7</ele>
    <time>2026-09-19T10:32:49Z</time>
   </trkpt>
   <trkpt lat="43.2218670" lon="-4.0380460">
    <ele>447.9</ele>
    <time>2026-09-19T10:32:50Z</time>
   </trkpt>
   <trkpt lat="43.2218070" lon="-4.0379680">
    <ele>449.2</ele>
    <time>2026-09-19T10:32:51Z</time>
   </trkpt>
   <trkpt lat="43.2217410" lon="-4.0378980">
    <ele>450.6</ele>
    <time>2026-09-19T10:32:52Z</time>
   </trkpt>
   <trkpt lat="43.2216810" lon="-4.0378250">
    <ele>451.9</ele>
    <time>2026-09-19T10:32:53Z</time>
   </trkpt>
   <trkpt lat="43.2216160" lon="-4.0377440">
    <ele>453.4</ele>
    <time>2026-09-19T10:32:54Z</time>
   </trkpt>
   <trkpt lat="43.2215560" lon="-4.0376690">
    <ele>454.8</ele>
    <time>2026-09-19T10:32:55Z</time>
   </trkpt>
   <trkpt lat="43.2214920" lon="-4.0375980">
    <ele>456.2</ele>
    <time>2026-09-19T10:32:56Z</time>
   </trkpt>
   <trkpt lat="43.2214260" lon="-4.0375340">
    <ele>457.5</ele>
    <time>2026-09-19T10:32:57Z</time>
   </trkpt>
   <trkpt lat="43.2213540" lon="-4.0374860">
    <ele>458.6</ele>
    <time>2026-09-19T10:32:58Z</time>
   </trkpt>
   <trkpt lat="43.2212770" lon="-4.0374500">
    <ele>459.6</ele>
    <time>2026-09-19T10:32:59Z</time>
   </trkpt>
   <trkpt lat="43.2211990" lon="-4.0374070">
    <ele>460.6</ele>
    <time>2026-09-19T10:33:00Z</time>
   </trkpt>
   <trkpt lat="43.2211190" lon="-4.0373720">
    <ele>461.4</ele>
    <time>2026-09-19T10:33:01Z</time>
   </trkpt>
   <trkpt lat="43.2210410" lon="-4.0373400">
    <ele>462.1</ele>
    <time>2026-09-19T10:33:02Z</time>
   </trkpt>
   <trkpt lat="43.2209570" lon="-4.0373090">
    <ele>462.8</ele>
    <time>2026-09-19T10:33:03Z</time>
   </trkpt>
   <trkpt lat="43.2208800" lon="-4.0372820">
    <ele>463.3</ele>
    <time>2026-09-19T10:33:04Z</time>
   </trkpt>
   <trkpt lat="43.2208000" lon="-4.0372520">
    <ele>463.8</ele>
    <time>2026-09-19T10:33:05Z</time>
   </trkpt>
   <trkpt lat="43.2207180" lon="-4.0372180">
    <ele>464.3</ele>
    <time>2026-09-19T10:33:06Z</time>
   </trkpt>
   <trkpt lat="43.2206370" lon="-4.0371610">
    <ele>464.9</ele>
    <time>2026-09-19T10:33:07Z</time>
   </trkpt>
   <trkpt lat="43.2205540" lon="-4.0370860">
    <ele>465.4</ele>
    <time>2026-09-19T10:33:08Z</time>
   </trkpt>
   <trkpt lat="43.2204790" lon="-4.0370030">
    <ele>465.9</ele>
    <time>2026-09-19T10:33:09Z</time>
   </trkpt>
   <trkpt lat="43.2204010" lon="-4.0369200">
    <ele>466.6</ele>
    <time>2026-09-19T10:33:10Z</time>
   </trkpt>
   <trkpt lat="43.2203180" lon="-4.0368350">
    <ele>467.3</ele>
    <time>2026-09-19T10:33:11Z</time>
   </trkpt>
   <trkpt lat="43.2202350" lon="-4.0367540">
    <ele>468.0</ele>
    <time>2026-09-19T10:33:12Z</time>
   </trkpt>
   <trkpt lat="43.2201500" lon="-4.0366720">
    <ele>468.6</ele>
    <time>2026-09-19T10:33:13Z</time>
   </trkpt>
   <trkpt lat="43.2200740" lon="-4.0365940">
    <ele>469.1</ele>
    <time>2026-09-19T10:33:14Z</time>
   </trkpt>
   <trkpt lat="43.2199940" lon="-4.0365150">
    <ele>469.5</ele>
    <time>2026-09-19T10:33:15Z</time>
   </trkpt>
   <trkpt lat="43.2199070" lon="-4.0364360">
    <ele>469.9</ele>
    <time>2026-09-19T10:33:16Z</time>
   </trkpt>
   <trkpt lat="43.2198260" lon="-4.0363620">
    <ele>470.3</ele>
    <time>2026-09-19T10:33:17Z</time>
   </trkpt>
   <trkpt lat="43.2197440" lon="-4.0362840">
    <ele>470.8</ele>
    <time>2026-09-19T10:33:18Z</time>
   </trkpt>
   <trkpt lat="43.2196630" lon="-4.0362070">
    <ele>471.4</ele>
    <time>2026-09-19T10:33:19Z</time>
   </trkpt>
   <trkpt lat="43.2195810" lon="-4.0361370">
    <ele>472.2</ele>
    <time>2026-09-19T10:33:20Z</time>
   </trkpt>
   <trkpt lat="43.2195010" lon="-4.0360740">
    <ele>472.9</ele>
    <time>2026-09-19T10:33:21Z</time>
   </trkpt>
   <trkpt lat="43.2194210" lon="-4.0360190">
    <ele>473.7</ele>
    <time>2026-09-19T10:33:22Z</time>
   </trkpt>
   <trkpt lat="43.2193390" lon="-4.0359640">
    <ele>474.4</ele>
    <time>2026-09-19T10:33:23Z</time>
   </trkpt>
   <trkpt lat="43.2192510" lon="-4.0359140">
    <ele>475.0</ele>
    <time>2026-09-19T10:33:24Z</time>
   </trkpt>
   <trkpt lat="43.2191630" lon="-4.0358740">
    <ele>475.5</ele>
    <time>2026-09-19T10:33:25Z</time>
   </trkpt>
   <trkpt lat="43.2190710" lon="-4.0358440">
    <ele>475.9</ele>
    <time>2026-09-19T10:33:26Z</time>
   </trkpt>
   <trkpt lat="43.2189730" lon="-4.0358210">
    <ele>476.2</ele>
    <time>2026-09-19T10:33:27Z</time>
   </trkpt>
   <trkpt lat="43.2188730" lon="-4.0357990">
    <ele>476.5</ele>
    <time>2026-09-19T10:33:28Z</time>
   </trkpt>
   <trkpt lat="43.2187670" lon="-4.0357780">
    <ele>476.8</ele>
    <time>2026-09-19T10:33:29Z</time>
   </trkpt>
   <trkpt lat="43.2186650" lon="-4.0357450">
    <ele>477.2</ele>
    <time>2026-09-19T10:33:30Z</time>
   </trkpt>
   <trkpt lat="43.2185580" lon="-4.0356980">
    <ele>477.7</ele>
    <time>2026-09-19T10:33:31Z</time>
   </trkpt>
   <trkpt lat="43.2184580" lon="-4.0356530">
    <ele>478.1</ele>
    <time>2026-09-19T10:33:32Z</time>
   </trkpt>
   <trkpt lat="43.2183650" lon="-4.0356110">
    <ele>478.3</ele>
    <time>2026-09-19T10:33:33Z</time>
   </trkpt>
   <trkpt lat="43.2182750" lon="-4.0355690">
    <ele>478.5</ele>
    <time>2026-09-19T10:33:34Z</time>
   </trkpt>
   <trkpt lat="43.2181920" lon="-4.0355190">
    <ele>478.6</ele>
    <time>2026-09-19T10:33:35Z</time>
   </trkpt>
   <trkpt lat="43.2181180" lon="-4.0354630">
    <ele>478.6</ele>
    <time>2026-09-19T10:33:36Z</time>
   </trkpt>
   <trkpt lat="43.2180470" lon="-4.0354040">
    <ele>478.7</ele>
    <time>2026-09-19T10:33:37Z</time>
   </trkpt>
   <trkpt lat="43.2179870" lon="-4.0353500">
    <ele>478.7</ele>
    <time>2026-09-19T10:33:38Z</time>
   </trkpt>
   <trkpt lat="43.2179340" lon="-4.0352910">
    <ele>478.8</ele>
    <time>2026-09-19T10:33:39Z</time>
   </trkpt>
   <trkpt lat="43.2178910" lon="-4.0352260">
    <ele>478.9</ele>
    <time>2026-09-19T10:33:40Z</time>
   </trkpt>
   <trkpt lat="43.2178480" lon="-4.0351510">
    <ele>479.0</ele>
    <time>2026-09-19T10:33:41Z</time>
   </trkpt>
   <trkpt lat="43.2178030" lon="-4.0350700">
    <ele>479.0</ele>
    <time>2026-09-19T10:33:42Z</time>
   </trkpt>
   <trkpt lat="43.2177500" lon="-4.0349860">
    <ele>479.0</ele>
    <time>2026-09-19T10:33:43Z</time>
   </trkpt>
   <trkpt lat="43.2176950" lon="-4.0349090">
    <ele>479.0</ele>
    <time>2026-09-19T10:33:44Z</time>
   </trkpt>
   <trkpt lat="43.2176310" lon="-4.0348360">
    <ele>478.9</ele>
    <time>2026-09-19T10:33:45Z</time>
   </trkpt>
   <trkpt lat="43.2175680" lon="-4.0347620">
    <ele>478.6</ele>
    <time>2026-09-19T10:33:46Z</time>
   </trkpt>
   <trkpt lat="43.2175140" lon="-4.0346760">
    <ele>478.4</ele>
    <time>2026-09-19T10:33:47Z</time>
   </trkpt>
   <trkpt lat="43.2174700" lon="-4.0345880">
    <ele>478.1</ele>
    <time>2026-09-19T10:33:48Z</time>
   </trkpt>
   <trkpt lat="43.2174380" lon="-4.0344940">
    <ele>477.7</ele>
    <time>2026-09-19T10:33:49Z</time>
   </trkpt>
   <trkpt lat="43.2174110" lon="-4.0343910">
    <ele>477.2</ele>
    <time>2026-09-19T10:33:50Z</time>
   </trkpt>
   <trkpt lat="43.2173790" lon="-4.0342880">
    <ele>476.6</ele>
    <time>2026-09-19T10:33:51Z</time>
   </trkpt>
   <trkpt lat="43.2173340" lon="-4.0342040">
    <ele>476.1</ele>
    <time>2026-09-19T10:33:52Z</time>
   </trkpt>
   <trkpt lat="43.2172710" lon="-4.0341360">
    <ele>475.5</ele>
    <time>2026-09-19T10:33:53Z</time>
   </trkpt>
   <trkpt lat="43.2172000" lon="-4.0340880">
    <ele>475.0</ele>
    <time>2026-09-19T10:33:54Z</time>
   </trkpt>
   <trkpt lat="43.2171370" lon="-4.0340360">
    <ele>474.5</ele>
    <time>2026-09-19T10:33:55Z</time>
   </trkpt>
   <trkpt lat="43.2170800" lon="-4.0339760">
    <ele>474.1</ele>
    <time>2026-09-19T10:33:56Z</time>
   </trkpt>
   <trkpt lat="43.2170360" lon="-4.0339030">
    <ele>473.5</ele>
    <time>2026-09-19T10:33:57Z</time>
   </trkpt>
   <trkpt lat="43.2169980" lon="-4.0338180">
    <ele>472.9</ele>
    <time>2026-09-19T10:33:58Z</time>
   </trkpt>
   <trkpt lat="43.2169620" lon="-4.0337210">
    <ele>472.2</ele>
    <time>2026-09-19T10:33:59Z</time>
   </trkpt>
   <trkpt lat="43.2169270" lon="-4.0336280">
    <ele>471.4</ele>
    <time>2026-09-19T10:34:00Z</time>
   </trkpt>
   <trkpt lat="43.2168880" lon="-4.0335410">
    <ele>470.6</ele>
    <time>2026-09-19T10:34:01Z</time>
   </trkpt>
   <trkpt lat="43.2168480" lon="-4.0334580">
    <ele>469.7</ele>
    <time>2026-09-19T10:34:02Z</time>
   </trkpt>
   <trkpt lat="43.2168100" lon="-4.0333740">
    <ele>468.7</ele>
    <time>2026-09-19T10:34:03Z</time>
   </trkpt>
   <trkpt lat="43.2167650" lon="-4.0332860">
    <ele>467.7</ele>
    <time>2026-09-19T10:34:04Z</time>
   </trkpt>
   <trkpt lat="43.2167140" lon="-4.0332030">
    <ele>466.7</ele>
    <time>2026-09-19T10:34:05Z</time>
   </trkpt>
   <trkpt lat="43.2166520" lon="-4.0331320">
    <ele>465.6</ele>
    <time>2026-09-19T10:34:06Z</time>
   </trkpt>
   <trkpt lat="43.2165760" lon="-4.0330850">
    <ele>464.7</ele>
    <time>2026-09-19T10:34:07Z</time>
   </trkpt>
   <trkpt lat="43.2164940" lon="-4.0330550">
    <ele>463.9</ele>
    <time>2026-09-19T10:34:08Z</time>
   </trkpt>
   <trkpt lat="43.2164050" lon="-4.0330230">
    <ele>463.1</ele>
    <time>2026-09-19T10:34:09Z</time>
   </trkpt>
   <trkpt lat="43.2163270" lon="-4.0329810">
    <ele>462.6</ele>
    <time>2026-09-19T10:34:10Z</time>
   </trkpt>
   <trkpt lat="43.2162660" lon="-4.0329230">
    <ele>462.2</ele>
    <time>2026-09-19T10:34:11Z</time>
   </trkpt>
   <trkpt lat="43.2162250" lon="-4.0328440">
    <ele>461.8</ele>
    <time>2026-09-19T10:34:12Z</time>
   </trkpt>
   <trkpt lat="43.2162000" lon="-4.0327510">
    <ele>461.3</ele>
    <time>2026-09-19T10:34:13Z</time>
   </trkpt>
   <trkpt lat="43.2161840" lon="-4.0326530">
    <ele>460.8</ele>
    <time>2026-09-19T10:34:14Z</time>
   </trkpt>
   <trkpt lat="43.2161810" lon="-4.0325560">
    <ele>460.4</ele>
    <time>2026-09-19T10:34:15Z</time>
   </trkpt>
   <trkpt lat="43.2161810" lon="-4.0324650">
    <ele>460.1</ele>
    <time>2026-09-19T10:34:16Z</time>
   </trkpt>
   <trkpt lat="43.2161760" lon="-4.0323730">
    <ele>459.9</ele>
    <time>2026-09-19T10:34:17Z</time>
   </trkpt>
   <trkpt lat="43.2161600" lon="-4.0323000">
    <ele>459.7</ele>
    <time>2026-09-19T10:34:18Z</time>
   </trkpt>
   <trkpt lat="43.2161250" lon="-4.0322590">
    <ele>459.6</ele>
    <time>2026-09-19T10:34:19Z</time>
   </trkpt>
   <trkpt lat="43.2160810" lon="-4.0322520">
    <ele>459.6</ele>
    <time>2026-09-19T10:34:20Z</time>
   </trkpt>
   <trkpt lat="43.2160240" lon="-4.0322760">
    <ele>459.5</ele>
    <time>2026-09-19T10:34:21Z</time>
   </trkpt>
   <trkpt lat="43.2159700" lon="-4.0323320">
    <ele>459.6</ele>
    <time>2026-09-19T10:34:22Z</time>
   </trkpt>
   <trkpt lat="43.2159120" lon="-4.0324080">
    <ele>459.8</ele>
    <time>2026-09-19T10:34:23Z</time>
   </trkpt>
   <trkpt lat="43.2158370" lon="-4.0324910">
    <ele>460.2</ele>
    <time>2026-09-19T10:34:24Z</time>
   </trkpt>
   <trkpt lat="43.2157600" lon="-4.0325650">
    <ele>460.8</ele>
    <time>2026-09-19T10:34:25Z</time>
   </trkpt>
   <trkpt lat="43.2156980" lon="-4.0326430">
    <ele>461.6</ele>
    <time>2026-09-19T10:34:26Z</time>
   </trkpt>
   <trkpt lat="43.2156360" lon="-4.0327100">
    <ele>462.6</ele>
    <time>2026-09-19T10:34:27Z</time>
   </trkpt>
   <trkpt lat="43.2155680" lon="-4.0327630">
    <ele>463.6</ele>
    <time>2026-09-19T10:34:28Z</time>
   </trkpt>
   <trkpt lat="43.2154910" lon="-4.0327930">
    <ele>464.7</ele>
    <time>2026-09-19T10:34:29Z</time>
   </trkpt>
   <trkpt lat="43.2154160" lon="-4.0328030">
    <ele>465.6</ele>
    <time>2026-09-19T10:34:30Z</time>
   </trkpt>
   <trkpt lat="43.2153370" lon="-4.0327880">
    <ele>466.5</ele>
    <time>2026-09-19T10:34:31Z</time>
   </trkpt>
   <trkpt lat="43.2152570" lon="-4.0327540">
    <ele>467.5</ele>
    <time>2026-09-19T10:34:32Z</time>
   </trkpt>
   <trkpt lat="43.2151790" lon="-4.0327210">
    <ele>468.4</ele>
    <time>2026-09-19T10:34:33Z</time>
   </trkpt>
   <trkpt lat="43.2151040" lon="-4.0327120">
    <ele>469.2</ele>
    <time>2026-09-19T10:34:34Z</time>
   </trkpt>
   <trkpt lat="43.2150380" lon="-4.0327390">
    <ele>469.8</ele>
    <time>2026-09-19T10:34:35Z</time>
   </trkpt>
   <trkpt lat="43.2149850" lon="-4.0328010">
    <ele>470.4</ele>
    <time>2026-09-19T10:34:36Z</time>
   </trkpt>
   <trkpt lat="43.2149430" lon="-4.0328940">
    <ele>471.0</ele>
    <time>2026-09-19T10:34:37Z</time>
   </trkpt>
   <trkpt lat="43.2149020" lon="-4.0329980">
    <ele>471.8</ele>
    <time>2026-09-19T10:34:38Z</time>
   </trkpt>
   <trkpt lat="43.2148540" lon="-4.0330880">
    <ele>472.5</ele>
    <time>2026-09-19T10:34:39Z</time>
   </trkpt>
   <trkpt lat="43.2147890" lon="-4.0331520">
    <ele>473.0</ele>
    <time>2026-09-19T10:34:40Z</time>
   </trkpt>
   <trkpt lat="43.2147050" lon="-4.0331770">
    <ele>473.4</ele>
    <time>2026-09-19T10:34:41Z</time>
   </trkpt>
   <trkpt lat="43.2146120" lon="-4.0331700">
    <ele>473.7</ele>
    <time>2026-09-19T10:34:42Z</time>
   </trkpt>
   <trkpt lat="43.2145150" lon="-4.0331320">
    <ele>473.9</ele>
    <time>2026-09-19T10:34:43Z</time>
   </trkpt>
   <trkpt lat="43.2144230" lon="-4.0330750">
    <ele>474.2</ele>
    <time>2026-09-19T10:34:44Z</time>
   </trkpt>
   <trkpt lat="43.2143270" lon="-4.0330030">
    <ele>474.6</ele>
    <time>2026-09-19T10:34:45Z</time>
   </trkpt>
   <trkpt lat="43.2142330" lon="-4.0329290">
    <ele>474.9</ele>
    <time>2026-09-19T10:34:46Z</time>
   </trkpt>
   <trkpt lat="43.2141430" lon="-4.0328560">
    <ele>475.3</ele>
    <time>2026-09-19T10:34:47Z</time>
   </trkpt>
   <trkpt lat="43.2140560" lon="-4.0327970">
    <ele>475.6</ele>
    <time>2026-09-19T10:34:48Z</time>
   </trkpt>
   <trkpt lat="43.2139650" lon="-4.0327660">
    <ele>476.0</ele>
    <time>2026-09-19T10:34:49Z</time>
   </trkpt>
   <trkpt lat="43.2138760" lon="-4.0327470">
    <ele>476.4</ele>
    <time>2026-09-19T10:34:50Z</time>
   </trkpt>
   <trkpt lat="43.2137960" lon="-4.0327140">
    <ele>476.8</ele>
    <time>2026-09-19T10:34:51Z</time>
   </trkpt>
   <trkpt lat="43.2137060" lon="-4.0326780">
    <ele>477.2</ele>
    <time>2026-09-19T10:34:52Z</time>
   </trkpt>
   <trkpt lat="43.2136150" lon="-4.0326720">
    <ele>477.5</ele>
    <time>2026-09-19T10:34:53Z</time>
   </trkpt>
   <trkpt lat="43.2135320" lon="-4.0327090">
    <ele>477.9</ele>
    <time>2026-09-19T10:34:54Z</time>
   </trkpt>
   <trkpt lat="43.2134480" lon="-4.0327890">
    <ele>478.3</ele>
    <time>2026-09-19T10:34:55Z</time>
   </trkpt>
   <trkpt lat="43.2133650" lon="-4.0328900">
    <ele>478.7</ele>
    <time>2026-09-19T10:34:56Z</time>
   </trkpt>
   <trkpt lat="43.2132860" lon="-4.0329870">
    <ele>479.1</ele>
    <time>2026-09-19T10:34:57Z</time>
   </trkpt>
   <trkpt lat="43.2131960" lon="-4.0330910">
    <ele>479.6</ele>
    <time>2026-09-19T10:34:58Z</time>
   </trkpt>
   <trkpt lat="43.2131210" lon="-4.0331820">
    <ele>480.1</ele>
    <time>2026-09-19T10:34:59Z</time>
   </trkpt>
   <trkpt lat="43.2130440" lon="-4.0332910">
    <ele>480.8</ele>
    <time>2026-09-19T10:35:00Z</time>
   </trkpt>
   <trkpt lat="43.2129720" lon="-4.0333900">
    <ele>481.5</ele>
    <time>2026-09-19T10:35:01Z</time>
   </trkpt>
   <trkpt lat="43.2128940" lon="-4.0334790">
    <ele>482.2</ele>
    <time>2026-09-19T10:35:02Z</time>
   </trkpt>
   <trkpt lat="43.2128140" lon="-4.0335590">
    <ele>482.9</ele>
    <time>2026-09-19T10:35:03Z</time>
   </trkpt>
   <trkpt lat="43.2127390" lon="-4.0336370">
    <ele>483.6</ele>
    <time>2026-09-19T10:35:04Z</time>
   </trkpt>
   <trkpt lat="43.2126770" lon="-4.0337320">
    <ele>484.2</ele>
    <time>2026-09-19T10:35:05Z</time>
   </trkpt>
   <trkpt lat="43.2126140" lon="-4.0338340">
    <ele>484.8</ele>
    <time>2026-09-19T10:35:06Z</time>
   </trkpt>
   <trkpt lat="43.2125470" lon="-4.0339280">
    <ele>485.3</ele>
    <time>2026-09-19T10:35:07Z</time>
   </trkpt>
   <trkpt lat="43.2124750" lon="-4.0340100">
    <ele>485.7</ele>
    <time>2026-09-19T10:35:08Z</time>
   </trkpt>
   <trkpt lat="43.2124000" lon="-4.0340660">
    <ele>486.1</ele>
    <time>2026-09-19T10:35:09Z</time>
   </trkpt>
   <trkpt lat="43.2123220" lon="-4.0340930">
    <ele>486.5</ele>
    <time>2026-09-19T10:35:10Z</time>
   </trkpt>
   <trkpt lat="43.2122470" lon="-4.0340850">
    <ele>486.8</ele>
    <time>2026-09-19T10:35:11Z</time>
   </trkpt>
   <trkpt lat="43.2121630" lon="-4.0340520">
    <ele>487.2</ele>
    <time>2026-09-19T10:35:12Z</time>
   </trkpt>
   <trkpt lat="43.2120830" lon="-4.0340300">
    <ele>487.6</ele>
    <time>2026-09-19T10:35:13Z</time>
   </trkpt>
   <trkpt lat="43.2120130" lon="-4.0340440">
    <ele>487.9</ele>
    <time>2026-09-19T10:35:14Z</time>
   </trkpt>
   <trkpt lat="43.2119340" lon="-4.0340910">
    <ele>488.4</ele>
    <time>2026-09-19T10:35:15Z</time>
   </trkpt>
   <trkpt lat="43.2118440" lon="-4.0341400">
    <ele>488.9</ele>
    <time>2026-09-19T10:35:16Z</time>
   </trkpt>
   <trkpt lat="43.2117520" lon="-4.0341770">
    <ele>489.3</ele>
    <time>2026-09-19T10:35:17Z</time>
   </trkpt>
   <trkpt lat="43.2116670" lon="-4.0342110">
    <ele>489.7</ele>
    <time>2026-09-19T10:35:18Z</time>
   </trkpt>
   <trkpt lat="43.2115850" lon="-4.0342540">
    <ele>490.0</ele>
    <time>2026-09-19T10:35:19Z</time>
   </trkpt>
   <trkpt lat="43.2115110" lon="-4.0343150">
    <ele>490.2</ele>
    <time>2026-09-19T10:35:20Z</time>
   </trkpt>
   <trkpt lat="43.2114360" lon="-4.0344030">
    <ele>490.4</ele>
    <time>2026-09-19T10:35:21Z</time>
   </trkpt>
   <trkpt lat="43.2113610" lon="-4.0344790">
    <ele>490.4</ele>
    <time>2026-09-19T10:35:22Z</time>
   </trkpt>
   <trkpt lat="43.2112810" lon="-4.0345330">
    <ele>490.5</ele>
    <time>2026-09-19T10:35:23Z</time>
   </trkpt>
   <trkpt lat="43.2112010" lon="-4.0345800">
    <ele>490.4</ele>
    <time>2026-09-19T10:35:24Z</time>
   </trkpt>
   <trkpt lat="43.2111280" lon="-4.0346400">
    <ele>490.3</ele>
    <time>2026-09-19T10:35:25Z</time>
   </trkpt>
   <trkpt lat="43.2110560" lon="-4.0347270">
    <ele>490.3</ele>
    <time>2026-09-19T10:35:26Z</time>
   </trkpt>
   <trkpt lat="43.2109880" lon="-4.0348190">
    <ele>490.3</ele>
    <time>2026-09-19T10:35:27Z</time>
   </trkpt>
   <trkpt lat="43.2109210" lon="-4.0349010">
    <ele>490.4</ele>
    <time>2026-09-19T10:35:28Z</time>
   </trkpt>
   <trkpt lat="43.2108460" lon="-4.0349800">
    <ele>490.6</ele>
    <time>2026-09-19T10:35:29Z</time>
   </trkpt>
   <trkpt lat="43.2107790" lon="-4.0350650">
    <ele>490.8</ele>
    <time>2026-09-19T10:35:30Z</time>
   </trkpt>
   <trkpt lat="43.2107230" lon="-4.0351690">
    <ele>491.0</ele>
    <time>2026-09-19T10:35:31Z</time>
   </trkpt>
   <trkpt lat="43.2106710" lon="-4.0352900">
    <ele>491.2</ele>
    <time>2026-09-19T10:35:32Z</time>
   </trkpt>
   <trkpt lat="43.2106150" lon="-4.0354050">
    <ele>491.3</ele>
    <time>2026-09-19T10:35:33Z</time>
   </trkpt>
   <trkpt lat="43.2105550" lon="-4.0355160">
    <ele>491.6</ele>
    <time>2026-09-19T10:35:34Z</time>
   </trkpt>
   <trkpt lat="43.2104960" lon="-4.0356250">
    <ele>491.9</ele>
    <time>2026-09-19T10:35:35Z</time>
   </trkpt>
   <trkpt lat="43.2104490" lon="-4.0357380">
    <ele>492.4</ele>
    <time>2026-09-19T10:35:36Z</time>
   </trkpt>
   <trkpt lat="43.2104130" lon="-4.0358620">
    <ele>492.9</ele>
    <time>2026-09-19T10:35:37Z</time>
   </trkpt>
   <trkpt lat="43.2103830" lon="-4.0359970">
    <ele>493.5</ele>
    <time>2026-09-19T10:35:38Z</time>
   </trkpt>
   <trkpt lat="43.2103580" lon="-4.0361350">
    <ele>494.1</ele>
    <time>2026-09-19T10:35:39Z</time>
   </trkpt>
   <trkpt lat="43.2103430" lon="-4.0362640">
    <ele>494.5</ele>
    <time>2026-09-19T10:35:40Z</time>
   </trkpt>
   <trkpt lat="43.2103230" lon="-4.0364000">
    <ele>494.8</ele>
    <time>2026-09-19T10:35:41Z</time>
   </trkpt>
   <trkpt lat="43.2102960" lon="-4.0365280">
    <ele>494.8</ele>
    <time>2026-09-19T10:35:42Z</time>
   </trkpt>
   <trkpt lat="43.2102620" lon="-4.0366560">
    <ele>494.8</ele>
    <time>2026-09-19T10:35:43Z</time>
   </trkpt>
   <trkpt lat="43.2102190" lon="-4.0367820">
    <ele>494.7</ele>
    <time>2026-09-19T10:35:44Z</time>
   </trkpt>
   <trkpt lat="43.2101740" lon="-4.0369040">
    <ele>494.6</ele>
    <time>2026-09-19T10:35:45Z</time>
   </trkpt>
   <trkpt lat="43.2101260" lon="-4.0370170">
    <ele>494.5</ele>
    <time>2026-09-19T10:35:46Z</time>
   </trkpt>
   <trkpt lat="43.2100750" lon="-4.0371180">
    <ele>494.4</ele>
    <time>2026-09-19T10:35:47Z</time>
   </trkpt>
   <trkpt lat="43.2100230" lon="-4.0372130">
    <ele>494.1</ele>
    <time>2026-09-19T10:35:48Z</time>
   </trkpt>
   <trkpt lat="43.2099630" lon="-4.0372980">
    <ele>493.7</ele>
    <time>2026-09-19T10:35:49Z</time>
   </trkpt>
   <trkpt lat="43.2098930" lon="-4.0373730">
    <ele>493.3</ele>
    <time>2026-09-19T10:35:50Z</time>
   </trkpt>
   <trkpt lat="43.2098200" lon="-4.0374390">
    <ele>493.0</ele>
    <time>2026-09-19T10:35:51Z</time>
   </trkpt>
   <trkpt lat="43.2097430" lon="-4.0375050">
    <ele>492.7</ele>
    <time>2026-09-19T10:35:52Z</time>
   </trkpt>
   <trkpt lat="43.2096790" lon="-4.0375730">
    <ele>492.7</ele>
    <time>2026-09-19T10:35:53Z</time>
   </trkpt>
   <trkpt lat="43.2096290" lon="-4.0376580">
    <ele>492.7</ele>
    <time>2026-09-19T10:35:54Z</time>
   </trkpt>
   <trkpt lat="43.2096020" lon="-4.0377630">
    <ele>492.7</ele>
    <time>2026-09-19T10:35:55Z</time>
   </trkpt>
   <trkpt lat="43.2095960" lon="-4.0378800">
    <ele>492.8</ele>
    <time>2026-09-19T10:35:56Z</time>
   </trkpt>
   <trkpt lat="43.2095990" lon="-4.0380140">
    <ele>492.9</ele>
    <time>2026-09-19T10:35:57Z</time>
   </trkpt>
   <trkpt lat="43.2096000" lon="-4.0381410">
    <ele>493.0</ele>
    <time>2026-09-19T10:35:58Z</time>
   </trkpt>
   <trkpt lat="43.2095970" lon="-4.0382650">
    <ele>493.1</ele>
    <time>2026-09-19T10:35:59Z</time>
   </trkpt>
   <trkpt lat="43.2095940" lon="-4.0383900">
    <ele>493.1</ele>
    <time>2026-09-19T10:36:00Z</time>
   </trkpt>
   <trkpt lat="43.2095970" lon="-4.0385170">
    <ele>493.2</ele>
    <time>2026-09-19T10:36:01Z</time>
   </trkpt>
   <trkpt lat="43.2096080" lon="-4.0386400">
    <ele>493.2</ele>
    <time>2026-09-19T10:36:02Z</time>
   </trkpt>
   <trkpt lat="43.2096250" lon="-4.0387630">
    <ele>493.1</ele>
    <time>2026-09-19T10:36:03Z</time>
   </trkpt>
   <trkpt lat="43.2096520" lon="-4.0388890">
    <ele>493.1</ele>
    <time>2026-09-19T10:36:04Z</time>
   </trkpt>
   <trkpt lat="43.2096910" lon="-4.0390080">
    <ele>493.0</ele>
    <time>2026-09-19T10:36:05Z</time>
   </trkpt>
   <trkpt lat="43.2097340" lon="-4.0391240">
    <ele>493.0</ele>
    <time>2026-09-19T10:36:06Z</time>
   </trkpt>
   <trkpt lat="43.2097740" lon="-4.0392390">
    <ele>493.1</ele>
    <time>2026-09-19T10:36:07Z</time>
   </trkpt>
   <trkpt lat="43.2098030" lon="-4.0393580">
    <ele>493.3</ele>
    <time>2026-09-19T10:36:08Z</time>
   </trkpt>
   <trkpt lat="43.2098190" lon="-4.0394820">
    <ele>493.7</ele>
    <time>2026-09-19T10:36:09Z</time>
   </trkpt>
   <trkpt lat="43.2098320" lon="-4.0396100">
    <ele>494.0</ele>
    <time>2026-09-19T10:36:10Z</time>
   </trkpt>
   <trkpt lat="43.2098410" lon="-4.0397420">
    <ele>494.4</ele>
    <time>2026-09-19T10:36:11Z</time>
   </trkpt>
   <trkpt lat="43.2098520" lon="-4.0398650">
    <ele>494.8</ele>
    <time>2026-09-19T10:36:12Z</time>
   </trkpt>
   <trkpt lat="43.2098660" lon="-4.0399790">
    <ele>495.1</ele>
    <time>2026-09-19T10:36:13Z</time>
   </trkpt>
   <trkpt lat="43.2098750" lon="-4.0400810">
    <ele>495.3</ele>
    <time>2026-09-19T10:36:14Z</time>
   </trkpt>
   <trkpt lat="43.2098850" lon="-4.0401850">
    <ele>495.4</ele>
    <time>2026-09-19T10:36:15Z</time>
   </trkpt>
   <trkpt lat="43.2098930" lon="-4.0402850">
    <ele>495.5</ele>
    <time>2026-09-19T10:36:16Z</time>
   </trkpt>
   <trkpt lat="43.2099080" lon="-4.0403780">
    <ele>495.6</ele>
    <time>2026-09-19T10:36:17Z</time>
   </trkpt>
   <trkpt lat="43.2099230" lon="-4.0404820">
    <ele>495.7</ele>
    <time>2026-09-19T10:36:18Z</time>
   </trkpt>
   <trkpt lat="43.2099310" lon="-4.0405930">
    <ele>495.8</ele>
    <time>2026-09-19T10:36:19Z</time>
   </trkpt>
   <trkpt lat="43.2099280" lon="-4.0407020">
    <ele>495.9</ele>
    <time>2026-09-19T10:36:20Z</time>
   </trkpt>
   <trkpt lat="43.2099140" lon="-4.0408060">
    <ele>495.9</ele>
    <time>2026-09-19T10:36:21Z</time>
   </trkpt>
   <trkpt lat="43.2098990" lon="-4.0408920">
    <ele>495.8</ele>
    <time>2026-09-19T10:36:22Z</time>
   </trkpt>
   <trkpt lat="43.2098980" lon="-4.0409830">
    <ele>495.5</ele>
    <time>2026-09-19T10:36:23Z</time>
   </trkpt>
   <trkpt lat="43.2099110" lon="-4.0410830">
    <ele>495.0</ele>
    <time>2026-09-19T10:36:24Z</time>
   </trkpt>
   <trkpt lat="43.2099350" lon="-4.0411930">
    <ele>494.3</ele>
    <time>2026-09-19T10:36:25Z</time>
   </trkpt>
   <trkpt lat="43.2099630" lon="-4.0413120">
    <ele>493.4</ele>
    <time>2026-09-19T10:36:26Z</time>
   </trkpt>
   <trkpt lat="43.2099740" lon="-4.0414180">
    <ele>492.6</ele>
    <time>2026-09-19T10:36:27Z</time>
   </trkpt>
   <trkpt lat="43.2099770" lon="-4.0415300">
    <ele>491.6</ele>
    <time>2026-09-19T10:36:28Z</time>
   </trkpt>
   <trkpt lat="43.2099730" lon="-4.0416430">
    <ele>490.6</ele>
    <time>2026-09-19T10:36:29Z</time>
   </trkpt>
   <trkpt lat="43.2099610" lon="-4.0417570">
    <ele>489.5</ele>
    <time>2026-09-19T10:36:30Z</time>
   </trkpt>
   <trkpt lat="43.2099420" lon="-4.0418700">
    <ele>488.4</ele>
    <time>2026-09-19T10:36:31Z</time>
   </trkpt>
   <trkpt lat="43.2099070" lon="-4.0419690">
    <ele>487.4</ele>
    <time>2026-09-19T10:36:32Z</time>
   </trkpt>
   <trkpt lat="43.2098610" lon="-4.0420700">
    <ele>486.3</ele>
    <time>2026-09-19T10:36:33Z</time>
   </trkpt>
   <trkpt lat="43.2098070" lon="-4.0421620">
    <ele>485.3</ele>
    <time>2026-09-19T10:36:34Z</time>
   </trkpt>
   <trkpt lat="43.2097500" lon="-4.0422570">
    <ele>484.3</ele>
    <time>2026-09-19T10:36:35Z</time>
   </trkpt>
   <trkpt lat="43.2097090" lon="-4.0423620">
    <ele>483.5</ele>
    <time>2026-09-19T10:36:36Z</time>
   </trkpt>
   <trkpt lat="43.2096720" lon="-4.0424810">
    <ele>482.7</ele>
    <time>2026-09-19T10:36:37Z</time>
   </trkpt>
   <trkpt lat="43.2096460" lon="-4.0425870">
    <ele>482.1</ele>
    <time>2026-09-19T10:36:38Z</time>
   </trkpt>
   <trkpt lat="43.2096080" lon="-4.0426960">
    <ele>481.5</ele>
    <time>2026-09-19T10:36:39Z</time>
   </trkpt>
   <trkpt lat="43.2095570" lon="-4.0428120">
    <ele>481.1</ele>
    <time>2026-09-19T10:36:40Z</time>
   </trkpt>
   <trkpt lat="43.2094900" lon="-4.0429210">
    <ele>480.7</ele>
    <time>2026-09-19T10:36:41Z</time>
   </trkpt>
   <trkpt lat="43.2094130" lon="-4.0430220">
    <ele>480.4</ele>
    <time>2026-09-19T10:36:42Z</time>
   </trkpt>
   <trkpt lat="43.2093360" lon="-4.0431200">
    <ele>480.0</ele>
    <time>2026-09-19T10:36:43Z</time>
   </trkpt>
   <trkpt lat="43.2092630" lon="-4.0432150">
    <ele>479.7</ele>
    <time>2026-09-19T10:36:44Z</time>
   </trkpt>
   <trkpt lat="43.2091890" lon="-4.0433080">
    <ele>479.4</ele>
    <time>2026-09-19T10:36:45Z</time>
   </trkpt>
   <trkpt lat="43.2091190" lon="-4.0433980">
    <ele>479.0</ele>
    <time>2026-09-19T10:36:46Z</time>
   </trkpt>
   <trkpt lat="43.2090560" lon="-4.0434910">
    <ele>478.5</ele>
    <time>2026-09-19T10:36:47Z</time>
   </trkpt>
   <trkpt lat="43.2089990" lon="-4.0435890">
    <ele>477.9</ele>
    <time>2026-09-19T10:36:48Z</time>
   </trkpt>
   <trkpt lat="43.2089500" lon="-4.0436930">
    <ele>477.3</ele>
    <time>2026-09-19T10:36:49Z</time>
   </trkpt>
   <trkpt lat="43.2089070" lon="-4.0437960">
    <ele>476.6</ele>
    <time>2026-09-19T10:36:50Z</time>
   </trkpt>
   <trkpt lat="43.2088660" lon="-4.0439070">
    <ele>475.8</ele>
    <time>2026-09-19T10:36:51Z</time>
   </trkpt>
   <trkpt lat="43.2088290" lon="-4.0440130">
    <ele>474.9</ele>
    <time>2026-09-19T10:36:52Z</time>
   </trkpt>
   <trkpt lat="43.2087900" lon="-4.0441210">
    <ele>474.0</ele>
    <time>2026-09-19T10:36:53Z</time>
   </trkpt>
   <trkpt lat="43.2087550" lon="-4.0442230">
    <ele>473.2</ele>
    <time>2026-09-19T10:36:54Z</time>
   </trkpt>
   <trkpt lat="43.2087220" lon="-4.0443240">
    <ele>472.5</ele>
    <time>2026-09-19T10:36:55Z</time>
   </trkpt>
   <trkpt lat="43.2086850" lon="-4.0444240">
    <ele>471.7</ele>
    <time>2026-09-19T10:36:56Z</time>
   </trkpt>
   <trkpt lat="43.2086480" lon="-4.0445210">
    <ele>470.9</ele>
    <time>2026-09-19T10:36:57Z</time>
   </trkpt>
   <trkpt lat="43.2086110" lon="-4.0446170">
    <ele>470.1</ele>
    <time>2026-09-19T10:36:58Z</time>
   </trkpt>
   <trkpt lat="43.2085720" lon="-4.0447070">
    <ele>469.2</ele>
    <time>2026-09-19T10:36:59Z</time>
   </trkpt>
   <trkpt lat="43.2085240" lon="-4.0447890">
    <ele>468.3</ele>
    <time>2026-09-19T10:37:00Z</time>
   </trkpt>
   <trkpt lat="43.2084660" lon="-4.0448640">
    <ele>467.4</ele>
    <time>2026-09-19T10:37:01Z</time>
   </trkpt>
   <trkpt lat="43.2083950" lon="-4.0449320">
    <ele>466.3</ele>
    <time>2026-09-19T10:37:02Z</time>
   </trkpt>
   <trkpt lat="43.2083140" lon="-4.0449920">
    <ele>465.3</ele>
    <time>2026-09-19T10:37:03Z</time>
   </trkpt>
   <trkpt lat="43.2082300" lon="-4.0450370">
    <ele>464.3</ele>
    <time>2026-09-19T10:37:04Z</time>
   </trkpt>
   <trkpt lat="43.2081380" lon="-4.0450680">
    <ele>463.2</ele>
    <time>2026-09-19T10:37:05Z</time>
   </trkpt>
   <trkpt lat="43.2080520" lon="-4.0450900">
    <ele>462.2</ele>
    <time>2026-09-19T10:37:06Z</time>
   </trkpt>
   <trkpt lat="43.2079630" lon="-4.0451140">
    <ele>461.2</ele>
    <time>2026-09-19T10:37:07Z</time>
   </trkpt>
   <trkpt lat="43.2078750" lon="-4.0451410">
    <ele>460.1</ele>
    <time>2026-09-19T10:37:08Z</time>
   </trkpt>
   <trkpt lat="43.2077900" lon="-4.0451760">
    <ele>458.9</ele>
    <time>2026-09-19T10:37:09Z</time>
   </trkpt>
   <trkpt lat="43.2077110" lon="-4.0452170">
    <ele>457.8</ele>
    <time>2026-09-19T10:37:10Z</time>
   </trkpt>
   <trkpt lat="43.2076350" lon="-4.0452540">
    <ele>456.6</ele>
    <time>2026-09-19T10:37:11Z</time>
   </trkpt>
   <trkpt lat="43.2075520" lon="-4.0452880">
    <ele>455.4</ele>
    <time>2026-09-19T10:37:12Z</time>
   </trkpt>
   <trkpt lat="43.2074700" lon="-4.0453160">
    <ele>454.2</ele>
    <time>2026-09-19T10:37:13Z</time>
   </trkpt>
   <trkpt lat="43.2073850" lon="-4.0453360">
    <ele>452.9</ele>
    <time>2026-09-19T10:37:14Z</time>
   </trkpt>
   <trkpt lat="43.2073040" lon="-4.0453510">
    <ele>451.6</ele>
    <time>2026-09-19T10:37:15Z</time>
   </trkpt>
   <trkpt lat="43.2072230" lon="-4.0453630">
    <ele>450.3</ele>
    <time>2026-09-19T10:37:16Z</time>
   </trkpt>
   <trkpt lat="43.2071420" lon="-4.0453740">
    <ele>449.0</ele>
    <time>2026-09-19T10:37:17Z</time>
   </trkpt>
   <trkpt lat="43.2070600" lon="-4.0453900">
    <ele>447.7</ele>
    <time>2026-09-19T10:37:18Z</time>
   </trkpt>
   <trkpt lat="43.2069820" lon="-4.0454200">
    <ele>446.3</ele>
    <time>2026-09-19T10:37:19Z</time>
   </trkpt>
   <trkpt lat="43.2069010" lon="-4.0454580">
    <ele>444.9</ele>
    <time>2026-09-19T10:37:20Z</time>
   </trkpt>
   <trkpt lat="43.2068280" lon="-4.0454920">
    <ele>443.6</ele>
    <time>2026-09-19T10:37:21Z</time>
   </trkpt>
   <trkpt lat="43.2067540" lon="-4.0455220">
    <ele>442.3</ele>
    <time>2026-09-19T10:37:22Z</time>
   </trkpt>
   <trkpt lat="43.2066760" lon="-4.0455460">
    <ele>441.0</ele>
    <time>2026-09-19T10:37:23Z</time>
   </trkpt>
   <trkpt lat="43.2065990" lon="-4.0455780">
    <ele>439.7</ele>
    <time>2026-09-19T10:37:24Z</time>
   </trkpt>
   <trkpt lat="43.2065260" lon="-4.0456260">
    <ele>438.4</ele>
    <time>2026-09-19T10:37:25Z</time>
   </trkpt>
   <trkpt lat="43.2064610" lon="-4.0456880">
    <ele>437.3</ele>
    <time>2026-09-19T10:37:26Z</time>
   </trkpt>
   <trkpt lat="43.2064040" lon="-4.0457510">
    <ele>436.2</ele>
    <time>2026-09-19T10:37:27Z</time>
   </trkpt>
   <trkpt lat="43.2063400" lon="-4.0458160">
    <ele>435.2</ele>
    <time>2026-09-19T10:37:28Z</time>
   </trkpt>
   <trkpt lat="43.2062710" lon="-4.0458710">
    <ele>434.3</ele>
    <time>2026-09-19T10:37:29Z</time>
   </trkpt>
   <trkpt lat="43.2061950" lon="-4.0459220">
    <ele>433.5</ele>
    <time>2026-09-19T10:37:30Z</time>
   </trkpt>
   <trkpt lat="43.2061220" lon="-4.0459710">
    <ele>432.9</ele>
    <time>2026-09-19T10:37:31Z</time>
   </trkpt>
   <trkpt lat="43.2060580" lon="-4.0460210">
    <ele>432.4</ele>
    <time>2026-09-19T10:37:32Z</time>
   </trkpt>
   <trkpt lat="43.2060050" lon="-4.0460710">
    <ele>432.1</ele>
    <time>2026-09-19T10:37:33Z</time>
   </trkpt>
   <trkpt lat="43.2059620" lon="-4.0461170">
    <ele>431.9</ele>
    <time>2026-09-19T10:37:34Z</time>
   </trkpt>
   <trkpt lat="43.2059240" lon="-4.0461590">
    <ele>431.7</ele>
    <time>2026-09-19T10:37:35Z</time>
   </trkpt>
   <trkpt lat="43.2058940" lon="-4.0461980">
    <ele>431.6</ele>
    <time>2026-09-19T10:37:36Z</time>
   </trkpt>
   <trkpt lat="43.2058700" lon="-4.0462300">
    <ele>431.4</ele>
    <time>2026-09-19T10:37:37Z</time>
   </trkpt>
   <trkpt lat="43.2058510" lon="-4.0462560">
    <ele>431.3</ele>
    <time>2026-09-19T10:37:38Z</time>
   </trkpt>
   <trkpt lat="43.2058320" lon="-4.0462760">
    <ele>431.2</ele>
    <time>2026-09-19T10:37:39Z</time>
   </trkpt>
   <trkpt lat="43.2058130" lon="-4.0462940">
    <ele>431.1</ele>
    <time>2026-09-19T10:37:40Z</time>
   </trkpt>
   <trkpt lat="43.2057910" lon="-4.0463090">
    <ele>431.1</ele>
    <time>2026-09-19T10:37:41Z</time>
   </trkpt>
   <trkpt lat="43.2057630" lon="-4.0463270">
    <ele>430.9</ele>
    <time>2026-09-19T10:37:42Z</time>
   </trkpt>
   <trkpt lat="43.2057370" lon="-4.0463480">
    <ele>430.8</ele>
    <time>2026-09-19T10:37:43Z</time>
   </trkpt>
   <trkpt lat="43.2057050" lon="-4.0463550">
    <ele>430.7</ele>
    <time>2026-09-19T10:37:44Z</time>
   </trkpt>
   <trkpt lat="43.2056660" lon="-4.0463450">
    <ele>430.6</ele>
    <time>2026-09-19T10:37:45Z</time>
   </trkpt>
   <trkpt lat="43.2056160" lon="-4.0463270">
    <ele>430.4</ele>
    <time>2026-09-19T10:37:46Z</time>
   </trkpt>
   <trkpt lat="43.2055690" lon="-4.0463130">
    <ele>430.3</ele>
    <time>2026-09-19T10:37:47Z</time>
   </trkpt>
   <trkpt lat="43.2055200" lon="-4.0462660">
    <ele>429.0</ele>
    <time>2026-09-19T10:37:48Z</time>
   </trkpt>
   <trkpt lat="43.2054800" lon="-4.0462110">
    <ele>427.8</ele>
    <time>2026-09-19T10:37:49Z</time>
   </trkpt>
   <trkpt lat="43.2054390" lon="-4.0461740">
    <ele>426.7</ele>
    <time>2026-09-19T10:37:50Z</time>
   </trkpt>
   <trkpt lat="43.2053940" lon="-4.0461570">
    <ele>425.7</ele>
    <time>2026-09-19T10:37:51Z</time>
   </trkpt>
   <trkpt lat="43.2053600" lon="-4.0461590">
    <ele>425.0</ele>
    <time>2026-09-19T10:37:52Z</time>
   </trkpt>
   <trkpt lat="43.2053280" lon="-4.0461700">
    <ele>424.2</ele>
    <time>2026-09-19T10:37:53Z</time>
   </trkpt>
   <trkpt lat="43.2053100" lon="-4.0461770">
    <ele>423.8</ele>
    <time>2026-09-19T10:37:54Z</time>
   </trkpt>
   <trkpt lat="43.2053040" lon="-4.0461770">
    <ele>423.7</ele>
    <time>2026-09-19T10:37:55Z</time>
   </trkpt>
   <trkpt lat="43.2052800" lon="-4.0461710">
    <ele>423.2</ele>
    <time>2026-09-19T10:37:56Z</time>
   </trkpt>
   <trkpt lat="43.2052340" lon="-4.0461470">
    <ele>422.4</ele>
    <time>2026-09-19T10:37:57Z</time>
   </trkpt>
   <trkpt lat="43.2051950" lon="-4.0460990">
    <ele>422.1</ele>
    <time>2026-09-19T10:37:58Z</time>
   </trkpt>
   <trkpt lat="43.2051570" lon="-4.0460310">
    <ele>421.8</ele>
    <time>2026-09-19T10:37:59Z</time>
   </trkpt>
   <trkpt lat="43.2051250" lon="-4.0459480">
    <ele>421.5</ele>
    <time>2026-09-19T10:38:00Z</time>
   </trkpt>
   <trkpt lat="43.2051110" lon="-4.0458580">
    <ele>421.0</ele>
    <time>2026-09-19T10:38:01Z</time>
   </trkpt>
   <trkpt lat="43.2051190" lon="-4.0457570">
    <ele>420.5</ele>
    <time>2026-09-19T10:38:02Z</time>
   </trkpt>
   <trkpt lat="43.2051460" lon="-4.0456550">
    <ele>420.1</ele>
    <time>2026-09-19T10:38:03Z</time>
   </trkpt>
   <trkpt lat="43.2051830" lon="-4.0455500">
    <ele>419.6</ele>
    <time>2026-09-19T10:38:04Z</time>
   </trkpt>
   <trkpt lat="43.2052200" lon="-4.0454390">
    <ele>419.2</ele>
    <time>2026-09-19T10:38:05Z</time>
   </trkpt>
   <trkpt lat="43.2052460" lon="-4.0453110">
    <ele>418.7</ele>
    <time>2026-09-19T10:38:06Z</time>
   </trkpt>
   <trkpt lat="43.2052580" lon="-4.0451770">
    <ele>418.3</ele>
    <time>2026-09-19T10:38:07Z</time>
   </trkpt>
   <trkpt lat="43.2052690" lon="-4.0450370">
    <ele>417.8</ele>
    <time>2026-09-19T10:38:08Z</time>
   </trkpt>
   <trkpt lat="43.2052810" lon="-4.0448880">
    <ele>417.4</ele>
    <time>2026-09-19T10:38:09Z</time>
   </trkpt>
   <trkpt lat="43.2052940" lon="-4.0447400">
    <ele>417.0</ele>
    <time>2026-09-19T10:38:10Z</time>
   </trkpt>
   <trkpt lat="43.2053040" lon="-4.0445950">
    <ele>416.7</ele>
    <time>2026-09-19T10:38:11Z</time>
   </trkpt>
   <trkpt lat="43.2053040" lon="-4.0444560">
    <ele>416.4</ele>
    <time>2026-09-19T10:38:12Z</time>
   </trkpt>
   <trkpt lat="43.2052860" lon="-4.0443170">
    <ele>416.1</ele>
    <time>2026-09-19T10:38:13Z</time>
   </trkpt>
   <trkpt lat="43.2052490" lon="-4.0441900">
    <ele>415.9</ele>
    <time>2026-09-19T10:38:14Z</time>
   </trkpt>
   <trkpt lat="43.2051940" lon="-4.0440710">
    <ele>415.5</ele>
    <time>2026-09-19T10:38:15Z</time>
   </trkpt>
   <trkpt lat="43.2051370" lon="-4.0439670">
    <ele>415.2</ele>
    <time>2026-09-19T10:38:16Z</time>
   </trkpt>
   <trkpt lat="43.2050690" lon="-4.0438580">
    <ele>414.9</ele>
    <time>2026-09-19T10:38:17Z</time>
   </trkpt>
   <trkpt lat="43.2049940" lon="-4.0437570">
    <ele>414.5</ele>
    <time>2026-09-19T10:38:18Z</time>
   </trkpt>
   <trkpt lat="43.2049160" lon="-4.0436640">
    <ele>414.2</ele>
    <time>2026-09-19T10:38:19Z</time>
   </trkpt>
   <trkpt lat="43.2048390" lon="-4.0435630">
    <ele>413.8</ele>
    <time>2026-09-19T10:38:20Z</time>
   </trkpt>
   <trkpt lat="43.2047750" lon="-4.0434550">
    <ele>413.5</ele>
    <time>2026-09-19T10:38:21Z</time>
   </trkpt>
   <trkpt lat="43.2047220" lon="-4.0433400">
    <ele>413.1</ele>
    <time>2026-09-19T10:38:22Z</time>
   </trkpt>
   <trkpt lat="43.2046770" lon="-4.0432100">
    <ele>412.6</ele>
    <time>2026-09-19T10:38:23Z</time>
   </trkpt>
   <trkpt lat="43.2046380" lon="-4.0430780">
    <ele>412.0</ele>
    <time>2026-09-19T10:38:24Z</time>
   </trkpt>
   <trkpt lat="43.2046000" lon="-4.0429570">
    <ele>411.4</ele>
    <time>2026-09-19T10:38:25Z</time>
   </trkpt>
   <trkpt lat="43.2045610" lon="-4.0428300">
    <ele>410.6</ele>
    <time>2026-09-19T10:38:26Z</time>
   </trkpt>
   <trkpt lat="43.2045360" lon="-4.0427030">
    <ele>409.9</ele>
    <time>2026-09-19T10:38:27Z</time>
   </trkpt>
   <trkpt lat="43.2045230" lon="-4.0425630">
    <ele>409.2</ele>
    <time>2026-09-19T10:38:28Z</time>
   </trkpt>
   <trkpt lat="43.2045300" lon="-4.0424060">
    <ele>408.4</ele>
    <time>2026-09-19T10:38:29Z</time>
   </trkpt>
   <trkpt lat="43.2045550" lon="-4.0422530">
    <ele>407.7</ele>
    <time>2026-09-19T10:38:30Z</time>
   </trkpt>
   <trkpt lat="43.2045860" lon="-4.0421080">
    <ele>407.1</ele>
    <time>2026-09-19T10:38:31Z</time>
   </trkpt>
   <trkpt lat="43.2046180" lon="-4.0419580">
    <ele>406.6</ele>
    <time>2026-09-19T10:38:32Z</time>
   </trkpt>
   <trkpt lat="43.2046500" lon="-4.0417990">
    <ele>406.0</ele>
    <time>2026-09-19T10:38:33Z</time>
   </trkpt>
   <trkpt lat="43.2046810" lon="-4.0416420">
    <ele>405.6</ele>
    <time>2026-09-19T10:38:34Z</time>
   </trkpt>
   <trkpt lat="43.2047130" lon="-4.0414830">
    <ele>405.3</ele>
    <time>2026-09-19T10:38:35Z</time>
   </trkpt>
   <trkpt lat="43.2047490" lon="-4.0413370">
    <ele>405.1</ele>
    <time>2026-09-19T10:38:36Z</time>
   </trkpt>
   <trkpt lat="43.2047960" lon="-4.0412060">
    <ele>405.0</ele>
    <time>2026-09-19T10:38:37Z</time>
   </trkpt>
   <trkpt lat="43.2048570" lon="-4.0410930">
    <ele>404.9</ele>
    <time>2026-09-19T10:38:38Z</time>
   </trkpt>
   <trkpt lat="43.2049210" lon="-4.0410050">
    <ele>404.9</ele>
    <time>2026-09-19T10:38:39Z</time>
   </trkpt>
   <trkpt lat="43.2049790" lon="-4.0409150">
    <ele>404.9</ele>
    <time>2026-09-19T10:38:40Z</time>
   </trkpt>
   <trkpt lat="43.2050120" lon="-4.0408080">
    <ele>404.9</ele>
    <time>2026-09-19T10:38:41Z</time>
   </trkpt>
   <trkpt lat="43.2050060" lon="-4.0406940">
    <ele>404.8</ele>
    <time>2026-09-19T10:38:42Z</time>
   </trkpt>
   <trkpt lat="43.2049660" lon="-4.0405800">
    <ele>404.7</ele>
    <time>2026-09-19T10:38:43Z</time>
   </trkpt>
   <trkpt lat="43.2049000" lon="-4.0404740">
    <ele>404.5</ele>
    <time>2026-09-19T10:38:44Z</time>
   </trkpt>
   <trkpt lat="43.2048330" lon="-4.0403680">
    <ele>404.1</ele>
    <time>2026-09-19T10:38:45Z</time>
   </trkpt>
   <trkpt lat="43.2047700" lon="-4.0402490">
    <ele>403.7</ele>
    <time>2026-09-19T10:38:46Z</time>
   </trkpt>
   <trkpt lat="43.2047070" lon="-4.0401390">
    <ele>403.3</ele>
    <time>2026-09-19T10:38:47Z</time>
   </trkpt>
   <trkpt lat="43.2046300" lon="-4.0400410">
    <ele>402.9</ele>
    <time>2026-09-19T10:38:48Z</time>
   </trkpt>
   <trkpt lat="43.2045470" lon="-4.0399820">
    <ele>402.4</ele>
    <time>2026-09-19T10:38:49Z</time>
   </trkpt>
   <trkpt lat="43.2044560" lon="-4.0399630">
    <ele>402.0</ele>
    <time>2026-09-19T10:38:50Z</time>
   </trkpt>
   <trkpt lat="43.2043690" lon="-4.0399850">
    <ele>401.6</ele>
    <time>2026-09-19T10:38:51Z</time>
   </trkpt>
   <trkpt lat="43.2042790" lon="-4.0400340">
    <ele>401.0</ele>
    <time>2026-09-19T10:38:52Z</time>
   </trkpt>
   <trkpt lat="43.2041870" lon="-4.0400940">
    <ele>400.2</ele>
    <time>2026-09-19T10:38:53Z</time>
   </trkpt>
   <trkpt lat="43.2040830" lon="-4.0401650">
    <ele>399.1</ele>
    <time>2026-09-19T10:38:54Z</time>
   </trkpt>
   <trkpt lat="43.2039880" lon="-4.0402530">
    <ele>398.0</ele>
    <time>2026-09-19T10:38:55Z</time>
   </trkpt>
   <trkpt lat="43.2038880" lon="-4.0403570">
    <ele>396.7</ele>
    <time>2026-09-19T10:38:56Z</time>
   </trkpt>
   <trkpt lat="43.2037870" lon="-4.0404710">
    <ele>395.2</ele>
    <time>2026-09-19T10:38:57Z</time>
   </trkpt>
   <trkpt lat="43.2036830" lon="-4.0405920">
    <ele>393.7</ele>
    <time>2026-09-19T10:38:58Z</time>
   </trkpt>
   <trkpt lat="43.2035810" lon="-4.0407150">
    <ele>392.1</ele>
    <time>2026-09-19T10:38:59Z</time>
   </trkpt>
   <trkpt lat="43.2034820" lon="-4.0408210">
    <ele>390.8</ele>
    <time>2026-09-19T10:39:00Z</time>
   </trkpt>
   <trkpt lat="43.2033800" lon="-4.0409080">
    <ele>389.5</ele>
    <time>2026-09-19T10:39:01Z</time>
   </trkpt>
   <trkpt lat="43.2032620" lon="-4.0409930">
    <ele>388.1</ele>
    <time>2026-09-19T10:39:02Z</time>
   </trkpt>
   <trkpt lat="43.2031540" lon="-4.0410590">
    <ele>386.7</ele>
    <time>2026-09-19T10:39:03Z</time>
   </trkpt>
   <trkpt lat="43.2030500" lon="-4.0411110">
    <ele>385.5</ele>
    <time>2026-09-19T10:39:04Z</time>
   </trkpt>
   <trkpt lat="43.2029380" lon="-4.0411570">
    <ele>384.1</ele>
    <time>2026-09-19T10:39:05Z</time>
   </trkpt>
   <trkpt lat="43.2028230" lon="-4.0411850">
    <ele>382.8</ele>
    <time>2026-09-19T10:39:06Z</time>
   </trkpt>
   <trkpt lat="43.2027030" lon="-4.0411940">
    <ele>381.5</ele>
    <time>2026-09-19T10:39:07Z</time>
   </trkpt>
   <trkpt lat="43.2025850" lon="-4.0411930">
    <ele>380.4</ele>
    <time>2026-09-19T10:39:08Z</time>
   </trkpt>
   <trkpt lat="43.2024670" lon="-4.0411960">
    <ele>379.4</ele>
    <time>2026-09-19T10:39:09Z</time>
   </trkpt>
   <trkpt lat="43.2023570" lon="-4.0412150">
    <ele>378.6</ele>
    <time>2026-09-19T10:39:10Z</time>
   </trkpt>
   <trkpt lat="43.2022540" lon="-4.0412660">
    <ele>377.8</ele>
    <time>2026-09-19T10:39:11Z</time>
   </trkpt>
   <trkpt lat="43.2021560" lon="-4.0413420">
    <ele>377.0</ele>
    <time>2026-09-19T10:39:12Z</time>
   </trkpt>
   <trkpt lat="43.2020670" lon="-4.0414360">
    <ele>376.2</ele>
    <time>2026-09-19T10:39:13Z</time>
   </trkpt>
   <trkpt lat="43.2019730" lon="-4.0415350">
    <ele>375.5</ele>
    <time>2026-09-19T10:39:14Z</time>
   </trkpt>
   <trkpt lat="43.2018710" lon="-4.0416180">
    <ele>374.8</ele>
    <time>2026-09-19T10:39:15Z</time>
   </trkpt>
   <trkpt lat="43.2017630" lon="-4.0416860">
    <ele>374.1</ele>
    <time>2026-09-19T10:39:16Z</time>
   </trkpt>
   <trkpt lat="43.2016470" lon="-4.0417460">
    <ele>373.3</ele>
    <time>2026-09-19T10:39:17Z</time>
   </trkpt>
   <trkpt lat="43.2015280" lon="-4.0417940">
    <ele>372.4</ele>
    <time>2026-09-19T10:39:18Z</time>
   </trkpt>
   <trkpt lat="43.2014020" lon="-4.0418410">
    <ele>371.4</ele>
    <time>2026-09-19T10:39:19Z</time>
   </trkpt>
   <trkpt lat="43.2012730" lon="-4.0418810">
    <ele>370.3</ele>
    <time>2026-09-19T10:39:20Z</time>
   </trkpt>
   <trkpt lat="43.2011500" lon="-4.0419240">
    <ele>369.1</ele>
    <time>2026-09-19T10:39:21Z</time>
   </trkpt>
   <trkpt lat="43.2010350" lon="-4.0419670">
    <ele>368.1</ele>
    <time>2026-09-19T10:39:22Z</time>
   </trkpt>
   <trkpt lat="43.2009200" lon="-4.0420090">
    <ele>367.1</ele>
    <time>2026-09-19T10:39:23Z</time>
   </trkpt>
   <trkpt lat="43.2008160" lon="-4.0420560">
    <ele>366.1</ele>
    <time>2026-09-19T10:39:24Z</time>
   </trkpt>
   <trkpt lat="43.2007110" lon="-4.0421030">
    <ele>365.1</ele>
    <time>2026-09-19T10:39:25Z</time>
   </trkpt>
   <trkpt lat="43.2005980" lon="-4.0421580">
    <ele>364.1</ele>
    <time>2026-09-19T10:39:26Z</time>
   </trkpt>
   <trkpt lat="43.2004860" lon="-4.0422200">
    <ele>363.0</ele>
    <time>2026-09-19T10:39:27Z</time>
   </trkpt>
   <trkpt lat="43.2003670" lon="-4.0422820">
    <ele>361.8</ele>
    <time>2026-09-19T10:39:28Z</time>
   </trkpt>
   <trkpt lat="43.2002560" lon="-4.0423420">
    <ele>360.7</ele>
    <time>2026-09-19T10:39:29Z</time>
   </trkpt>
   <trkpt lat="43.2001370" lon="-4.0424070">
    <ele>359.4</ele>
    <time>2026-09-19T10:39:30Z</time>
   </trkpt>
   <trkpt lat="43.2000230" lon="-4.0424740">
    <ele>358.2</ele>
    <time>2026-09-19T10:39:31Z</time>
   </trkpt>
   <trkpt lat="43.1999030" lon="-4.0425410">
    <ele>357.0</ele>
    <time>2026-09-19T10:39:32Z</time>
   </trkpt>
   <trkpt lat="43.1997880" lon="-4.0426060">
    <ele>355.9</ele>
    <time>2026-09-19T10:39:33Z</time>
   </trkpt>
   <trkpt lat="43.1996790" lon="-4.0426680">
    <ele>354.8</ele>
    <time>2026-09-19T10:39:34Z</time>
   </trkpt>
   <trkpt lat="43.1995660" lon="-4.0427330">
    <ele>353.8</ele>
    <time>2026-09-19T10:39:35Z</time>
   </trkpt>
   <trkpt lat="43.1994560" lon="-4.0427980">
    <ele>352.7</ele>
    <time>2026-09-19T10:39:36Z</time>
   </trkpt>
   <trkpt lat="43.1993450" lon="-4.0428590">
    <ele>351.5</ele>
    <time>2026-09-19T10:39:37Z</time>
   </trkpt>
   <trkpt lat="43.1992330" lon="-4.0429160">
    <ele>350.4</ele>
    <time>2026-09-19T10:39:38Z</time>
   </trkpt>
   <trkpt lat="43.1991190" lon="-4.0429680">
    <ele>349.2</ele>
    <time>2026-09-19T10:39:39Z</time>
   </trkpt>
   <trkpt lat="43.1990110" lon="-4.0430230">
    <ele>348.1</ele>
    <time>2026-09-19T10:39:40Z</time>
   </trkpt>
   <trkpt lat="43.1989000" lon="-4.0430780">
    <ele>347.0</ele>
    <time>2026-09-19T10:39:41Z</time>
   </trkpt>
   <trkpt lat="43.1987890" lon="-4.0431400">
    <ele>345.9</ele>
    <time>2026-09-19T10:39:42Z</time>
   </trkpt>
   <trkpt lat="43.1986690" lon="-4.0432070">
    <ele>344.7</ele>
    <time>2026-09-19T10:39:43Z</time>
   </trkpt>
   <trkpt lat="43.1985580" lon="-4.0432690">
    <ele>343.7</ele>
    <time>2026-09-19T10:39:44Z</time>
   </trkpt>
   <trkpt lat="43.1984490" lon="-4.0433450">
    <ele>342.6</ele>
    <time>2026-09-19T10:39:45Z</time>
   </trkpt>
   <trkpt lat="43.1983380" lon="-4.0434170">
    <ele>341.7</ele>
    <time>2026-09-19T10:39:46Z</time>
   </trkpt>
   <trkpt lat="43.1982330" lon="-4.0434840">
    <ele>340.8</ele>
    <time>2026-09-19T10:39:47Z</time>
   </trkpt>
   <trkpt lat="43.1981330" lon="-4.0435350">
    <ele>340.0</ele>
    <time>2026-09-19T10:39:48Z</time>
   </trkpt>
   <trkpt lat="43.1980260" lon="-4.0435640">
    <ele>339.3</ele>
    <time>2026-09-19T10:39:49Z</time>
   </trkpt>
   <trkpt lat="43.1979300" lon="-4.0435620">
    <ele>338.8</ele>
    <time>2026-09-19T10:39:50Z</time>
   </trkpt>
   <trkpt lat="43.1978440" lon="-4.0435270">
    <ele>338.4</ele>
    <time>2026-09-19T10:39:51Z</time>
   </trkpt>
   <trkpt lat="43.1977750" lon="-4.0434570">
    <ele>338.1</ele>
    <time>2026-09-19T10:39:52Z</time>
   </trkpt>
   <trkpt lat="43.1977330" lon="-4.0433600">
    <ele>337.8</ele>
    <time>2026-09-19T10:39:53Z</time>
   </trkpt>
   <trkpt lat="43.1977110" lon="-4.0432480">
    <ele>337.6</ele>
    <time>2026-09-19T10:39:54Z</time>
   </trkpt>
   <trkpt lat="43.1976930" lon="-4.0431420">
    <ele>337.2</ele>
    <time>2026-09-19T10:39:55Z</time>
   </trkpt>
   <trkpt lat="43.1976640" lon="-4.0430500">
    <ele>336.8</ele>
    <time>2026-09-19T10:39:56Z</time>
   </trkpt>
   <trkpt lat="43.1976120" lon="-4.0429920">
    <ele>336.3</ele>
    <time>2026-09-19T10:39:57Z</time>
   </trkpt>
   <trkpt lat="43.1975470" lon="-4.0429810">
    <ele>335.8</ele>
    <time>2026-09-19T10:39:58Z</time>
   </trkpt>
   <trkpt lat="43.1974830" lon="-4.0430150">
    <ele>335.2</ele>
    <time>2026-09-19T10:39:59Z</time>
   </trkpt>
   <trkpt lat="43.1974170" lon="-4.0430820">
    <ele>334.4</ele>
    <time>2026-09-19T10:40:00Z</time>
   </trkpt>
   <trkpt lat="43.1973440" lon="-4.0431670">
    <ele>333.6</ele>
    <time>2026-09-19T10:40:01Z</time>
   </trkpt>
   <trkpt lat="43.1972530" lon="-4.0432690">
    <ele>332.5</ele>
    <time>2026-09-19T10:40:02Z</time>
   </trkpt>
   <trkpt lat="43.1971540" lon="-4.0433660">
    <ele>331.5</ele>
    <time>2026-09-19T10:40:03Z</time>
   </trkpt>
   <trkpt lat="43.1970370" lon="-4.0434710">
    <ele>330.3</ele>
    <time>2026-09-19T10:40:04Z</time>
   </trkpt>
   <trkpt lat="43.1969200" lon="-4.0435690">
    <ele>329.1</ele>
    <time>2026-09-19T10:40:05Z</time>
   </trkpt>
   <trkpt lat="43.1968100" lon="-4.0436650">
    <ele>327.9</ele>
    <time>2026-09-19T10:40:06Z</time>
   </trkpt>
   <trkpt lat="43.1966980" lon="-4.0437640">
    <ele>326.5</ele>
    <time>2026-09-19T10:40:07Z</time>
   </trkpt>
   <trkpt lat="43.1965780" lon="-4.0438680">
    <ele>325.0</ele>
    <time>2026-09-19T10:40:08Z</time>
   </trkpt>
   <trkpt lat="43.1964660" lon="-4.0439680">
    <ele>323.6</ele>
    <time>2026-09-19T10:40:09Z</time>
   </trkpt>
   <trkpt lat="43.1963470" lon="-4.0440710">
    <ele>322.1</ele>
    <time>2026-09-19T10:40:10Z</time>
   </trkpt>
   <trkpt lat="43.1962380" lon="-4.0441690">
    <ele>320.9</ele>
    <time>2026-09-19T10:40:11Z</time>
   </trkpt>
   <trkpt lat="43.1961330" lon="-4.0442700">
    <ele>319.9</ele>
    <time>2026-09-19T10:40:12Z</time>
   </trkpt>
   <trkpt lat="43.1960280" lon="-4.0443710">
    <ele>318.9</ele>
    <time>2026-09-19T10:40:13Z</time>
   </trkpt>
   <trkpt lat="43.1959200" lon="-4.0444700">
    <ele>317.9</ele>
    <time>2026-09-19T10:40:14Z</time>
   </trkpt>
   <trkpt lat="43.1958150" lon="-4.0445690">
    <ele>317.0</ele>
    <time>2026-09-19T10:40:15Z</time>
   </trkpt>
   <trkpt lat="43.1957160" lon="-4.0446600">
    <ele>316.1</ele>
    <time>2026-09-19T10:40:16Z</time>
   </trkpt>
   <trkpt lat="43.1956160" lon="-4.0447510">
    <ele>315.1</ele>
    <time>2026-09-19T10:40:17Z</time>
   </trkpt>
   <trkpt lat="43.1955200" lon="-4.0448360">
    <ele>314.2</ele>
    <time>2026-09-19T10:40:18Z</time>
   </trkpt>
   <trkpt lat="43.1954240" lon="-4.0449220">
    <ele>313.3</ele>
    <time>2026-09-19T10:40:19Z</time>
   </trkpt>
   <trkpt lat="43.1953320" lon="-4.0450030">
    <ele>312.3</ele>
    <time>2026-09-19T10:40:20Z</time>
   </trkpt>
   <trkpt lat="43.1952500" lon="-4.0450800">
    <ele>311.4</ele>
    <time>2026-09-19T10:40:21Z</time>
   </trkpt>
   <trkpt lat="43.1951650" lon="-4.0451490">
    <ele>310.4</ele>
    <time>2026-09-19T10:40:22Z</time>
   </trkpt>
   <trkpt lat="43.1950850" lon="-4.0452050">
    <ele>309.5</ele>
    <time>2026-09-19T10:40:23Z</time>
   </trkpt>
   <trkpt lat="43.1950080" lon="-4.0452450">
    <ele>308.6</ele>
    <time>2026-09-19T10:40:24Z</time>
   </trkpt>
   <trkpt lat="43.1949300" lon="-4.0452760">
    <ele>307.7</ele>
    <time>2026-09-19T10:40:25Z</time>
   </trkpt>
   <trkpt lat="43.1948690" lon="-4.0452930">
    <ele>307.0</ele>
    <time>2026-09-19T10:40:26Z</time>
   </trkpt>
   <trkpt lat="43.1948140" lon="-4.0453280">
    <ele>306.3</ele>
    <time>2026-09-19T10:40:27Z</time>
   </trkpt>
   <trkpt lat="43.1947860" lon="-4.0453820">
    <ele>305.8</ele>
    <time>2026-09-19T10:40:28Z</time>
   </trkpt>
   <trkpt lat="43.1947890" lon="-4.0454550">
    <ele>305.2</ele>
    <time>2026-09-19T10:40:29Z</time>
   </trkpt>
   <trkpt lat="43.1948280" lon="-4.0455190">
    <ele>304.5</ele>
    <time>2026-09-19T10:40:30Z</time>
   </trkpt>
   <trkpt lat="43.1948930" lon="-4.0455580">
    <ele>303.8</ele>
    <time>2026-09-19T10:40:31Z</time>
   </trkpt>
   <trkpt lat="43.1949840" lon="-4.0455660">
    <ele>302.9</ele>
    <time>2026-09-19T10:40:32Z</time>
   </trkpt>
   <trkpt lat="43.1950780" lon="-4.0455410">
    <ele>302.0</ele>
    <time>2026-09-19T10:40:33Z</time>
   </trkpt>
   <trkpt lat="43.1951720" lon="-4.0454940">
    <ele>301.1</ele>
    <time>2026-09-19T10:40:34Z</time>
   </trkpt>
   <trkpt lat="43.1952610" lon="-4.0454450">
    <ele>300.3</ele>
    <time>2026-09-19T10:40:35Z</time>
   </trkpt>
   <trkpt lat="43.1953590" lon="-4.0453910">
    <ele>299.4</ele>
    <time>2026-09-19T10:40:36Z</time>
   </trkpt>
   <trkpt lat="43.1954550" lon="-4.0453410">
    <ele>298.6</ele>
    <time>2026-09-19T10:40:37Z</time>
   </trkpt>
   <trkpt lat="43.1955510" lon="-4.0452970">
    <ele>297.8</ele>
    <time>2026-09-19T10:40:38Z</time>
   </trkpt>
   <trkpt lat="43.1956510" lon="-4.0452530">
    <ele>297.2</ele>
    <time>2026-09-19T10:40:39Z</time>
   </trkpt>
   <trkpt lat="43.1957500" lon="-4.0452060">
    <ele>296.6</ele>
    <time>2026-09-19T10:40:40Z</time>
   </trkpt>
   <trkpt lat="43.1958440" lon="-4.0451570">
    <ele>296.0</ele>
    <time>2026-09-19T10:40:41Z</time>
   </trkpt>
   <trkpt lat="43.1959440" lon="-4.0451090">
    <ele>295.4</ele>
    <time>2026-09-19T10:40:42Z</time>
   </trkpt>
   <trkpt lat="43.1960390" lon="-4.0450600">
    <ele>294.7</ele>
    <time>2026-09-19T10:40:43Z</time>
   </trkpt>
   <trkpt lat="43.1961320" lon="-4.0450080">
    <ele>294.0</ele>
    <time>2026-09-19T10:40:44Z</time>
   </trkpt>
   <trkpt lat="43.1962210" lon="-4.0449570">
    <ele>293.4</ele>
    <time>2026-09-19T10:40:45Z</time>
   </trkpt>
   <trkpt lat="43.1963130" lon="-4.0449020">
    <ele>292.7</ele>
    <time>2026-09-19T10:40:46Z</time>
   </trkpt>
   <trkpt lat="43.1964110" lon="-4.0448420">
    <ele>292.0</ele>
    <time>2026-09-19T10:40:47Z</time>
   </trkpt>
   <trkpt lat="43.1964930" lon="-4.0447980">
    <ele>291.5</ele>
    <time>2026-09-19T10:40:48Z</time>
   </trkpt>
   <trkpt lat="43.1965730" lon="-4.0447610">
    <ele>291.0</ele>
    <time>2026-09-19T10:40:49Z</time>
   </trkpt>
   <trkpt lat="43.1966580" lon="-4.0447340">
    <ele>290.5</ele>
    <time>2026-09-19T10:40:50Z</time>
   </trkpt>
   <trkpt lat="43.1967340" lon="-4.0447190">
    <ele>290.1</ele>
    <time>2026-09-19T10:40:51Z</time>
   </trkpt>
   <trkpt lat="43.1967970" lon="-4.0447160">
    <ele>289.7</ele>
    <time>2026-09-19T10:40:52Z</time>
   </trkpt>
   <trkpt lat="43.1968570" lon="-4.0447280">
    <ele>289.4</ele>
    <time>2026-09-19T10:40:53Z</time>
   </trkpt>
   <trkpt lat="43.1969090" lon="-4.0447560">
    <ele>289.0</ele>
    <time>2026-09-19T10:40:54Z</time>
   </trkpt>
   <trkpt lat="43.1969450" lon="-4.0448090">
    <ele>288.5</ele>
    <time>2026-09-19T10:40:55Z</time>
   </trkpt>
   <trkpt lat="43.1969570" lon="-4.0448750">
    <ele>288.1</ele>
    <time>2026-09-19T10:40:56Z</time>
   </trkpt>
   <trkpt lat="43.1969390" lon="-4.0449490">
    <ele>287.6</ele>
    <time>2026-09-19T10:40:57Z</time>
   </trkpt>
   <trkpt lat="43.1968890" lon="-4.0450030">
    <ele>287.0</ele>
    <time>2026-09-19T10:40:58Z</time>
   </trkpt>
   <trkpt lat="43.1968180" lon="-4.0450530">
    <ele>286.2</ele>
    <time>2026-09-19T10:40:59Z</time>
   </trkpt>
   <trkpt lat="43.1967350" lon="-4.0451120">
    <ele>285.2</ele>
    <time>2026-09-19T10:41:00Z</time>
   </trkpt>
   <trkpt lat="43.1966600" lon="-4.0451900">
    <ele>284.2</ele>
    <time>2026-09-19T10:41:01Z</time>
   </trkpt>
   <trkpt lat="43.1965840" lon="-4.0452890">
    <ele>283.0</ele>
    <time>2026-09-19T10:41:02Z</time>
   </trkpt>
   <trkpt lat="43.1965040" lon="-4.0454030">
    <ele>281.7</ele>
    <time>2026-09-19T10:41:03Z</time>
   </trkpt>
   <trkpt lat="43.1964240" lon="-4.0455150">
    <ele>280.4</ele>
    <time>2026-09-19T10:41:04Z</time>
   </trkpt>
   <trkpt lat="43.1963450" lon="-4.0456290">
    <ele>279.2</ele>
    <time>2026-09-19T10:41:05Z</time>
   </trkpt>
   <trkpt lat="43.1962730" lon="-4.0457430">
    <ele>278.2</ele>
    <time>2026-09-19T10:41:06Z</time>
   </trkpt>
   <trkpt lat="43.1961900" lon="-4.0458460">
    <ele>277.2</ele>
    <time>2026-09-19T10:41:07Z</time>
   </trkpt>
   <trkpt lat="43.1961070" lon="-4.0459490">
    <ele>276.2</ele>
    <time>2026-09-19T10:41:08Z</time>
   </trkpt>
   <trkpt lat="43.1960210" lon="-4.0460400">
    <ele>275.3</ele>
    <time>2026-09-19T10:41:09Z</time>
   </trkpt>
   <trkpt lat="43.1959370" lon="-4.0461430">
    <ele>274.3</ele>
    <time>2026-09-19T10:41:10Z</time>
   </trkpt>
   <trkpt lat="43.1958630" lon="-4.0462520">
    <ele>273.3</ele>
    <time>2026-09-19T10:41:11Z</time>
   </trkpt>
   <trkpt lat="43.1957930" lon="-4.0463650">
    <ele>272.4</ele>
    <time>2026-09-19T10:41:12Z</time>
   </trkpt>
   <trkpt lat="43.1957250" lon="-4.0464870">
    <ele>271.4</ele>
    <time>2026-09-19T10:41:13Z</time>
   </trkpt>
   <trkpt lat="43.1956700" lon="-4.0466060">
    <ele>270.6</ele>
    <time>2026-09-19T10:41:14Z</time>
   </trkpt>
   <trkpt lat="43.1956080" lon="-4.0467320">
    <ele>269.8</ele>
    <time>2026-09-19T10:41:15Z</time>
   </trkpt>
   <trkpt lat="43.1955410" lon="-4.0468580">
    <ele>268.9</ele>
    <time>2026-09-19T10:41:16Z</time>
   </trkpt>
   <trkpt lat="43.1954810" lon="-4.0469880">
    <ele>268.0</ele>
    <time>2026-09-19T10:41:17Z</time>
   </trkpt>
   <trkpt lat="43.1954090" lon="-4.0471180">
    <ele>267.1</ele>
    <time>2026-09-19T10:41:18Z</time>
   </trkpt>
   <trkpt lat="43.1953460" lon="-4.0472510">
    <ele>266.4</ele>
    <time>2026-09-19T10:41:19Z</time>
   </trkpt>
   <trkpt lat="43.1952790" lon="-4.0473830">
    <ele>265.6</ele>
    <time>2026-09-19T10:41:20Z</time>
   </trkpt>
   <trkpt lat="43.1952180" lon="-4.0475130">
    <ele>265.0</ele>
    <time>2026-09-19T10:41:21Z</time>
   </trkpt>
   <trkpt lat="43.1951690" lon="-4.0476430">
    <ele>264.5</ele>
    <time>2026-09-19T10:41:22Z</time>
   </trkpt>
   <trkpt lat="43.1951280" lon="-4.0477880">
    <ele>264.0</ele>
    <time>2026-09-19T10:41:23Z</time>
   </trkpt>
   <trkpt lat="43.1951040" lon="-4.0479360">
    <ele>263.5</ele>
    <time>2026-09-19T10:41:24Z</time>
   </trkpt>
   <trkpt lat="43.1951010" lon="-4.0480880">
    <ele>263.1</ele>
    <time>2026-09-19T10:41:25Z</time>
   </trkpt>
   <trkpt lat="43.1951170" lon="-4.0482340">
    <ele>262.7</ele>
    <time>2026-09-19T10:41:26Z</time>
   </trkpt>
   <trkpt lat="43.1951570" lon="-4.0483690">
    <ele>262.4</ele>
    <time>2026-09-19T10:41:27Z</time>
   </trkpt>
   <trkpt lat="43.1952100" lon="-4.0485030">
    <ele>262.0</ele>
    <time>2026-09-19T10:41:28Z</time>
   </trkpt>
   <trkpt lat="43.1952660" lon="-4.0486430">
    <ele>261.6</ele>
    <time>2026-09-19T10:41:29Z</time>
   </trkpt>
   <trkpt lat="43.1953230" lon="-4.0487830">
    <ele>261.2</ele>
    <time>2026-09-19T10:41:30Z</time>
   </trkpt>
   <trkpt lat="43.1953780" lon="-4.0489280">
    <ele>260.9</ele>
    <time>2026-09-19T10:41:31Z</time>
   </trkpt>
   <trkpt lat="43.1954370" lon="-4.0490720">
    <ele>260.6</ele>
    <time>2026-09-19T10:41:32Z</time>
   </trkpt>
   <trkpt lat="43.1954930" lon="-4.0492120">
    <ele>260.4</ele>
    <time>2026-09-19T10:41:33Z</time>
   </trkpt>
   <trkpt lat="43.1955420" lon="-4.0493470">
    <ele>260.2</ele>
    <time>2026-09-19T10:41:34Z</time>
   </trkpt>
   <trkpt lat="43.1955820" lon="-4.0494780">
    <ele>260.0</ele>
    <time>2026-09-19T10:41:35Z</time>
   </trkpt>
   <trkpt lat="43.1956230" lon="-4.0495990">
    <ele>259.8</ele>
    <time>2026-09-19T10:41:36Z</time>
   </trkpt>
   <trkpt lat="43.1956670" lon="-4.0497110">
    <ele>259.5</ele>
    <time>2026-09-19T10:41:37Z</time>
   </trkpt>
   <trkpt lat="43.1957110" lon="-4.0498190">
    <ele>259.3</ele>
    <time>2026-09-19T10:41:38Z</time>
   </trkpt>
   <trkpt lat="43.1957570" lon="-4.0499120">
    <ele>259.1</ele>
    <time>2026-09-19T10:41:39Z</time>
   </trkpt>
   <trkpt lat="43.1958100" lon="-4.0499860">
    <ele>258.7</ele>
    <time>2026-09-19T10:41:40Z</time>
   </trkpt>
   <trkpt lat="43.1958730" lon="-4.0500490">
    <ele>258.3</ele>
    <time>2026-09-19T10:41:41Z</time>
   </trkpt>
   <trkpt lat="43.1959440" lon="-4.0501020">
    <ele>257.7</ele>
    <time>2026-09-19T10:41:42Z</time>
   </trkpt>
   <trkpt lat="43.1960220" lon="-4.0501560">
    <ele>257.1</ele>
    <time>2026-09-19T10:41:43Z</time>
   </trkpt>
   <trkpt lat="43.1961020" lon="-4.0502120">
    <ele>256.5</ele>
    <time>2026-09-19T10:41:44Z</time>
   </trkpt>
   <trkpt lat="43.1961780" lon="-4.0502680">
    <ele>255.8</ele>
    <time>2026-09-19T10:41:45Z</time>
   </trkpt>
   <trkpt lat="43.1962620" lon="-4.0503230">
    <ele>255.1</ele>
    <time>2026-09-19T10:41:46Z</time>
   </trkpt>
   <trkpt lat="43.1963380" lon="-4.0503610">
    <ele>254.3</ele>
    <time>2026-09-19T10:41:47Z</time>
   </trkpt>
   <trkpt lat="43.1964120" lon="-4.0503900">
    <ele>253.6</ele>
    <time>2026-09-19T10:41:48Z</time>
   </trkpt>
   <trkpt lat="43.1964780" lon="-4.0504150">
    <ele>252.9</ele>
    <time>2026-09-19T10:41:49Z</time>
   </trkpt>
   <trkpt lat="43.1965340" lon="-4.0504520">
    <ele>252.2</ele>
    <time>2026-09-19T10:41:50Z</time>
   </trkpt>
   <trkpt lat="43.1965690" lon="-4.0505040">
    <ele>251.6</ele>
    <time>2026-09-19T10:41:51Z</time>
   </trkpt>
   <trkpt lat="43.1965800" lon="-4.0505780">
    <ele>250.9</ele>
    <time>2026-09-19T10:41:52Z</time>
   </trkpt>
   <trkpt lat="43.1965570" lon="-4.0506540">
    <ele>250.2</ele>
    <time>2026-09-19T10:41:53Z</time>
   </trkpt>
   <trkpt lat="43.1965080" lon="-4.0507180">
    <ele>249.4</ele>
    <time>2026-09-19T10:41:54Z</time>
   </trkpt>
   <trkpt lat="43.1964390" lon="-4.0507630">
    <ele>248.5</ele>
    <time>2026-09-19T10:41:55Z</time>
   </trkpt>
   <trkpt lat="43.1963720" lon="-4.0508190">
    <ele>247.7</ele>
    <time>2026-09-19T10:41:56Z</time>
   </trkpt>
   <trkpt lat="43.1963210" lon="-4.0508940">
    <ele>246.9</ele>
    <time>2026-09-19T10:41:57Z</time>
   </trkpt>
   <trkpt lat="43.1962880" lon="-4.0509900">
    <ele>246.2</ele>
    <time>2026-09-19T10:41:58Z</time>
   </trkpt>
   <trkpt lat="43.1962690" lon="-4.0511180">
    <ele>245.2</ele>
    <time>2026-09-19T10:41:59Z</time>
   </trkpt>
   <trkpt lat="43.1962640" lon="-4.0512420">
    <ele>244.2</ele>
    <time>2026-09-19T10:42:00Z</time>
   </trkpt>
   <trkpt lat="43.1962540" lon="-4.0513690">
    <ele>243.2</ele>
    <time>2026-09-19T10:42:01Z</time>
   </trkpt>
   <trkpt lat="43.1962330" lon="-4.0514950">
    <ele>242.1</ele>
    <time>2026-09-19T10:42:02Z</time>
   </trkpt>
   <trkpt lat="43.1961930" lon="-4.0516250">
    <ele>241.0</ele>
    <time>2026-09-19T10:42:03Z</time>
   </trkpt>
   <trkpt lat="43.1961380" lon="-4.0517420">
    <ele>239.9</ele>
    <time>2026-09-19T10:42:04Z</time>
   </trkpt>
   <trkpt lat="43.1960740" lon="-4.0518550">
    <ele>238.9</ele>
    <time>2026-09-19T10:42:05Z</time>
   </trkpt>
   <trkpt lat="43.1959930" lon="-4.0519640">
    <ele>237.8</ele>
    <time>2026-09-19T10:42:06Z</time>
   </trkpt>
   <trkpt lat="43.1959050" lon="-4.0520490">
    <ele>236.8</ele>
    <time>2026-09-19T10:42:07Z</time>
   </trkpt>
   <trkpt lat="43.1958020" lon="-4.0521140">
    <ele>235.6</ele>
    <time>2026-09-19T10:42:08Z</time>
   </trkpt>
   <trkpt lat="43.1956910" lon="-4.0521570">
    <ele>234.5</ele>
    <time>2026-09-19T10:42:09Z</time>
   </trkpt>
   <trkpt lat="43.1955770" lon="-4.0521670">
    <ele>233.4</ele>
    <time>2026-09-19T10:42:10Z</time>
   </trkpt>
   <trkpt lat="43.1954680" lon="-4.0521440">
    <ele>232.3</ele>
    <time>2026-09-19T10:42:11Z</time>
   </trkpt>
   <trkpt lat="43.1953690" lon="-4.0520810">
    <ele>231.2</ele>
    <time>2026-09-19T10:42:12Z</time>
   </trkpt>
   <trkpt lat="43.1952780" lon="-4.0519910">
    <ele>230.0</ele>
    <time>2026-09-19T10:42:13Z</time>
   </trkpt>
   <trkpt lat="43.1951890" lon="-4.0518850">
    <ele>228.7</ele>
    <time>2026-09-19T10:42:14Z</time>
   </trkpt>
   <trkpt lat="43.1951040" lon="-4.0517800">
    <ele>227.5</ele>
    <time>2026-09-19T10:42:15Z</time>
   </trkpt>
   <trkpt lat="43.1950200" lon="-4.0516660">
    <ele>226.2</ele>
    <time>2026-09-19T10:42:16Z</time>
   </trkpt>
   <trkpt lat="43.1949420" lon="-4.0515380">
    <ele>225.0</ele>
    <time>2026-09-19T10:42:17Z</time>
   </trkpt>
   <trkpt lat="43.1948730" lon="-4.0514000">
    <ele>223.8</ele>
    <time>2026-09-19T10:42:18Z</time>
   </trkpt>
   <trkpt lat="43.1948050" lon="-4.0512560">
    <ele>222.6</ele>
    <time>2026-09-19T10:42:19Z</time>
   </trkpt>
   <trkpt lat="43.1947390" lon="-4.0511150">
    <ele>221.4</ele>
    <time>2026-09-19T10:42:20Z</time>
   </trkpt>
   <trkpt lat="43.1946700" lon="-4.0509810">
    <ele>220.3</ele>
    <time>2026-09-19T10:42:21Z</time>
   </trkpt>
   <trkpt lat="43.1945990" lon="-4.0508490">
    <ele>219.2</ele>
    <time>2026-09-19T10:42:22Z</time>
   </trkpt>
   <trkpt lat="43.1945280" lon="-4.0507130">
    <ele>218.2</ele>
    <time>2026-09-19T10:42:23Z</time>
   </trkpt>
   <trkpt lat="43.1944560" lon="-4.0505800">
    <ele>217.1</ele>
    <time>2026-09-19T10:42:24Z</time>
   </trkpt>
   <trkpt lat="43.1943830" lon="-4.0504430">
    <ele>216.1</ele>
    <time>2026-09-19T10:42:25Z</time>
   </trkpt>
   <trkpt lat="43.1943090" lon="-4.0503020">
    <ele>215.1</ele>
    <time>2026-09-19T10:42:26Z</time>
   </trkpt>
   <trkpt lat="43.1942410" lon="-4.0501740">
    <ele>214.1</ele>
    <time>2026-09-19T10:42:27Z</time>
   </trkpt>
   <trkpt lat="43.1941700" lon="-4.0500480">
    <ele>213.3</ele>
    <time>2026-09-19T10:42:28Z</time>
   </trkpt>
   <trkpt lat="43.1940950" lon="-4.0499200">
    <ele>212.5</ele>
    <time>2026-09-19T10:42:29Z</time>
   </trkpt>
   <trkpt lat="43.1940210" lon="-4.0497930">
    <ele>211.7</ele>
    <time>2026-09-19T10:42:30Z</time>
   </trkpt>
   <trkpt lat="43.1939550" lon="-4.0496680">
    <ele>211.0</ele>
    <time>2026-09-19T10:42:31Z</time>
   </trkpt>
   <trkpt lat="43.1938990" lon="-4.0495370">
    <ele>210.3</ele>
    <time>2026-09-19T10:42:32Z</time>
   </trkpt>
   <trkpt lat="43.1938500" lon="-4.0494070">
    <ele>209.6</ele>
    <time>2026-09-19T10:42:33Z</time>
   </trkpt>
   <trkpt lat="43.1938110" lon="-4.0492740">
    <ele>208.9</ele>
    <time>2026-09-19T10:42:34Z</time>
   </trkpt>
   <trkpt lat="43.1937810" lon="-4.0491380">
    <ele>208.3</ele>
    <time>2026-09-19T10:42:35Z</time>
   </trkpt>
   <trkpt lat="43.1937580" lon="-4.0490100">
    <ele>207.7</ele>
    <time>2026-09-19T10:42:36Z</time>
   </trkpt>
   <trkpt lat="43.1937430" lon="-4.0488720">
    <ele>207.1</ele>
    <time>2026-09-19T10:42:37Z</time>
   </trkpt>
   <trkpt lat="43.1937340" lon="-4.0487410">
    <ele>206.5</ele>
    <time>2026-09-19T10:42:38Z</time>
   </trkpt>
   <trkpt lat="43.1937110" lon="-4.0486180">
    <ele>205.9</ele>
    <time>2026-09-19T10:42:39Z</time>
   </trkpt>
   <trkpt lat="43.1936700" lon="-4.0485150">
    <ele>205.4</ele>
    <time>2026-09-19T10:42:40Z</time>
   </trkpt>
   <trkpt lat="43.1936040" lon="-4.0484310">
    <ele>204.7</ele>
    <time>2026-09-19T10:42:41Z</time>
   </trkpt>
   <trkpt lat="43.1935250" lon="-4.0483710">
    <ele>203.9</ele>
    <time>2026-09-19T10:42:42Z</time>
   </trkpt>
   <trkpt lat="43.1934440" lon="-4.0482930">
    <ele>202.9</ele>
    <time>2026-09-19T10:42:43Z</time>
   </trkpt>
   <trkpt lat="43.1933660" lon="-4.0481840">
    <ele>201.6</ele>
    <time>2026-09-19T10:42:44Z</time>
   </trkpt>
   <trkpt lat="43.1932840" lon="-4.0480590">
    <ele>200.2</ele>
    <time>2026-09-19T10:42:45Z</time>
   </trkpt>
   <trkpt lat="43.1932010" lon="-4.0479310">
    <ele>198.8</ele>
    <time>2026-09-19T10:42:46Z</time>
   </trkpt>
   <trkpt lat="43.1931170" lon="-4.0478040">
    <ele>197.5</ele>
    <time>2026-09-19T10:42:47Z</time>
   </trkpt>
   <trkpt lat="43.1930360" lon="-4.0476750">
    <ele>196.3</ele>
    <time>2026-09-19T10:42:48Z</time>
   </trkpt>
   <trkpt lat="43.1929580" lon="-4.0475410">
    <ele>195.3</ele>
    <time>2026-09-19T10:42:49Z</time>
   </trkpt>
   <trkpt lat="43.1928840" lon="-4.0473950">
    <ele>194.3</ele>
    <time>2026-09-19T10:42:50Z</time>
   </trkpt>
   <trkpt lat="43.1928180" lon="-4.0472390">
    <ele>193.4</ele>
    <time>2026-09-19T10:42:51Z</time>
   </trkpt>
   <trkpt lat="43.1927670" lon="-4.0470900">
    <ele>192.5</ele>
    <time>2026-09-19T10:42:52Z</time>
   </trkpt>
   <trkpt lat="43.1927280" lon="-4.0469390">
    <ele>191.7</ele>
    <time>2026-09-19T10:42:53Z</time>
   </trkpt>
   <trkpt lat="43.1926970" lon="-4.0467920">
    <ele>191.0</ele>
    <time>2026-09-19T10:42:54Z</time>
   </trkpt>
   <trkpt lat="43.1926620" lon="-4.0466460">
    <ele>190.2</ele>
    <time>2026-09-19T10:42:55Z</time>
   </trkpt>
   <trkpt lat="43.1926100" lon="-4.0465140">
    <ele>189.5</ele>
    <time>2026-09-19T10:42:56Z</time>
   </trkpt>
   <trkpt lat="43.1925330" lon="-4.0464070">
    <ele>188.6</ele>
    <time>2026-09-19T10:42:57Z</time>
   </trkpt>
   <trkpt lat="43.1924560" lon="-4.0463350">
    <ele>187.8</ele>
    <time>2026-09-19T10:42:58Z</time>
   </trkpt>
   <trkpt lat="43.1923620" lon="-4.0462430">
    <ele>186.6</ele>
    <time>2026-09-19T10:42:59Z</time>
   </trkpt>
   <trkpt lat="43.1922640" lon="-4.0461290">
    <ele>185.4</ele>
    <time>2026-09-19T10:43:00Z</time>
   </trkpt>
   <trkpt lat="43.1921670" lon="-4.0459790">
    <ele>184.1</ele>
    <time>2026-09-19T10:43:01Z</time>
   </trkpt>
   <trkpt lat="43.1920630" lon="-4.0458220">
    <ele>182.8</ele>
    <time>2026-09-19T10:43:02Z</time>
   </trkpt>
   <trkpt lat="43.1919700" lon="-4.0456730">
    <ele>181.6</ele>
    <time>2026-09-19T10:43:03Z</time>
   </trkpt>
   <trkpt lat="43.1918740" lon="-4.0455380">
    <ele>180.4</ele>
    <time>2026-09-19T10:43:04Z</time>
   </trkpt>
   <trkpt lat="43.1917820" lon="-4.0454000">
    <ele>179.9</ele>
    <time>2026-09-19T10:43:05Z</time>
   </trkpt>
   <trkpt lat="43.1916900" lon="-4.0452600">
    <ele>178.8</ele>
    <time>2026-09-19T10:43:06Z</time>
   </trkpt>
   <trkpt lat="43.1915940" lon="-4.0451270">
    <ele>177.8</ele>
    <time>2026-09-19T10:43:07Z</time>
   </trkpt>
   <trkpt lat="43.1915020" lon="-4.0449940">
    <ele>176.7</ele>
    <time>2026-09-19T10:43:08Z</time>
   </trkpt>
   <trkpt lat="43.1914130" lon="-4.0448650">
    <ele>175.7</ele>
    <time>2026-09-19T10:43:09Z</time>
   </trkpt>
   <trkpt lat="43.1913250" lon="-4.0447350">
    <ele>174.8</ele>
    <time>2026-09-19T10:43:10Z</time>
   </trkpt>
   <trkpt lat="43.1912390" lon="-4.0446050">
    <ele>174.1</ele>
    <time>2026-09-19T10:43:11Z</time>
   </trkpt>
   <trkpt lat="43.1911560" lon="-4.0444820">
    <ele>173.6</ele>
    <time>2026-09-19T10:43:12Z</time>
   </trkpt>
   <trkpt lat="43.1910720" lon="-4.0443630">
    <ele>173.4</ele>
    <time>2026-09-19T10:43:13Z</time>
   </trkpt>
   <trkpt lat="43.1909870" lon="-4.0442560">
    <ele>173.3</ele>
    <time>2026-09-19T10:43:14Z</time>
   </trkpt>
   <trkpt lat="43.1909060" lon="-4.0441630">
    <ele>173.2</ele>
    <time>2026-09-19T10:43:15Z</time>
   </trkpt>
   <trkpt lat="43.1908220" lon="-4.0440720">
    <ele>173.1</ele>
    <time>2026-09-19T10:43:16Z</time>
   </trkpt>
   <trkpt lat="43.1907410" lon="-4.0439820">
    <ele>173.0</ele>
    <time>2026-09-19T10:43:17Z</time>
   </trkpt>
   <trkpt lat="43.1906600" lon="-4.0438840">
    <ele>173.0</ele>
    <time>2026-09-19T10:43:18Z</time>
   </trkpt>
   <trkpt lat="43.1905810" lon="-4.0437850">
    <ele>173.0</ele>
    <time>2026-09-19T10:43:19Z</time>
   </trkpt>
   <trkpt lat="43.1905040" lon="-4.0436910">
    <ele>173.2</ele>
    <time>2026-09-19T10:43:20Z</time>
   </trkpt>
   <trkpt lat="43.1904220" lon="-4.0435940">
    <ele>173.3</ele>
    <time>2026-09-19T10:43:21Z</time>
   </trkpt>
   <trkpt lat="43.1903440" lon="-4.0435030">
    <ele>173.5</ele>
    <time>2026-09-19T10:43:22Z</time>
   </trkpt>
   <trkpt lat="43.1902700" lon="-4.0434160">
    <ele>173.6</ele>
    <time>2026-09-19T10:43:23Z</time>
   </trkpt>
   <trkpt lat="43.1901990" lon="-4.0433320">
    <ele>173.8</ele>
    <time>2026-09-19T10:43:24Z</time>
   </trkpt>
   <trkpt lat="43.1901300" lon="-4.0432530">
    <ele>173.9</ele>
    <time>2026-09-19T10:43:25Z</time>
   </trkpt>
   <trkpt lat="43.1900570" lon="-4.0431860">
    <ele>174.0</ele>
    <time>2026-09-19T10:43:26Z</time>
   </trkpt>
   <trkpt lat="43.1899780" lon="-4.0431390">
    <ele>174.2</ele>
    <time>2026-09-19T10:43:27Z</time>
   </trkpt>
   <trkpt lat="43.1898920" lon="-4.0431160">
    <ele>174.3</ele>
    <time>2026-09-19T10:43:28Z</time>
   </trkpt>
   <trkpt lat="43.1898010" lon="-4.0431170">
    <ele>174.4</ele>
    <time>2026-09-19T10:43:29Z</time>
   </trkpt>
   <trkpt lat="43.1897100" lon="-4.0431280">
    <ele>174.4</ele>
    <time>2026-09-19T10:43:30Z</time>
   </trkpt>
   <trkpt lat="43.1896180" lon="-4.0431430">
    <ele>174.5</ele>
    <time>2026-09-19T10:43:31Z</time>
   </trkpt>
   <trkpt lat="43.1895190" lon="-4.0431540">
    <ele>174.6</ele>
    <time>2026-09-19T10:43:32Z</time>
   </trkpt>
   <trkpt lat="43.1894320" lon="-4.0431590">
    <ele>174.7</ele>
    <time>2026-09-19T10:43:33Z</time>
   </trkpt>
   <trkpt lat="43.1893500" lon="-4.0431680">
    <ele>174.8</ele>
    <time>2026-09-19T10:43:34Z</time>
   </trkpt>
   <trkpt lat="43.1892730" lon="-4.0431730">
    <ele>175.0</ele>
    <time>2026-09-19T10:43:35Z</time>
   </trkpt>
   <trkpt lat="43.1892000" lon="-4.0431750">
    <ele>175.1</ele>
    <time>2026-09-19T10:43:36Z</time>
   </trkpt>
   <trkpt lat="43.1891350" lon="-4.0431690">
    <ele>175.3</ele>
    <time>2026-09-19T10:43:37Z</time>
   </trkpt>
   <trkpt lat="43.1890760" lon="-4.0431700">
    <ele>175.4</ele>
    <time>2026-09-19T10:43:38Z</time>
   </trkpt>
   <trkpt lat="43.1890390" lon="-4.0431770">
    <ele>175.5</ele>
    <time>2026-09-19T10:43:39Z</time>
   </trkpt>
   <trkpt lat="43.1890220" lon="-4.0431840">
    <ele>175.5</ele>
    <time>2026-09-19T10:43:40Z</time>
   </trkpt>
   <trkpt lat="43.1890290" lon="-4.0431870">
    <ele>175.5</ele>
    <time>2026-09-19T10:43:41Z</time>
   </trkpt>
   <trkpt lat="43.1890330" lon="-4.0431860">
    <ele>175.5</ele>
    <time>2026-09-19T10:43:42Z</time>
   </trkpt>
   <trkpt lat="43.1890300" lon="-4.0431850">
    <ele>175.5</ele>
    <time>2026-09-19T10:43:43Z</time>
   </trkpt>
   <trkpt lat="43.1890220" lon="-4.0431990">
    <ele>175.5</ele>
    <time>2026-09-19T10:43:44Z</time>
   </trkpt>
   <trkpt lat="43.1889990" lon="-4.0432490">
    <ele>175.4</ele>
    <time>2026-09-19T10:43:45Z</time>
   </trkpt>
   <trkpt lat="43.1889750" lon="-4.0433210">
    <ele>175.3</ele>
    <time>2026-09-19T10:43:46Z</time>
   </trkpt>
   <trkpt lat="43.1889590" lon="-4.0434070">
    <ele>175.3</ele>
    <time>2026-09-19T10:43:47Z</time>
   </trkpt>
   <trkpt lat="43.1889540" lon="-4.0434990">
    <ele>175.2</ele>
    <time>2026-09-19T10:43:48Z</time>
   </trkpt>
   <trkpt lat="43.1889520" lon="-4.0436030">
    <ele>175.1</ele>
    <time>2026-09-19T10:43:49Z</time>
   </trkpt>
   <trkpt lat="43.1889590" lon="-4.0437120">
    <ele>175.0</ele>
    <time>2026-09-19T10:43:50Z</time>
   </trkpt>
   <trkpt lat="43.1889720" lon="-4.0438300">
    <ele>175.0</ele>
    <time>2026-09-19T10:43:51Z</time>
   </trkpt>
   <trkpt lat="43.1889950" lon="-4.0439500">
    <ele>174.9</ele>
    <time>2026-09-19T10:43:52Z</time>
   </trkpt>
   <trkpt lat="43.1890260" lon="-4.0440720">
    <ele>174.9</ele>
    <time>2026-09-19T10:43:53Z</time>
   </trkpt>
   <trkpt lat="43.1890560" lon="-4.0441910">
    <ele>174.8</ele>
    <time>2026-09-19T10:43:54Z</time>
   </trkpt>
   <trkpt lat="43.1890930" lon="-4.0443200">
    <ele>174.8</ele>
    <time>2026-09-19T10:43:55Z</time>
   </trkpt>
   <trkpt lat="43.1891300" lon="-4.0444400">
    <ele>174.8</ele>
    <time>2026-09-19T10:43:56Z</time>
   </trkpt>
   <trkpt lat="43.1891640" lon="-4.0445620">
    <ele>174.8</ele>
    <time>2026-09-19T10:43:57Z</time>
   </trkpt>
   <trkpt lat="43.1891990" lon="-4.0446860">
    <ele>174.9</ele>
    <time>2026-09-19T10:43:58Z</time>
   </trkpt>
   <trkpt lat="43.1892320" lon="-4.0448060">
    <ele>174.9</ele>
    <time>2026-09-19T10:43:59Z</time>
   </trkpt>
   <trkpt lat="43.1892680" lon="-4.0449300">
    <ele>175.0</ele>
    <time>2026-09-19T10:44:00Z</time>
   </trkpt>
   <trkpt lat="43.1892990" lon="-4.0450450">
    <ele>175.1</ele>
    <time>2026-09-19T10:44:01Z</time>
   </trkpt>
   <trkpt lat="43.1893310" lon="-4.0451560">
    <ele>175.3</ele>
    <time>2026-09-19T10:44:02Z</time>
   </trkpt>
   <trkpt lat="43.1893660" lon="-4.0452690">
    <ele>175.4</ele>
    <time>2026-09-19T10:44:03Z</time>
   </trkpt>
   <trkpt lat="43.1893950" lon="-4.0453810">
    <ele>175.4</ele>
    <time>2026-09-19T10:44:04Z</time>
   </trkpt>
   <trkpt lat="43.1894240" lon="-4.0454960">
    <ele>175.5</ele>
    <time>2026-09-19T10:44:05Z</time>
   </trkpt>
   <trkpt lat="43.1894470" lon="-4.0456220">
    <ele>175.7</ele>
    <time>2026-09-19T10:44:06Z</time>
   </trkpt>
   <trkpt lat="43.1894660" lon="-4.0457550">
    <ele>175.8</ele>
    <time>2026-09-19T10:44:07Z</time>
   </trkpt>
   <trkpt lat="43.1894740" lon="-4.0458820">
    <ele>175.9</ele>
    <time>2026-09-19T10:44:08Z</time>
   </trkpt>
   <trkpt lat="43.1894720" lon="-4.0460090">
    <ele>175.9</ele>
    <time>2026-09-19T10:44:09Z</time>
   </trkpt>
   <trkpt lat="43.1894660" lon="-4.0461330">
    <ele>175.8</ele>
    <time>2026-09-19T10:44:10Z</time>
   </trkpt>
   <trkpt lat="43.1894500" lon="-4.0462500">
    <ele>175.7</ele>
    <time>2026-09-19T10:44:11Z</time>
   </trkpt>
   <trkpt lat="43.1894230" lon="-4.0463570">
    <ele>175.6</ele>
    <time>2026-09-19T10:44:12Z</time>
   </trkpt>
   <trkpt lat="43.1893890" lon="-4.0464630">
    <ele>175.4</ele>
    <time>2026-09-19T10:44:13Z</time>
   </trkpt>
   <trkpt lat="43.1893500" lon="-4.0465690">
    <ele>175.2</ele>
    <time>2026-09-19T10:44:14Z</time>
   </trkpt>
   <trkpt lat="43.1893070" lon="-4.0466640">
    <ele>174.9</ele>
    <time>2026-09-19T10:44:15Z</time>
   </trkpt>
   <trkpt lat="43.1892590" lon="-4.0467430">
    <ele>174.8</ele>
    <time>2026-09-19T10:44:16Z</time>
   </trkpt>
   <trkpt lat="43.1892130" lon="-4.0468200">
    <ele>174.6</ele>
    <time>2026-09-19T10:44:17Z</time>
   </trkpt>
   <trkpt lat="43.1891660" lon="-4.0468960">
    <ele>174.5</ele>
    <time>2026-09-19T10:44:18Z</time>
   </trkpt>
   <trkpt lat="43.1891220" lon="-4.0469610">
    <ele>174.5</ele>
    <time>2026-09-19T10:44:19Z</time>
   </trkpt>
   <trkpt lat="43.1890820" lon="-4.0470180">
    <ele>174.4</ele>
    <time>2026-09-19T10:44:20Z</time>
   </trkpt>
   <trkpt lat="43.1890460" lon="-4.0470710">
    <ele>174.4</ele>
    <time>2026-09-19T10:44:21Z</time>
   </trkpt>
   <trkpt lat="43.1890180" lon="-4.0471180">
    <ele>174.4</ele>
    <time>2026-09-19T10:44:22Z</time>
   </trkpt>
   <trkpt lat="43.1889900" lon="-4.0471620">
    <ele>174.4</ele>
    <time>2026-09-19T10:44:23Z</time>
   </trkpt>
   <trkpt lat="43.1889600" lon="-4.0472080">
    <ele>174.3</ele>
    <time>2026-09-19T10:44:24Z</time>
   </trkpt>
   <trkpt lat="43.1889270" lon="-4.0472590">
    <ele>174.3</ele>
    <time>2026-09-19T10:44:25Z</time>
   </trkpt>
   <trkpt lat="43.1888960" lon="-4.0473090">
    <ele>174.3</ele>
    <time>2026-09-19T10:44:26Z</time>
   </trkpt>
   <trkpt lat="43.1888610" lon="-4.0473640">
    <ele>174.3</ele>
    <time>2026-09-19T10:44:27Z</time>
   </trkpt>
   <trkpt lat="43.1888290" lon="-4.0474190">
    <ele>174.2</ele>
    <time>2026-09-19T10:44:28Z</time>
   </trkpt>
   <trkpt lat="43.1887900" lon="-4.0474760">
    <ele>174.2</ele>
    <time>2026-09-19T10:44:29Z</time>
   </trkpt>
   <trkpt lat="43.1887420" lon="-4.0475380">
    <ele>174.2</ele>
    <time>2026-09-19T10:44:30Z</time>
   </trkpt>
   <trkpt lat="43.1886880" lon="-4.0475970">
    <ele>174.2</ele>
    <time>2026-09-19T10:44:31Z</time>
   </trkpt>
   <trkpt lat="43.1886240" lon="-4.0476460">
    <ele>174.1</ele>
    <time>2026-09-19T10:44:32Z</time>
   </trkpt>
   <trkpt lat="43.1885660" lon="-4.0476860">
    <ele>174.1</ele>
    <time>2026-09-19T10:44:33Z</time>
   </trkpt>
   <trkpt lat="43.1885100" lon="-4.0477190">
    <ele>174.1</ele>
    <time>2026-09-19T10:44:34Z</time>
   </trkpt>
   <trkpt lat="43.1884550" lon="-4.0477450">
    <ele>174.1</ele>
    <time>2026-09-19T10:44:35Z</time>
   </trkpt>
   <trkpt lat="43.1884010" lon="-4.0477730">
    <ele>174.1</ele>
    <time>2026-09-19T10:44:36Z</time>
   </trkpt>
   <trkpt lat="43.1883500" lon="-4.0477990">
    <ele>174.2</ele>
    <time>2026-09-19T10:44:37Z</time>
   </trkpt>
   <trkpt lat="43.1883070" lon="-4.0478270">
    <ele>174.2</ele>
    <time>2026-09-19T10:44:38Z</time>
   </trkpt>
   <trkpt lat="43.1882690" lon="-4.0478590">
    <ele>174.2</ele>
    <time>2026-09-19T10:44:39Z</time>
   </trkpt>
   <trkpt lat="43.1882340" lon="-4.0479000">
    <ele>174.1</ele>
    <time>2026-09-19T10:44:40Z</time>
   </trkpt>
   <trkpt lat="43.1882040" lon="-4.0479510">
    <ele>174.1</ele>
    <time>2026-09-19T10:44:41Z</time>
   </trkpt>
   <trkpt lat="43.1881810" lon="-4.0480080">
    <ele>174.1</ele>
    <time>2026-09-19T10:44:42Z</time>
   </trkpt>
   <trkpt lat="43.1881680" lon="-4.0480700">
    <ele>174.1</ele>
    <time>2026-09-19T10:44:43Z</time>
   </trkpt>
   <trkpt lat="43.1881620" lon="-4.0481390">
    <ele>174.0</ele>
    <time>2026-09-19T10:44:44Z</time>
   </trkpt>
   <trkpt lat="43.1881570" lon="-4.0482120">
    <ele>174.0</ele>
    <time>2026-09-19T10:44:45Z</time>
   </trkpt>
   <trkpt lat="43.1881520" lon="-4.0482820">
    <ele>174.0</ele>
    <time>2026-09-19T10:44:46Z</time>
   </trkpt>
   <trkpt lat="43.1881460" lon="-4.0483620">
    <ele>174.0</ele>
    <time>2026-09-19T10:44:47Z</time>
   </trkpt>
   <trkpt lat="43.1881410" lon="-4.0484490">
    <ele>173.9</ele>
    <time>2026-09-19T10:44:48Z</time>
   </trkpt>
   <trkpt lat="43.1881320" lon="-4.0485370">
    <ele>173.9</ele>
    <time>2026-09-19T10:44:49Z</time>
   </trkpt>
   <trkpt lat="43.1881290" lon="-4.0486310">
    <ele>173.9</ele>
    <time>2026-09-19T10:44:50Z</time>
   </trkpt>
   <trkpt lat="43.1881220" lon="-4.0487170">
    <ele>173.8</ele>
    <time>2026-09-19T10:44:51Z</time>
   </trkpt>
   <trkpt lat="43.1881180" lon="-4.0488060">
    <ele>173.8</ele>
    <time>2026-09-19T10:44:52Z</time>
   </trkpt>
   <trkpt lat="43.1881100" lon="-4.0488970">
    <ele>173.8</ele>
    <time>2026-09-19T10:44:53Z</time>
   </trkpt>
   <trkpt lat="43.1880990" lon="-4.0489830">
    <ele>173.7</ele>
    <time>2026-09-19T10:44:54Z</time>
   </trkpt>
   <trkpt lat="43.1880770" lon="-4.0490720">
    <ele>173.7</ele>
    <time>2026-09-19T10:44:55Z</time>
   </trkpt>
   <trkpt lat="43.1880490" lon="-4.0491570">
    <ele>173.6</ele>
    <time>2026-09-19T10:44:56Z</time>
   </trkpt>
   <trkpt lat="43.1880150" lon="-4.0492320">
    <ele>173.6</ele>
    <time>2026-09-19T10:44:57Z</time>
   </trkpt>
   <trkpt lat="43.1879780" lon="-4.0493030">
    <ele>173.6</ele>
    <time>2026-09-19T10:44:58Z</time>
   </trkpt>
   <trkpt lat="43.1879450" lon="-4.0493830">
    <ele>173.5</ele>
    <time>2026-09-19T10:44:59Z</time>
   </trkpt>
   <trkpt lat="43.1879110" lon="-4.0494610">
    <ele>173.5</ele>
    <time>2026-09-19T10:45:00Z</time>
   </trkpt>
   <trkpt lat="43.1878730" lon="-4.0495410">
    <ele>173.5</ele>
    <time>2026-09-19T10:45:01Z</time>
   </trkpt>
   <trkpt lat="43.1878350" lon="-4.0496240">
    <ele>173.5</ele>
    <time>2026-09-19T10:45:02Z</time>
   </trkpt>
   <trkpt lat="43.1877880" lon="-4.0497110">
    <ele>173.5</ele>
    <time>2026-09-19T10:45:03Z</time>
   </trkpt>
   <trkpt lat="43.1877380" lon="-4.0497980">
    <ele>173.5</ele>
    <time>2026-09-19T10:45:04Z</time>
   </trkpt>
   <trkpt lat="43.1876820" lon="-4.0498850">
    <ele>173.5</ele>
    <time>2026-09-19T10:45:05Z</time>
   </trkpt>
   <trkpt lat="43.1876230" lon="-4.0499870">
    <ele>173.5</ele>
    <time>2026-09-19T10:45:06Z</time>
   </trkpt>
   <trkpt lat="43.1875690" lon="-4.0500990">
    <ele>173.5</ele>
    <time>2026-09-19T10:45:07Z</time>
   </trkpt>
   <trkpt lat="43.1875160" lon="-4.0502070">
    <ele>173.6</ele>
    <time>2026-09-19T10:45:08Z</time>
   </trkpt>
   <trkpt lat="43.1874570" lon="-4.0503280">
    <ele>173.6</ele>
    <time>2026-09-19T10:45:09Z</time>
   </trkpt>
   <trkpt lat="43.1874080" lon="-4.0504420">
    <ele>173.7</ele>
    <time>2026-09-19T10:45:10Z</time>
   </trkpt>
   <trkpt lat="43.1873500" lon="-4.0505550">
    <ele>173.7</ele>
    <time>2026-09-19T10:45:11Z</time>
   </trkpt>
   <trkpt lat="43.1872980" lon="-4.0506530">
    <ele>173.8</ele>
    <time>2026-09-19T10:45:12Z</time>
   </trkpt>
   <trkpt lat="43.1872500" lon="-4.0507360">
    <ele>173.8</ele>
    <time>2026-09-19T10:45:13Z</time>
   </trkpt>
   <trkpt lat="43.1871980" lon="-4.0508080">
    <ele>173.9</ele>
    <time>2026-09-19T10:45:14Z</time>
   </trkpt>
   <trkpt lat="43.1871440" lon="-4.0508670">
    <ele>174.0</ele>
    <time>2026-09-19T10:45:15Z</time>
   </trkpt>
   <trkpt lat="43.1870800" lon="-4.0508970">
    <ele>174.0</ele>
    <time>2026-09-19T10:45:16Z</time>
   </trkpt>
   <trkpt lat="43.1870130" lon="-4.0508850">
    <ele>174.0</ele>
    <time>2026-09-19T10:45:17Z</time>
   </trkpt>
   <trkpt lat="43.1869510" lon="-4.0508380">
    <ele>174.0</ele>
    <time>2026-09-19T10:45:18Z</time>
   </trkpt>
   <trkpt lat="43.1868920" lon="-4.0507580">
    <ele>174.0</ele>
    <time>2026-09-19T10:45:19Z</time>
   </trkpt>
   <trkpt lat="43.1868270" lon="-4.0506750">
    <ele>174.0</ele>
    <time>2026-09-19T10:45:20Z</time>
   </trkpt>
   <trkpt lat="43.1867690" lon="-4.0506030">
    <ele>174.1</ele>
    <time>2026-09-19T10:45:21Z</time>
   </trkpt>
   <trkpt lat="43.1867170" lon="-4.0505430">
    <ele>174.1</ele>
    <time>2026-09-19T10:45:22Z</time>
   </trkpt>
   <trkpt lat="43.1866640" lon="-4.0504810">
    <ele>174.1</ele>
    <time>2026-09-19T10:45:23Z</time>
   </trkpt>
   <trkpt lat="43.1866160" lon="-4.0504220">
    <ele>174.1</ele>
    <time>2026-09-19T10:45:24Z</time>
   </trkpt>
   <trkpt lat="43.1865710" lon="-4.0503720">
    <ele>174.2</ele>
    <time>2026-09-19T10:45:25Z</time>
   </trkpt>
   <trkpt lat="43.1865200" lon="-4.0503250">
    <ele>174.1</ele>
    <time>2026-09-19T10:45:26Z</time>
   </trkpt>
   <trkpt lat="43.1864520" lon="-4.0502710">
    <ele>174.2</ele>
    <time>2026-09-19T10:45:27Z</time>
   </trkpt>
   <trkpt lat="43.1863800" lon="-4.0502150">
    <ele>174.3</ele>
    <time>2026-09-19T10:45:28Z</time>
   </trkpt>
   <trkpt lat="43.1863050" lon="-4.0501580">
    <ele>174.4</ele>
    <time>2026-09-19T10:45:29Z</time>
   </trkpt>
   <trkpt lat="43.1862330" lon="-4.0500950">
    <ele>174.5</ele>
    <time>2026-09-19T10:45:30Z</time>
   </trkpt>
   <trkpt lat="43.1861530" lon="-4.0500310">
    <ele>174.7</ele>
    <time>2026-09-19T10:45:31Z</time>
   </trkpt>
   <trkpt lat="43.1860710" lon="-4.0499640">
    <ele>174.8</ele>
    <time>2026-09-19T10:45:32Z</time>
   </trkpt>
   <trkpt lat="43.1859840" lon="-4.0498990">
    <ele>174.9</ele>
    <time>2026-09-19T10:45:33Z</time>
   </trkpt>
   <trkpt lat="43.1858970" lon="-4.0498390">
    <ele>175.0</ele>
    <time>2026-09-19T10:45:34Z</time>
   </trkpt>
   <trkpt lat="43.1858140" lon="-4.0497800">
    <ele>175.1</ele>
    <time>2026-09-19T10:45:35Z</time>
   </trkpt>
   <trkpt lat="43.1857250" lon="-4.0497190">
    <ele>175.2</ele>
    <time>2026-09-19T10:45:36Z</time>
   </trkpt>
   <trkpt lat="43.1856360" lon="-4.0496560">
    <ele>175.4</ele>
    <time>2026-09-19T10:45:37Z</time>
   </trkpt>
   <trkpt lat="43.1855500" lon="-4.0495870">
    <ele>175.5</ele>
    <time>2026-09-19T10:45:38Z</time>
   </trkpt>
   <trkpt lat="43.1854630" lon="-4.0495180">
    <ele>175.6</ele>
    <time>2026-09-19T10:45:39Z</time>
   </trkpt>
   <trkpt lat="43.1853720" lon="-4.0494590">
    <ele>175.7</ele>
    <time>2026-09-19T10:45:40Z</time>
   </trkpt>
   <trkpt lat="43.1852930" lon="-4.0494090">
    <ele>175.7</ele>
    <time>2026-09-19T10:45:41Z</time>
   </trkpt>
   <trkpt lat="43.1852080" lon="-4.0493710">
    <ele>175.8</ele>
    <time>2026-09-19T10:45:42Z</time>
   </trkpt>
   <trkpt lat="43.1851220" lon="-4.0493420">
    <ele>175.8</ele>
    <time>2026-09-19T10:45:43Z</time>
   </trkpt>
   <trkpt lat="43.1850290" lon="-4.0493070">
    <ele>175.8</ele>
    <time>2026-09-19T10:45:44Z</time>
   </trkpt>
   <trkpt lat="43.1849380" lon="-4.0492570">
    <ele>175.9</ele>
    <time>2026-09-19T10:45:45Z</time>
   </trkpt>
   <trkpt lat="43.1848550" lon="-4.0491790">
    <ele>175.9</ele>
    <time>2026-09-19T10:45:46Z</time>
   </trkpt>
   <trkpt lat="43.1847790" lon="-4.0490870">
    <ele>175.8</ele>
    <time>2026-09-19T10:45:47Z</time>
   </trkpt>
   <trkpt lat="43.1847140" lon="-4.0489590">
    <ele>175.8</ele>
    <time>2026-09-19T10:45:48Z</time>
   </trkpt>
   <trkpt lat="43.1846640" lon="-4.0488420">
    <ele>175.7</ele>
    <time>2026-09-19T10:45:49Z</time>
   </trkpt>
   <trkpt lat="43.1846080" lon="-4.0487380">
    <ele>175.6</ele>
    <time>2026-09-19T10:45:50Z</time>
   </trkpt>
   <trkpt lat="43.1845380" lon="-4.0486470">
    <ele>175.6</ele>
    <time>2026-09-19T10:45:51Z</time>
   </trkpt>
   <trkpt lat="43.1844740" lon="-4.0485750">
    <ele>175.5</ele>
    <time>2026-09-19T10:45:52Z</time>
   </trkpt>
   <trkpt lat="43.1844130" lon="-4.0485220">
    <ele>175.5</ele>
    <time>2026-09-19T10:45:53Z</time>
   </trkpt>
   <trkpt lat="43.1843520" lon="-4.0484760">
    <ele>175.5</ele>
    <time>2026-09-19T10:45:54Z</time>
   </trkpt>
   <trkpt lat="43.1842940" lon="-4.0484360">
    <ele>175.5</ele>
    <time>2026-09-19T10:45:55Z</time>
   </trkpt>
   <trkpt lat="43.1842360" lon="-4.0484000">
    <ele>175.5</ele>
    <time>2026-09-19T10:45:56Z</time>
   </trkpt>
   <trkpt lat="43.1841820" lon="-4.0483670">
    <ele>175.5</ele>
    <time>2026-09-19T10:45:57Z</time>
   </trkpt>
   <trkpt lat="43.1841280" lon="-4.0483360">
    <ele>175.6</ele>
    <time>2026-09-19T10:45:58Z</time>
   </trkpt>
   <trkpt lat="43.1840840" lon="-4.0483060">
    <ele>175.6</ele>
    <time>2026-09-19T10:45:59Z</time>
   </trkpt>
   <trkpt lat="43.1840310" lon="-4.0482760">
    <ele>175.6</ele>
    <time>2026-09-19T10:46:00Z</time>
   </trkpt>
   <trkpt lat="43.1839770" lon="-4.0482460">
    <ele>175.6</ele>
    <time>2026-09-19T10:46:01Z</time>
   </trkpt>
   <trkpt lat="43.1839220" lon="-4.0482160">
    <ele>175.6</ele>
    <time>2026-09-19T10:46:02Z</time>
   </trkpt>
   <trkpt lat="43.1838670" lon="-4.0481850">
    <ele>175.6</ele>
    <time>2026-09-19T10:46:03Z</time>
   </trkpt>
   <trkpt lat="43.1838160" lon="-4.0481560">
    <ele>175.6</ele>
    <time>2026-09-19T10:46:04Z</time>
   </trkpt>
   <trkpt lat="43.1837600" lon="-4.0481230">
    <ele>175.7</ele>
    <time>2026-09-19T10:46:05Z</time>
   </trkpt>
   <trkpt lat="43.1837070" lon="-4.0480920">
    <ele>175.7</ele>
    <time>2026-09-19T10:46:06Z</time>
   </trkpt>
   <trkpt lat="43.1836540" lon="-4.0480600">
    <ele>175.8</ele>
    <time>2026-09-19T10:46:07Z</time>
   </trkpt>
   <trkpt lat="43.1835990" lon="-4.0480290">
    <ele>175.8</ele>
    <time>2026-09-19T10:46:08Z</time>
   </trkpt>
   <trkpt lat="43.1835440" lon="-4.0479970">
    <ele>175.9</ele>
    <time>2026-09-19T10:46:09Z</time>
   </trkpt>
   <trkpt lat="43.1834860" lon="-4.0479680">
    <ele>176.0</ele>
    <time>2026-09-19T10:46:10Z</time>
   </trkpt>
   <trkpt lat="43.1834420" lon="-4.0479410">
    <ele>176.1</ele>
    <time>2026-09-19T10:46:11Z</time>
   </trkpt>
   <trkpt lat="43.1834020" lon="-4.0479130">
    <ele>176.2</ele>
    <time>2026-09-19T10:46:12Z</time>
   </trkpt>
   <trkpt lat="43.1833650" lon="-4.0478880">
    <ele>176.4</ele>
    <time>2026-09-19T10:46:13Z</time>
   </trkpt>
   <trkpt lat="43.1833250" lon="-4.0478610">
    <ele>176.5</ele>
    <time>2026-09-19T10:46:14Z</time>
   </trkpt>
   <trkpt lat="43.1832870" lon="-4.0478360">
    <ele>176.6</ele>
    <time>2026-09-19T10:46:15Z</time>
   </trkpt>
   <trkpt lat="43.1832510" lon="-4.0478100">
    <ele>176.7</ele>
    <time>2026-09-19T10:46:16Z</time>
   </trkpt>
   <trkpt lat="43.1832190" lon="-4.0477900">
    <ele>176.8</ele>
    <time>2026-09-19T10:46:17Z</time>
   </trkpt>
   <trkpt lat="43.1831940" lon="-4.0477740">
    <ele>176.9</ele>
    <time>2026-09-19T10:46:18Z</time>
   </trkpt>
   <trkpt lat="43.1831680" lon="-4.0477570">
    <ele>177.0</ele>
    <time>2026-09-19T10:46:19Z</time>
   </trkpt>
   <trkpt lat="43.1831410" lon="-4.0477400">
    <ele>177.0</ele>
    <time>2026-09-19T10:46:20Z</time>
   </trkpt>
   <trkpt lat="43.1831090" lon="-4.0477190">
    <ele>177.1</ele>
    <time>2026-09-19T10:46:21Z</time>
   </trkpt>
   <trkpt lat="43.1830680" lon="-4.0476950">
    <ele>177.1</ele>
    <time>2026-09-19T10:46:22Z</time>
   </trkpt>
   <trkpt lat="43.1830210" lon="-4.0476800">
    <ele>177.2</ele>
    <time>2026-09-19T10:46:23Z</time>
   </trkpt>
   <trkpt lat="43.1829700" lon="-4.0476600">
    <ele>177.4</ele>
    <time>2026-09-19T10:46:24Z</time>
   </trkpt>
   <trkpt lat="43.1829090" lon="-4.0476170">
    <ele>177.6</ele>
    <time>2026-09-19T10:46:25Z</time>
   </trkpt>
   <trkpt lat="43.1828360" lon="-4.0475570">
    <ele>177.8</ele>
    <time>2026-09-19T10:46:26Z</time>
   </trkpt>
   <trkpt lat="43.1827560" lon="-4.0475030">
    <ele>178.1</ele>
    <time>2026-09-19T10:46:27Z</time>
   </trkpt>
   <trkpt lat="43.1826800" lon="-4.0474500">
    <ele>178.4</ele>
    <time>2026-09-19T10:46:28Z</time>
   </trkpt>
   <trkpt lat="43.1825980" lon="-4.0474010">
    <ele>178.6</ele>
    <time>2026-09-19T10:46:29Z</time>
   </trkpt>
   <trkpt lat="43.1825170" lon="-4.0473500">
    <ele>178.9</ele>
    <time>2026-09-19T10:46:30Z</time>
   </trkpt>
   <trkpt lat="43.1824370" lon="-4.0472970">
    <ele>179.2</ele>
    <time>2026-09-19T10:46:31Z</time>
   </trkpt>
   <trkpt lat="43.1823480" lon="-4.0472410">
    <ele>179.4</ele>
    <time>2026-09-19T10:46:32Z</time>
   </trkpt>
   <trkpt lat="43.1822540" lon="-4.0471900">
    <ele>179.7</ele>
    <time>2026-09-19T10:46:33Z</time>
   </trkpt>
   <trkpt lat="43.1821680" lon="-4.0471470">
    <ele>179.9</ele>
    <time>2026-09-19T10:46:34Z</time>
   </trkpt>
   <trkpt lat="43.1820780" lon="-4.0471080">
    <ele>180.0</ele>
    <time>2026-09-19T10:46:35Z</time>
   </trkpt>
   <trkpt lat="43.1819840" lon="-4.0470720">
    <ele>180.2</ele>
    <time>2026-09-19T10:46:36Z</time>
   </trkpt>
   <trkpt lat="43.1818890" lon="-4.0470370">
    <ele>180.3</ele>
    <time>2026-09-19T10:46:37Z</time>
   </trkpt>
   <trkpt lat="43.1817970" lon="-4.0470050">
    <ele>180.5</ele>
    <time>2026-09-19T10:46:38Z</time>
   </trkpt>
   <trkpt lat="43.1817000" lon="-4.0469720">
    <ele>180.6</ele>
    <time>2026-09-19T10:46:39Z</time>
   </trkpt>
   <trkpt lat="43.1815980" lon="-4.0469400">
    <ele>180.7</ele>
    <time>2026-09-19T10:46:40Z</time>
   </trkpt>
   <trkpt lat="43.1814990" lon="-4.0469110">
    <ele>180.8</ele>
    <time>2026-09-19T10:46:41Z</time>
   </trkpt>
   <trkpt lat="43.1813950" lon="-4.0468870">
    <ele>181.0</ele>
    <time>2026-09-19T10:46:42Z</time>
   </trkpt>
   <trkpt lat="43.1812930" lon="-4.0468620">
    <ele>181.1</ele>
    <time>2026-09-19T10:46:43Z</time>
   </trkpt>
   <trkpt lat="43.1811940" lon="-4.0468370">
    <ele>181.2</ele>
    <time>2026-09-19T10:46:44Z</time>
   </trkpt>
   <trkpt lat="43.1810970" lon="-4.0468150">
    <ele>181.4</ele>
    <time>2026-09-19T10:46:45Z</time>
   </trkpt>
   <trkpt lat="43.1809940" lon="-4.0467990">
    <ele>181.5</ele>
    <time>2026-09-19T10:46:46Z</time>
   </trkpt>
   <trkpt lat="43.1808940" lon="-4.0467920">
    <ele>181.6</ele>
    <time>2026-09-19T10:46:47Z</time>
   </trkpt>
   <trkpt lat="43.1807880" lon="-4.0467940">
    <ele>181.7</ele>
    <time>2026-09-19T10:46:48Z</time>
   </trkpt>
   <trkpt lat="43.1806780" lon="-4.0468010">
    <ele>181.8</ele>
    <time>2026-09-19T10:46:49Z</time>
   </trkpt>
   <trkpt lat="43.1805670" lon="-4.0468110">
    <ele>181.9</ele>
    <time>2026-09-19T10:46:50Z</time>
   </trkpt>
   <trkpt lat="43.1804510" lon="-4.0468250">
    <ele>182.1</ele>
    <time>2026-09-19T10:46:51Z</time>
   </trkpt>
   <trkpt lat="43.1803350" lon="-4.0468390">
    <ele>182.2</ele>
    <time>2026-09-19T10:46:52Z</time>
   </trkpt>
   <trkpt lat="43.1802170" lon="-4.0468560">
    <ele>182.3</ele>
    <time>2026-09-19T10:46:53Z</time>
   </trkpt>
   <trkpt lat="43.1800950" lon="-4.0468750">
    <ele>182.5</ele>
    <time>2026-09-19T10:46:54Z</time>
   </trkpt>
   <trkpt lat="43.1799730" lon="-4.0468950">
    <ele>182.6</ele>
    <time>2026-09-19T10:46:55Z</time>
   </trkpt>
   <trkpt lat="43.1798420" lon="-4.0469130">
    <ele>182.8</ele>
    <time>2026-09-19T10:46:56Z</time>
   </trkpt>
   <trkpt lat="43.1797140" lon="-4.0469270">
    <ele>183.1</ele>
    <time>2026-09-19T10:46:57Z</time>
   </trkpt>
   <trkpt lat="43.1795830" lon="-4.0469380">
    <ele>183.4</ele>
    <time>2026-09-19T10:46:58Z</time>
   </trkpt>
   <trkpt lat="43.1794510" lon="-4.0469450">
    <ele>183.7</ele>
    <time>2026-09-19T10:46:59Z</time>
   </trkpt>
   <trkpt lat="43.1793180" lon="-4.0469510">
    <ele>183.9</ele>
    <time>2026-09-19T10:47:00Z</time>
   </trkpt>
   <trkpt lat="43.1791910" lon="-4.0469570">
    <ele>184.0</ele>
    <time>2026-09-19T10:47:01Z</time>
   </trkpt>
   <trkpt lat="43.1790590" lon="-4.0469620">
    <ele>184.2</ele>
    <time>2026-09-19T10:47:02Z</time>
   </trkpt>
   <trkpt lat="43.1789270" lon="-4.0469680">
    <ele>184.3</ele>
    <time>2026-09-19T10:47:03Z</time>
   </trkpt>
   <trkpt lat="43.1787940" lon="-4.0469740">
    <ele>184.5</ele>
    <time>2026-09-19T10:47:04Z</time>
   </trkpt>
   <trkpt lat="43.1786720" lon="-4.0469800">
    <ele>184.6</ele>
    <time>2026-09-19T10:47:05Z</time>
   </trkpt>
   <trkpt lat="43.1785470" lon="-4.0469900">
    <ele>184.7</ele>
    <time>2026-09-19T10:47:06Z</time>
   </trkpt>
   <trkpt lat="43.1784240" lon="-4.0469920">
    <ele>184.8</ele>
    <time>2026-09-19T10:47:07Z</time>
   </trkpt>
   <trkpt lat="43.1783120" lon="-4.0469810">
    <ele>184.8</ele>
    <time>2026-09-19T10:47:08Z</time>
   </trkpt>
   <trkpt lat="43.1782060" lon="-4.0469540">
    <ele>184.9</ele>
    <time>2026-09-19T10:47:09Z</time>
   </trkpt>
   <trkpt lat="43.1781010" lon="-4.0469160">
    <ele>185.0</ele>
    <time>2026-09-19T10:47:10Z</time>
   </trkpt>
   <trkpt lat="43.1780050" lon="-4.0468730">
    <ele>185.1</ele>
    <time>2026-09-19T10:47:11Z</time>
   </trkpt>
   <trkpt lat="43.1779150" lon="-4.0468340">
    <ele>185.1</ele>
    <time>2026-09-19T10:47:12Z</time>
   </trkpt>
   <trkpt lat="43.1778260" lon="-4.0468030">
    <ele>185.1</ele>
    <time>2026-09-19T10:47:13Z</time>
   </trkpt>
   <trkpt lat="43.1777360" lon="-4.0467810">
    <ele>185.1</ele>
    <time>2026-09-19T10:47:14Z</time>
   </trkpt>
   <trkpt lat="43.1776510" lon="-4.0467500">
    <ele>185.1</ele>
    <time>2026-09-19T10:47:15Z</time>
   </trkpt>
   <trkpt lat="43.1775770" lon="-4.0466930">
    <ele>185.2</ele>
    <time>2026-09-19T10:47:16Z</time>
   </trkpt>
   <trkpt lat="43.1775140" lon="-4.0466140">
    <ele>185.3</ele>
    <time>2026-09-19T10:47:17Z</time>
   </trkpt>
   <trkpt lat="43.1774500" lon="-4.0465170">
    <ele>185.5</ele>
    <time>2026-09-19T10:47:18Z</time>
   </trkpt>
   <trkpt lat="43.1773790" lon="-4.0464330">
    <ele>185.8</ele>
    <time>2026-09-19T10:47:19Z</time>
   </trkpt>
   <trkpt lat="43.1772940" lon="-4.0463730">
    <ele>186.0</ele>
    <time>2026-09-19T10:47:20Z</time>
   </trkpt>
   <trkpt lat="43.1771990" lon="-4.0463400">
    <ele>186.3</ele>
    <time>2026-09-19T10:47:21Z</time>
   </trkpt>
   <trkpt lat="43.1770940" lon="-4.0463190">
    <ele>186.4</ele>
    <time>2026-09-19T10:47:22Z</time>
   </trkpt>
   <trkpt lat="43.1769770" lon="-4.0463030">
    <ele>186.6</ele>
    <time>2026-09-19T10:47:23Z</time>
   </trkpt>
   <trkpt lat="43.1768610" lon="-4.0462860">
    <ele>186.8</ele>
    <time>2026-09-19T10:47:24Z</time>
   </trkpt>
   <trkpt lat="43.1767530" lon="-4.0462700">
    <ele>187.0</ele>
    <time>2026-09-19T10:47:25Z</time>
   </trkpt>
   <trkpt lat="43.1766420" lon="-4.0462530">
    <ele>187.2</ele>
    <time>2026-09-19T10:47:26Z</time>
   </trkpt>
   <trkpt lat="43.1765260" lon="-4.0462330">
    <ele>187.3</ele>
    <time>2026-09-19T10:47:27Z</time>
   </trkpt>
   <trkpt lat="43.1764080" lon="-4.0462090">
    <ele>187.5</ele>
    <time>2026-09-19T10:47:28Z</time>
   </trkpt>
   <trkpt lat="43.1762920" lon="-4.0461880">
    <ele>187.6</ele>
    <time>2026-09-19T10:47:29Z</time>
   </trkpt>
   <trkpt lat="43.1761720" lon="-4.0461650">
    <ele>187.8</ele>
    <time>2026-09-19T10:47:30Z</time>
   </trkpt>
   <trkpt lat="43.1760540" lon="-4.0461460">
    <ele>188.0</ele>
    <time>2026-09-19T10:47:31Z</time>
   </trkpt>
   <trkpt lat="43.1759400" lon="-4.0461280">
    <ele>188.2</ele>
    <time>2026-09-19T10:47:32Z</time>
   </trkpt>
   <trkpt lat="43.1758320" lon="-4.0461100">
    <ele>188.3</ele>
    <time>2026-09-19T10:47:33Z</time>
   </trkpt>
   <trkpt lat="43.1757210" lon="-4.0460940">
    <ele>188.5</ele>
    <time>2026-09-19T10:47:34Z</time>
   </trkpt>
   <trkpt lat="43.1756090" lon="-4.0460760">
    <ele>188.6</ele>
    <time>2026-09-19T10:47:35Z</time>
   </trkpt>
   <trkpt lat="43.1754920" lon="-4.0460530">
    <ele>188.7</ele>
    <time>2026-09-19T10:47:36Z</time>
   </trkpt>
   <trkpt lat="43.1753810" lon="-4.0460360">
    <ele>188.8</ele>
    <time>2026-09-19T10:47:37Z</time>
   </trkpt>
   <trkpt lat="43.1752630" lon="-4.0460170">
    <ele>188.9</ele>
    <time>2026-09-19T10:47:38Z</time>
   </trkpt>
   <trkpt lat="43.1751460" lon="-4.0460020">
    <ele>189.0</ele>
    <time>2026-09-19T10:47:39Z</time>
   </trkpt>
   <trkpt lat="43.1750320" lon="-4.0459900">
    <ele>189.2</ele>
    <time>2026-09-19T10:47:40Z</time>
   </trkpt>
   <trkpt lat="43.1749200" lon="-4.0459790">
    <ele>189.3</ele>
    <time>2026-09-19T10:47:41Z</time>
   </trkpt>
   <trkpt lat="43.1748080" lon="-4.0459730">
    <ele>189.5</ele>
    <time>2026-09-19T10:47:42Z</time>
   </trkpt>
   <trkpt lat="43.1746950" lon="-4.0459690">
    <ele>189.7</ele>
    <time>2026-09-19T10:47:43Z</time>
   </trkpt>
   <trkpt lat="43.1745810" lon="-4.0459690">
    <ele>189.8</ele>
    <time>2026-09-19T10:47:44Z</time>
   </trkpt>
   <trkpt lat="43.1744770" lon="-4.0459690">
    <ele>190.0</ele>
    <time>2026-09-19T10:47:45Z</time>
   </trkpt>
   <trkpt lat="43.1743800" lon="-4.0459680">
    <ele>190.1</ele>
    <time>2026-09-19T10:47:46Z</time>
   </trkpt>
   <trkpt lat="43.1742830" lon="-4.0459520">
    <ele>190.2</ele>
    <time>2026-09-19T10:47:47Z</time>
   </trkpt>
   <trkpt lat="43.1741960" lon="-4.0459040">
    <ele>190.2</ele>
    <time>2026-09-19T10:47:48Z</time>
   </trkpt>
   <trkpt lat="43.1741120" lon="-4.0458160">
    <ele>190.3</ele>
    <time>2026-09-19T10:47:49Z</time>
   </trkpt>
   <trkpt lat="43.1740420" lon="-4.0456980">
    <ele>190.3</ele>
    <time>2026-09-19T10:47:50Z</time>
   </trkpt>
   <trkpt lat="43.1739730" lon="-4.0455700">
    <ele>190.3</ele>
    <time>2026-09-19T10:47:51Z</time>
   </trkpt>
   <trkpt lat="43.1739050" lon="-4.0454400">
    <ele>190.3</ele>
    <time>2026-09-19T10:47:52Z</time>
   </trkpt>
   <trkpt lat="43.1738320" lon="-4.0453070">
    <ele>190.3</ele>
    <time>2026-09-19T10:47:53Z</time>
   </trkpt>
   <trkpt lat="43.1737550" lon="-4.0451770">
    <ele>190.4</ele>
    <time>2026-09-19T10:47:54Z</time>
   </trkpt>
   <trkpt lat="43.1736740" lon="-4.0450510">
    <ele>190.4</ele>
    <time>2026-09-19T10:47:55Z</time>
   </trkpt>
   <trkpt lat="43.1735930" lon="-4.0449340">
    <ele>190.4</ele>
    <time>2026-09-19T10:47:56Z</time>
   </trkpt>
   <trkpt lat="43.1735140" lon="-4.0448320">
    <ele>190.5</ele>
    <time>2026-09-19T10:47:57Z</time>
   </trkpt>
   <trkpt lat="43.1734330" lon="-4.0447370">
    <ele>190.6</ele>
    <time>2026-09-19T10:47:58Z</time>
   </trkpt>
   <trkpt lat="43.1733520" lon="-4.0446490">
    <ele>190.7</ele>
    <time>2026-09-19T10:47:59Z</time>
   </trkpt>
   <trkpt lat="43.1732810" lon="-4.0445600">
    <ele>190.7</ele>
    <time>2026-09-19T10:48:00Z</time>
   </trkpt>
   <trkpt lat="43.1732130" lon="-4.0444550">
    <ele>190.9</ele>
    <time>2026-09-19T10:48:01Z</time>
   </trkpt>
   <trkpt lat="43.1731480" lon="-4.0443540">
    <ele>191.0</ele>
    <time>2026-09-19T10:48:02Z</time>
   </trkpt>
   <trkpt lat="43.1730750" lon="-4.0442610">
    <ele>191.1</ele>
    <time>2026-09-19T10:48:03Z</time>
   </trkpt>
   <trkpt lat="43.1730040" lon="-4.0441610">
    <ele>191.3</ele>
    <time>2026-09-19T10:48:04Z</time>
   </trkpt>
   <trkpt lat="43.1729390" lon="-4.0440580">
    <ele>191.4</ele>
    <time>2026-09-19T10:48:05Z</time>
   </trkpt>
   <trkpt lat="43.1728730" lon="-4.0439390">
    <ele>191.5</ele>
    <time>2026-09-19T10:48:06Z</time>
   </trkpt>
   <trkpt lat="43.1728080" lon="-4.0438280">
    <ele>191.7</ele>
    <time>2026-09-19T10:48:07Z</time>
   </trkpt>
   <trkpt lat="43.1727420" lon="-4.0437290">
    <ele>191.8</ele>
    <time>2026-09-19T10:48:08Z</time>
   </trkpt>
   <trkpt lat="43.1726780" lon="-4.0436530">
    <ele>191.9</ele>
    <time>2026-09-19T10:48:09Z</time>
   </trkpt>
   <trkpt lat="43.1725940" lon="-4.0435920">
    <ele>192.0</ele>
    <time>2026-09-19T10:48:10Z</time>
   </trkpt>
   <trkpt lat="43.1725020" lon="-4.0435550">
    <ele>192.2</ele>
    <time>2026-09-19T10:48:11Z</time>
   </trkpt>
   <trkpt lat="43.1723980" lon="-4.0435290">
    <ele>192.3</ele>
    <time>2026-09-19T10:48:12Z</time>
   </trkpt>
   <trkpt lat="43.1722900" lon="-4.0435130">
    <ele>192.5</ele>
    <time>2026-09-19T10:48:13Z</time>
   </trkpt>
   <trkpt lat="43.1721740" lon="-4.0435070">
    <ele>192.7</ele>
    <time>2026-09-19T10:48:14Z</time>
   </trkpt>
   <trkpt lat="43.1720550" lon="-4.0435020">
    <ele>192.9</ele>
    <time>2026-09-19T10:48:15Z</time>
   </trkpt>
   <trkpt lat="43.1719280" lon="-4.0434990">
    <ele>193.1</ele>
    <time>2026-09-19T10:48:16Z</time>
   </trkpt>
   <trkpt lat="43.1718030" lon="-4.0434950">
    <ele>193.2</ele>
    <time>2026-09-19T10:48:17Z</time>
   </trkpt>
   <trkpt lat="43.1716790" lon="-4.0434880">
    <ele>193.4</ele>
    <time>2026-09-19T10:48:18Z</time>
   </trkpt>
   <trkpt lat="43.1715530" lon="-4.0434750">
    <ele>193.5</ele>
    <time>2026-09-19T10:48:19Z</time>
   </trkpt>
   <trkpt lat="43.1714200" lon="-4.0434620">
    <ele>193.7</ele>
    <time>2026-09-19T10:48:20Z</time>
   </trkpt>
   <trkpt lat="43.1712910" lon="-4.0434490">
    <ele>193.9</ele>
    <time>2026-09-19T10:48:21Z</time>
   </trkpt>
   <trkpt lat="43.1711630" lon="-4.0434330">
    <ele>194.0</ele>
    <time>2026-09-19T10:48:22Z</time>
   </trkpt>
   <trkpt lat="43.1710430" lon="-4.0434180">
    <ele>194.2</ele>
    <time>2026-09-19T10:48:23Z</time>
   </trkpt>
   <trkpt lat="43.1709210" lon="-4.0433980">
    <ele>194.3</ele>
    <time>2026-09-19T10:48:24Z</time>
   </trkpt>
   <trkpt lat="43.1708050" lon="-4.0433710">
    <ele>194.4</ele>
    <time>2026-09-19T10:48:25Z</time>
   </trkpt>
   <trkpt lat="43.1706800" lon="-4.0433370">
    <ele>194.6</ele>
    <time>2026-09-19T10:48:26Z</time>
   </trkpt>
   <trkpt lat="43.1705620" lon="-4.0433050">
    <ele>194.7</ele>
    <time>2026-09-19T10:48:27Z</time>
   </trkpt>
   <trkpt lat="43.1704530" lon="-4.0432720">
    <ele>194.9</ele>
    <time>2026-09-19T10:48:28Z</time>
   </trkpt>
   <trkpt lat="43.1703470" lon="-4.0432360">
    <ele>195.0</ele>
    <time>2026-09-19T10:48:29Z</time>
   </trkpt>
   <trkpt lat="43.1702450" lon="-4.0431970">
    <ele>195.1</ele>
    <time>2026-09-19T10:48:30Z</time>
   </trkpt>
   <trkpt lat="43.1701600" lon="-4.0431640">
    <ele>195.2</ele>
    <time>2026-09-19T10:48:31Z</time>
   </trkpt>
   <trkpt lat="43.1700740" lon="-4.0431330">
    <ele>195.3</ele>
    <time>2026-09-19T10:48:32Z</time>
   </trkpt>
   <trkpt lat="43.1699920" lon="-4.0431080">
    <ele>195.4</ele>
    <time>2026-09-19T10:48:33Z</time>
   </trkpt>
   <trkpt lat="43.1699100" lon="-4.0430820">
    <ele>195.5</ele>
    <time>2026-09-19T10:48:34Z</time>
   </trkpt>
   <trkpt lat="43.1698330" lon="-4.0430600">
    <ele>195.6</ele>
    <time>2026-09-19T10:48:35Z</time>
   </trkpt>
   <trkpt lat="43.1697640" lon="-4.0430380">
    <ele>195.7</ele>
    <time>2026-09-19T10:48:36Z</time>
   </trkpt>
   <trkpt lat="43.1696980" lon="-4.0430150">
    <ele>195.7</ele>
    <time>2026-09-19T10:48:37Z</time>
   </trkpt>
   <trkpt lat="43.1696300" lon="-4.0429930">
    <ele>195.8</ele>
    <time>2026-09-19T10:48:38Z</time>
   </trkpt>
   <trkpt lat="43.1695570" lon="-4.0429690">
    <ele>195.9</ele>
    <time>2026-09-19T10:48:39Z</time>
   </trkpt>
   <trkpt lat="43.1694850" lon="-4.0429440">
    <ele>196.0</ele>
    <time>2026-09-19T10:48:40Z</time>
   </trkpt>
   <trkpt lat="43.1694080" lon="-4.0429150">
    <ele>196.1</ele>
    <time>2026-09-19T10:48:41Z</time>
   </trkpt>
   <trkpt lat="43.1693260" lon="-4.0428850">
    <ele>196.2</ele>
    <time>2026-09-19T10:48:42Z</time>
   </trkpt>
   <trkpt lat="43.1692370" lon="-4.0428580">
    <ele>196.3</ele>
    <time>2026-09-19T10:48:43Z</time>
   </trkpt>
   <trkpt lat="43.1691460" lon="-4.0428300">
    <ele>196.5</ele>
    <time>2026-09-19T10:48:44Z</time>
   </trkpt>
   <trkpt lat="43.1690530" lon="-4.0428040">
    <ele>196.6</ele>
    <time>2026-09-19T10:48:45Z</time>
   </trkpt>
   <trkpt lat="43.1689550" lon="-4.0427780">
    <ele>196.8</ele>
    <time>2026-09-19T10:48:46Z</time>
   </trkpt>
   <trkpt lat="43.1688500" lon="-4.0427590">
    <ele>197.0</ele>
    <time>2026-09-19T10:48:47Z</time>
   </trkpt>
   <trkpt lat="43.1687520" lon="-4.0427460">
    <ele>197.2</ele>
    <time>2026-09-19T10:48:48Z</time>
   </trkpt>
   <trkpt lat="43.1686600" lon="-4.0427350">
    <ele>197.3</ele>
    <time>2026-09-19T10:48:49Z</time>
   </trkpt>
   <trkpt lat="43.1685820" lon="-4.0427280">
    <ele>197.5</ele>
    <time>2026-09-19T10:48:50Z</time>
   </trkpt>
   <trkpt lat="43.1685070" lon="-4.0427210">
    <ele>197.7</ele>
    <time>2026-09-19T10:48:51Z</time>
   </trkpt>
   <trkpt lat="43.1684360" lon="-4.0427140">
    <ele>197.8</ele>
    <time>2026-09-19T10:48:52Z</time>
   </trkpt>
   <trkpt lat="43.1683690" lon="-4.0427070">
    <ele>198.0</ele>
    <time>2026-09-19T10:48:53Z</time>
   </trkpt>
   <trkpt lat="43.1682930" lon="-4.0427010">
    <ele>198.1</ele>
    <time>2026-09-19T10:48:54Z</time>
   </trkpt>
   <trkpt lat="43.1682100" lon="-4.0426940">
    <ele>198.3</ele>
    <time>2026-09-19T10:48:55Z</time>
   </trkpt>
   <trkpt lat="43.1681120" lon="-4.0426820">
    <ele>198.6</ele>
    <time>2026-09-19T10:48:56Z</time>
   </trkpt>
   <trkpt lat="43.1680170" lon="-4.0426710">
    <ele>198.8</ele>
    <time>2026-09-19T10:48:57Z</time>
   </trkpt>
   <trkpt lat="43.1679190" lon="-4.0426630">
    <ele>199.1</ele>
    <time>2026-09-19T10:48:58Z</time>
   </trkpt>
   <trkpt lat="43.1678190" lon="-4.0426460">
    <ele>199.4</ele>
    <time>2026-09-19T10:48:59Z</time>
   </trkpt>
   <trkpt lat="43.1677240" lon="-4.0426290">
    <ele>199.7</ele>
    <time>2026-09-19T10:49:00Z</time>
   </trkpt>
   <trkpt lat="43.1676250" lon="-4.0426130">
    <ele>200.0</ele>
    <time>2026-09-19T10:49:01Z</time>
   </trkpt>
   <trkpt lat="43.1675260" lon="-4.0425980">
    <ele>200.3</ele>
    <time>2026-09-19T10:49:02Z</time>
   </trkpt>
   <trkpt lat="43.1674200" lon="-4.0425780">
    <ele>200.6</ele>
    <time>2026-09-19T10:49:03Z</time>
   </trkpt>
   <trkpt lat="43.1673210" lon="-4.0425500">
    <ele>200.9</ele>
    <time>2026-09-19T10:49:04Z</time>
   </trkpt>
   <trkpt lat="43.1672140" lon="-4.0425110">
    <ele>201.3</ele>
    <time>2026-09-19T10:49:05Z</time>
   </trkpt>
   <trkpt lat="43.1671130" lon="-4.0424670">
    <ele>201.5</ele>
    <time>2026-09-19T10:49:06Z</time>
   </trkpt>
   <trkpt lat="43.1670110" lon="-4.0424190">
    <ele>201.7</ele>
    <time>2026-09-19T10:49:07Z</time>
   </trkpt>
   <trkpt lat="43.1669100" lon="-4.0423610">
    <ele>201.9</ele>
    <time>2026-09-19T10:49:08Z</time>
   </trkpt>
   <trkpt lat="43.1668150" lon="-4.0422910">
    <ele>202.1</ele>
    <time>2026-09-19T10:49:09Z</time>
   </trkpt>
   <trkpt lat="43.1667250" lon="-4.0421990">
    <ele>202.3</ele>
    <time>2026-09-19T10:49:10Z</time>
   </trkpt>
   <trkpt lat="43.1666430" lon="-4.0421120">
    <ele>202.5</ele>
    <time>2026-09-19T10:49:11Z</time>
   </trkpt>
   <trkpt lat="43.1665730" lon="-4.0420370">
    <ele>202.7</ele>
    <time>2026-09-19T10:49:12Z</time>
   </trkpt>
   <trkpt lat="43.1665170" lon="-4.0419830">
    <ele>202.8</ele>
    <time>2026-09-19T10:49:13Z</time>
   </trkpt>
   <trkpt lat="43.1664710" lon="-4.0419420">
    <ele>202.9</ele>
    <time>2026-09-19T10:49:14Z</time>
   </trkpt>
   <trkpt lat="43.1664200" lon="-4.0418980">
    <ele>203.0</ele>
    <time>2026-09-19T10:49:15Z</time>
   </trkpt>
   <trkpt lat="43.1663670" lon="-4.0418550">
    <ele>203.1</ele>
    <time>2026-09-19T10:49:16Z</time>
   </trkpt>
   <trkpt lat="43.1663150" lon="-4.0418040">
    <ele>203.3</ele>
    <time>2026-09-19T10:49:17Z</time>
   </trkpt>
   <trkpt lat="43.1662600" lon="-4.0417480">
    <ele>203.4</ele>
    <time>2026-09-19T10:49:18Z</time>
   </trkpt>
   <trkpt lat="43.1662030" lon="-4.0416890">
    <ele>203.5</ele>
    <time>2026-09-19T10:49:19Z</time>
   </trkpt>
   <trkpt lat="43.1661460" lon="-4.0416270">
    <ele>203.5</ele>
    <time>2026-09-19T10:49:20Z</time>
   </trkpt>
   <trkpt lat="43.1660910" lon="-4.0415670">
    <ele>203.6</ele>
    <time>2026-09-19T10:49:21Z</time>
   </trkpt>
   <trkpt lat="43.1660320" lon="-4.0415080">
    <ele>203.7</ele>
    <time>2026-09-19T10:49:22Z</time>
   </trkpt>
   <trkpt lat="43.1659690" lon="-4.0414460">
    <ele>203.8</ele>
    <time>2026-09-19T10:49:23Z</time>
   </trkpt>
   <trkpt lat="43.1659000" lon="-4.0413820">
    <ele>203.9</ele>
    <time>2026-09-19T10:49:24Z</time>
   </trkpt>
   <trkpt lat="43.1658300" lon="-4.0413310">
    <ele>204.1</ele>
    <time>2026-09-19T10:49:25Z</time>
   </trkpt>
   <trkpt lat="43.1657530" lon="-4.0412900">
    <ele>204.2</ele>
    <time>2026-09-19T10:49:26Z</time>
   </trkpt>
   <trkpt lat="43.1656720" lon="-4.0412660">
    <ele>204.4</ele>
    <time>2026-09-19T10:49:27Z</time>
   </trkpt>
   <trkpt lat="43.1655840" lon="-4.0412590">
    <ele>204.6</ele>
    <time>2026-09-19T10:49:28Z</time>
   </trkpt>
   <trkpt lat="43.1655080" lon="-4.0412570">
    <ele>204.8</ele>
    <time>2026-09-19T10:49:29Z</time>
   </trkpt>
   <trkpt lat="43.1654410" lon="-4.0412620">
    <ele>205.0</ele>
    <time>2026-09-19T10:49:30Z</time>
   </trkpt>
   <trkpt lat="43.1653830" lon="-4.0412710">
    <ele>205.1</ele>
    <time>2026-09-19T10:49:31Z</time>
   </trkpt>
   <trkpt lat="43.1653290" lon="-4.0412790">
    <ele>205.2</ele>
    <time>2026-09-19T10:49:32Z</time>
   </trkpt>
   <trkpt lat="43.1652850" lon="-4.0412830">
    <ele>205.3</ele>
    <time>2026-09-19T10:49:33Z</time>
   </trkpt>
   <trkpt lat="43.1652600" lon="-4.0412850">
    <ele>205.4</ele>
    <time>2026-09-19T10:49:34Z</time>
   </trkpt>
   <trkpt lat="43.1652420" lon="-4.0412860">
    <ele>205.5</ele>
    <time>2026-09-19T10:49:35Z</time>
   </trkpt>
   <trkpt lat="43.1652330" lon="-4.0412850">
    <ele>205.5</ele>
    <time>2026-09-19T10:49:36Z</time>
   </trkpt>
   <trkpt lat="43.1652080" lon="-4.0412770">
    <ele>205.5</ele>
    <time>2026-09-19T10:49:37Z</time>
   </trkpt>
   <trkpt lat="43.1651710" lon="-4.0412690">
    <ele>205.6</ele>
    <time>2026-09-19T10:49:38Z</time>
   </trkpt>
   <trkpt lat="43.1651250" lon="-4.0412740">
    <ele>205.8</ele>
    <time>2026-09-19T10:49:39Z</time>
   </trkpt>
   <trkpt lat="43.1650760" lon="-4.0412910">
    <ele>205.9</ele>
    <time>2026-09-19T10:49:40Z</time>
   </trkpt>
   <trkpt lat="43.1650120" lon="-4.0413140">
    <ele>206.1</ele>
    <time>2026-09-19T10:49:41Z</time>
   </trkpt>
   <trkpt lat="43.1649350" lon="-4.0413390">
    <ele>206.3</ele>
    <time>2026-09-19T10:49:42Z</time>
   </trkpt>
   <trkpt lat="43.1648550" lon="-4.0413600">
    <ele>206.6</ele>
    <time>2026-09-19T10:49:43Z</time>
   </trkpt>
   <trkpt lat="43.1647720" lon="-4.0413840">
    <ele>206.9</ele>
    <time>2026-09-19T10:49:44Z</time>
   </trkpt>
   <trkpt lat="43.1646860" lon="-4.0414010">
    <ele>207.2</ele>
    <time>2026-09-19T10:49:45Z</time>
   </trkpt>
   <trkpt lat="43.1645890" lon="-4.0414160">
    <ele>207.5</ele>
    <time>2026-09-19T10:49:46Z</time>
   </trkpt>
   <trkpt lat="43.1644930" lon="-4.0414230">
    <ele>207.8</ele>
    <time>2026-09-19T10:49:47Z</time>
   </trkpt>
   <trkpt lat="43.1643920" lon="-4.0414270">
    <ele>208.1</ele>
    <time>2026-09-19T10:49:48Z</time>
   </trkpt>
   <trkpt lat="43.1642890" lon="-4.0414350">
    <ele>208.4</ele>
    <time>2026-09-19T10:49:49Z</time>
   </trkpt>
   <trkpt lat="43.1641910" lon="-4.0414450">
    <ele>208.8</ele>
    <time>2026-09-19T10:49:50Z</time>
   </trkpt>
   <trkpt lat="43.1640830" lon="-4.0414540">
    <ele>209.1</ele>
    <time>2026-09-19T10:49:51Z</time>
   </trkpt>
   <trkpt lat="43.1639700" lon="-4.0414590">
    <ele>209.5</ele>
    <time>2026-09-19T10:49:52Z</time>
   </trkpt>
   <trkpt lat="43.1638520" lon="-4.0414630">
    <ele>209.9</ele>
    <time>2026-09-19T10:49:53Z</time>
   </trkpt>
   <trkpt lat="43.1637260" lon="-4.0414650">
    <ele>210.4</ele>
    <time>2026-09-19T10:49:54Z</time>
   </trkpt>
   <trkpt lat="43.1636010" lon="-4.0414710">
    <ele>210.8</ele>
    <time>2026-09-19T10:49:55Z</time>
   </trkpt>
   <trkpt lat="43.1634760" lon="-4.0414810">
    <ele>211.2</ele>
    <time>2026-09-19T10:49:56Z</time>
   </trkpt>
   <trkpt lat="43.1633510" lon="-4.0414890">
    <ele>211.5</ele>
    <time>2026-09-19T10:49:57Z</time>
   </trkpt>
   <trkpt lat="43.1632160" lon="-4.0415010">
    <ele>211.8</ele>
    <time>2026-09-19T10:49:58Z</time>
   </trkpt>
   <trkpt lat="43.1630840" lon="-4.0415200">
    <ele>212.2</ele>
    <time>2026-09-19T10:49:59Z</time>
   </trkpt>
   <trkpt lat="43.1629570" lon="-4.0415390">
    <ele>212.6</ele>
    <time>2026-09-19T10:50:00Z</time>
   </trkpt>
   <trkpt lat="43.1628360" lon="-4.0415520">
    <ele>212.9</ele>
    <time>2026-09-19T10:50:01Z</time>
   </trkpt>
   <trkpt lat="43.1627110" lon="-4.0415580">
    <ele>213.2</ele>
    <time>2026-09-19T10:50:02Z</time>
   </trkpt>
   <trkpt lat="43.1625860" lon="-4.0415680">
    <ele>213.4</ele>
    <time>2026-09-19T10:50:03Z</time>
   </trkpt>
   <trkpt lat="43.1624550" lon="-4.0415820">
    <ele>213.6</ele>
    <time>2026-09-19T10:50:04Z</time>
   </trkpt>
   <trkpt lat="43.1623220" lon="-4.0416030">
    <ele>213.8</ele>
    <time>2026-09-19T10:50:05Z</time>
   </trkpt>
   <trkpt lat="43.1621940" lon="-4.0416270">
    <ele>214.0</ele>
    <time>2026-09-19T10:50:06Z</time>
   </trkpt>
   <trkpt lat="43.1620580" lon="-4.0416630">
    <ele>214.2</ele>
    <time>2026-09-19T10:50:07Z</time>
   </trkpt>
   <trkpt lat="43.1619250" lon="-4.0417060">
    <ele>214.4</ele>
    <time>2026-09-19T10:50:08Z</time>
   </trkpt>
   <trkpt lat="43.1617970" lon="-4.0417630">
    <ele>214.5</ele>
    <time>2026-09-19T10:50:09Z</time>
   </trkpt>
   <trkpt lat="43.1616690" lon="-4.0418270">
    <ele>214.5</ele>
    <time>2026-09-19T10:50:10Z</time>
   </trkpt>
   <trkpt lat="43.1615460" lon="-4.0418940">
    <ele>214.5</ele>
    <time>2026-09-19T10:50:11Z</time>
   </trkpt>
   <trkpt lat="43.1614340" lon="-4.0419600">
    <ele>214.8</ele>
    <time>2026-09-19T10:50:12Z</time>
   </trkpt>
   <trkpt lat="43.1613240" lon="-4.0420230">
    <ele>215.0</ele>
    <time>2026-09-19T10:50:13Z</time>
   </trkpt>
   <trkpt lat="43.1612150" lon="-4.0420690">
    <ele>215.3</ele>
    <time>2026-09-19T10:50:14Z</time>
   </trkpt>
   <trkpt lat="43.1610990" lon="-4.0420810">
    <ele>215.6</ele>
    <time>2026-09-19T10:50:15Z</time>
   </trkpt>
   <trkpt lat="43.1609820" lon="-4.0420510">
    <ele>215.9</ele>
    <time>2026-09-19T10:50:16Z</time>
   </trkpt>
   <trkpt lat="43.1608550" lon="-4.0419980">
    <ele>216.4</ele>
    <time>2026-09-19T10:50:17Z</time>
   </trkpt>
   <trkpt lat="43.1607300" lon="-4.0419430">
    <ele>216.9</ele>
    <time>2026-09-19T10:50:18Z</time>
   </trkpt>
   <trkpt lat="43.1606090" lon="-4.0418940">
    <ele>217.4</ele>
    <time>2026-09-19T10:50:19Z</time>
   </trkpt>
   <trkpt lat="43.1604910" lon="-4.0418520">
    <ele>217.8</ele>
    <time>2026-09-19T10:50:20Z</time>
   </trkpt>
   <trkpt lat="43.1603650" lon="-4.0418130">
    <ele>218.4</ele>
    <time>2026-09-19T10:50:21Z</time>
   </trkpt>
   <trkpt lat="43.1602390" lon="-4.0417830">
    <ele>218.8</ele>
    <time>2026-09-19T10:50:22Z</time>
   </trkpt>
   <trkpt lat="43.1601150" lon="-4.0417610">
    <ele>219.2</ele>
    <time>2026-09-19T10:50:23Z</time>
   </trkpt>
   <trkpt lat="43.1599910" lon="-4.0417450">
    <ele>219.4</ele>
    <time>2026-09-19T10:50:24Z</time>
   </trkpt>
   <trkpt lat="43.1598640" lon="-4.0417360">
    <ele>219.7</ele>
    <time>2026-09-19T10:50:25Z</time>
   </trkpt>
   <trkpt lat="43.1597320" lon="-4.0417310">
    <ele>219.9</ele>
    <time>2026-09-19T10:50:26Z</time>
   </trkpt>
   <trkpt lat="43.1595980" lon="-4.0417350">
    <ele>220.0</ele>
    <time>2026-09-19T10:50:27Z</time>
   </trkpt>
   <trkpt lat="43.1594670" lon="-4.0417460">
    <ele>220.0</ele>
    <time>2026-09-19T10:50:28Z</time>
   </trkpt>
   <trkpt lat="43.1593330" lon="-4.0417570">
    <ele>220.1</ele>
    <time>2026-09-19T10:50:29Z</time>
   </trkpt>
   <trkpt lat="43.1591960" lon="-4.0417630">
    <ele>220.1</ele>
    <time>2026-09-19T10:50:30Z</time>
   </trkpt>
   <trkpt lat="43.1590620" lon="-4.0417690">
    <ele>220.1</ele>
    <time>2026-09-19T10:50:31Z</time>
   </trkpt>
   <trkpt lat="43.1589200" lon="-4.0417780">
    <ele>220.1</ele>
    <time>2026-09-19T10:50:32Z</time>
   </trkpt>
   <trkpt lat="43.1587860" lon="-4.0417860">
    <ele>220.1</ele>
    <time>2026-09-19T10:50:33Z</time>
   </trkpt>
   <trkpt lat="43.1586470" lon="-4.0417940">
    <ele>220.2</ele>
    <time>2026-09-19T10:50:34Z</time>
   </trkpt>
   <trkpt lat="43.1585190" lon="-4.0417940">
    <ele>220.3</ele>
    <time>2026-09-19T10:50:35Z</time>
   </trkpt>
   <trkpt lat="43.1583910" lon="-4.0417860">
    <ele>220.4</ele>
    <time>2026-09-19T10:50:36Z</time>
   </trkpt>
   <trkpt lat="43.1582550" lon="-4.0417680">
    <ele>220.6</ele>
    <time>2026-09-19T10:50:37Z</time>
   </trkpt>
   <trkpt lat="43.1581250" lon="-4.0417470">
    <ele>220.8</ele>
    <time>2026-09-19T10:50:38Z</time>
   </trkpt>
   <trkpt lat="43.1579950" lon="-4.0417350">
    <ele>221.1</ele>
    <time>2026-09-19T10:50:39Z</time>
   </trkpt>
   <trkpt lat="43.1578680" lon="-4.0417270">
    <ele>221.4</ele>
    <time>2026-09-19T10:50:40Z</time>
   </trkpt>
   <trkpt lat="43.1577430" lon="-4.0417230">
    <ele>221.8</ele>
    <time>2026-09-19T10:50:41Z</time>
   </trkpt>
   <trkpt lat="43.1576190" lon="-4.0417190">
    <ele>222.3</ele>
    <time>2026-09-19T10:50:42Z</time>
   </trkpt>
   <trkpt lat="43.1574980" lon="-4.0417180">
    <ele>222.7</ele>
    <time>2026-09-19T10:50:43Z</time>
   </trkpt>
   <trkpt lat="43.1573770" lon="-4.0417350">
    <ele>223.3</ele>
    <time>2026-09-19T10:50:44Z</time>
   </trkpt>
   <trkpt lat="43.1572700" lon="-4.0417530">
    <ele>223.8</ele>
    <time>2026-09-19T10:50:45Z</time>
   </trkpt>
   <trkpt lat="43.1571540" lon="-4.0417550">
    <ele>224.1</ele>
    <time>2026-09-19T10:50:46Z</time>
   </trkpt>
   <trkpt lat="43.1570370" lon="-4.0417280">
    <ele>224.3</ele>
    <time>2026-09-19T10:50:47Z</time>
   </trkpt>
   <trkpt lat="43.1569210" lon="-4.0416910">
    <ele>224.8</ele>
    <time>2026-09-19T10:50:48Z</time>
   </trkpt>
   <trkpt lat="43.1568080" lon="-4.0416580">
    <ele>225.7</ele>
    <time>2026-09-19T10:50:49Z</time>
   </trkpt>
   <trkpt lat="43.1566980" lon="-4.0416330">
    <ele>226.7</ele>
    <time>2026-09-19T10:50:50Z</time>
   </trkpt>
   <trkpt lat="43.1565950" lon="-4.0416090">
    <ele>227.8</ele>
    <time>2026-09-19T10:50:51Z</time>
   </trkpt>
   <trkpt lat="43.1564800" lon="-4.0415830">
    <ele>228.8</ele>
    <time>2026-09-19T10:50:52Z</time>
   </trkpt>
   <trkpt lat="43.1563770" lon="-4.0415580">
    <ele>229.6</ele>
    <time>2026-09-19T10:50:53Z</time>
   </trkpt>
   <trkpt lat="43.1562750" lon="-4.0415370">
    <ele>230.5</ele>
    <time>2026-09-19T10:50:54Z</time>
   </trkpt>
   <trkpt lat="43.1561720" lon="-4.0415300">
    <ele>231.2</ele>
    <time>2026-09-19T10:50:55Z</time>
   </trkpt>
   <trkpt lat="43.1560710" lon="-4.0415540">
    <ele>231.7</ele>
    <time>2026-09-19T10:50:56Z</time>
   </trkpt>
   <trkpt lat="43.1559760" lon="-4.0416090">
    <ele>232.0</ele>
    <time>2026-09-19T10:50:57Z</time>
   </trkpt>
   <trkpt lat="43.1558840" lon="-4.0417050">
    <ele>232.2</ele>
    <time>2026-09-19T10:50:58Z</time>
   </trkpt>
   <trkpt lat="43.1558090" lon="-4.0418140">
    <ele>232.1</ele>
    <time>2026-09-19T10:50:59Z</time>
   </trkpt>
   <trkpt lat="43.1557250" lon="-4.0419100">
    <ele>231.9</ele>
    <time>2026-09-19T10:51:00Z</time>
   </trkpt>
   <trkpt lat="43.1556320" lon="-4.0419790">
    <ele>231.7</ele>
    <time>2026-09-19T10:51:01Z</time>
   </trkpt>
   <trkpt lat="43.1555210" lon="-4.0420230">
    <ele>231.6</ele>
    <time>2026-09-19T10:51:02Z</time>
   </trkpt>
   <trkpt lat="43.1554030" lon="-4.0420450">
    <ele>231.6</ele>
    <time>2026-09-19T10:51:03Z</time>
   </trkpt>
   <trkpt lat="43.1552830" lon="-4.0420520">
    <ele>231.8</ele>
    <time>2026-09-19T10:51:04Z</time>
   </trkpt>
   <trkpt lat="43.1551570" lon="-4.0420560">
    <ele>232.1</ele>
    <time>2026-09-19T10:51:05Z</time>
   </trkpt>
   <trkpt lat="43.1550330" lon="-4.0420600">
    <ele>232.5</ele>
    <time>2026-09-19T10:51:06Z</time>
   </trkpt>
   <trkpt lat="43.1549060" lon="-4.0420700">
    <ele>233.0</ele>
    <time>2026-09-19T10:51:07Z</time>
   </trkpt>
   <trkpt lat="43.1547740" lon="-4.0420790">
    <ele>233.5</ele>
    <time>2026-09-19T10:51:08Z</time>
   </trkpt>
   <trkpt lat="43.1546420" lon="-4.0420900">
    <ele>234.1</ele>
    <time>2026-09-19T10:51:09Z</time>
   </trkpt>
   <trkpt lat="43.1545140" lon="-4.0420970">
    <ele>234.7</ele>
    <time>2026-09-19T10:51:10Z</time>
   </trkpt>
   <trkpt lat="43.1543870" lon="-4.0421050">
    <ele>235.2</ele>
    <time>2026-09-19T10:51:11Z</time>
   </trkpt>
   <trkpt lat="43.1542540" lon="-4.0421130">
    <ele>235.8</ele>
    <time>2026-09-19T10:51:12Z</time>
   </trkpt>
   <trkpt lat="43.1541240" lon="-4.0421200">
    <ele>236.8</ele>
    <time>2026-09-19T10:51:13Z</time>
   </trkpt>
   <trkpt lat="43.1539980" lon="-4.0421280">
    <ele>237.7</ele>
    <time>2026-09-19T10:51:14Z</time>
   </trkpt>
   <trkpt lat="43.1538730" lon="-4.0421360">
    <ele>238.7</ele>
    <time>2026-09-19T10:51:15Z</time>
   </trkpt>
   <trkpt lat="43.1537460" lon="-4.0421420">
    <ele>239.6</ele>
    <time>2026-09-19T10:51:16Z</time>
   </trkpt>
   <trkpt lat="43.1536210" lon="-4.0421420">
    <ele>240.6</ele>
    <time>2026-09-19T10:51:17Z</time>
   </trkpt>
   <trkpt lat="43.1534970" lon="-4.0421290">
    <ele>241.5</ele>
    <time>2026-09-19T10:51:18Z</time>
   </trkpt>
   <trkpt lat="43.1533760" lon="-4.0420950">
    <ele>241.6</ele>
    <time>2026-09-19T10:51:19Z</time>
   </trkpt>
   <trkpt lat="43.1532600" lon="-4.0420450">
    <ele>242.3</ele>
    <time>2026-09-19T10:51:20Z</time>
   </trkpt>
   <trkpt lat="43.1531380" lon="-4.0419830">
    <ele>243.0</ele>
    <time>2026-09-19T10:51:21Z</time>
   </trkpt>
   <trkpt lat="43.1530210" lon="-4.0419080">
    <ele>243.7</ele>
    <time>2026-09-19T10:51:22Z</time>
   </trkpt>
   <trkpt lat="43.1529020" lon="-4.0418270">
    <ele>244.5</ele>
    <time>2026-09-19T10:51:23Z</time>
   </trkpt>
   <trkpt lat="43.1527840" lon="-4.0417520">
    <ele>245.5</ele>
    <time>2026-09-19T10:51:24Z</time>
   </trkpt>
   <trkpt lat="43.1526670" lon="-4.0416860">
    <ele>246.5</ele>
    <time>2026-09-19T10:51:25Z</time>
   </trkpt>
   <trkpt lat="43.1525520" lon="-4.0416390">
    <ele>247.4</ele>
    <time>2026-09-19T10:51:26Z</time>
   </trkpt>
   <trkpt lat="43.1524380" lon="-4.0416130">
    <ele>248.3</ele>
    <time>2026-09-19T10:51:27Z</time>
   </trkpt>
   <trkpt lat="43.1523220" lon="-4.0416170">
    <ele>249.1</ele>
    <time>2026-09-19T10:51:28Z</time>
   </trkpt>
   <trkpt lat="43.1522020" lon="-4.0416420">
    <ele>250.0</ele>
    <time>2026-09-19T10:51:29Z</time>
   </trkpt>
   <trkpt lat="43.1520880" lon="-4.0416760">
    <ele>250.4</ele>
    <time>2026-09-19T10:51:30Z</time>
   </trkpt>
   <trkpt lat="43.1519790" lon="-4.0417130">
    <ele>251.1</ele>
    <time>2026-09-19T10:51:31Z</time>
   </trkpt>
   <trkpt lat="43.1518750" lon="-4.0417440">
    <ele>251.8</ele>
    <time>2026-09-19T10:51:32Z</time>
   </trkpt>
   <trkpt lat="43.1517740" lon="-4.0417760">
    <ele>252.4</ele>
    <time>2026-09-19T10:51:33Z</time>
   </trkpt>
   <trkpt lat="43.1516840" lon="-4.0418050">
    <ele>252.9</ele>
    <time>2026-09-19T10:51:34Z</time>
   </trkpt>
   <trkpt lat="43.1515920" lon="-4.0418350">
    <ele>253.3</ele>
    <time>2026-09-19T10:51:35Z</time>
   </trkpt>
   <trkpt lat="43.1514990" lon="-4.0418620">
    <ele>253.7</ele>
    <time>2026-09-19T10:51:36Z</time>
   </trkpt>
   <trkpt lat="43.1514000" lon="-4.0418950">
    <ele>254.1</ele>
    <time>2026-09-19T10:51:37Z</time>
   </trkpt>
   <trkpt lat="43.1513030" lon="-4.0419250">
    <ele>254.5</ele>
    <time>2026-09-19T10:51:38Z</time>
   </trkpt>
   <trkpt lat="43.1511960" lon="-4.0419550">
    <ele>255.0</ele>
    <time>2026-09-19T10:51:39Z</time>
   </trkpt>
   <trkpt lat="43.1510890" lon="-4.0419820">
    <ele>255.4</ele>
    <time>2026-09-19T10:51:40Z</time>
   </trkpt>
   <trkpt lat="43.1509850" lon="-4.0420040">
    <ele>255.7</ele>
    <time>2026-09-19T10:51:41Z</time>
   </trkpt>
   <trkpt lat="43.1508770" lon="-4.0420120">
    <ele>256.0</ele>
    <time>2026-09-19T10:51:42Z</time>
   </trkpt>
   <trkpt lat="43.1507720" lon="-4.0420070">
    <ele>256.2</ele>
    <time>2026-09-19T10:51:43Z</time>
   </trkpt>
   <trkpt lat="43.1506640" lon="-4.0419970">
    <ele>256.4</ele>
    <time>2026-09-19T10:51:44Z</time>
   </trkpt>
   <trkpt lat="43.1505540" lon="-4.0419840">
    <ele>256.4</ele>
    <time>2026-09-19T10:51:45Z</time>
   </trkpt>
   <trkpt lat="43.1504390" lon="-4.0419730">
    <ele>256.5</ele>
    <time>2026-09-19T10:51:46Z</time>
   </trkpt>
   <trkpt lat="43.1503270" lon="-4.0419620">
    <ele>256.5</ele>
    <time>2026-09-19T10:51:47Z</time>
   </trkpt>
   <trkpt lat="43.1502180" lon="-4.0419530">
    <ele>256.6</ele>
    <time>2026-09-19T10:51:48Z</time>
   </trkpt>
   <trkpt lat="43.1501070" lon="-4.0419460">
    <ele>256.6</ele>
    <time>2026-09-19T10:51:49Z</time>
   </trkpt>
   <trkpt lat="43.1499970" lon="-4.0419410">
    <ele>256.6</ele>
    <time>2026-09-19T10:51:50Z</time>
   </trkpt>
   <trkpt lat="43.1498950" lon="-4.0419370">
    <ele>256.5</ele>
    <time>2026-09-19T10:51:51Z</time>
   </trkpt>
   <trkpt lat="43.1497950" lon="-4.0419330">
    <ele>256.5</ele>
    <time>2026-09-19T10:51:52Z</time>
   </trkpt>
   <trkpt lat="43.1496860" lon="-4.0419250">
    <ele>256.5</ele>
    <time>2026-09-19T10:51:53Z</time>
   </trkpt>
   <trkpt lat="43.1495780" lon="-4.0419130">
    <ele>256.5</ele>
    <time>2026-09-19T10:51:54Z</time>
   </trkpt>
   <trkpt lat="43.1494690" lon="-4.0419000">
    <ele>256.4</ele>
    <time>2026-09-19T10:51:55Z</time>
   </trkpt>
   <trkpt lat="43.1493520" lon="-4.0418870">
    <ele>256.4</ele>
    <time>2026-09-19T10:51:56Z</time>
   </trkpt>
   <trkpt lat="43.1492360" lon="-4.0418780">
    <ele>256.4</ele>
    <time>2026-09-19T10:51:57Z</time>
   </trkpt>
   <trkpt lat="43.1491260" lon="-4.0418680">
    <ele>256.4</ele>
    <time>2026-09-19T10:51:58Z</time>
   </trkpt>
   <trkpt lat="43.1490150" lon="-4.0418620">
    <ele>256.2</ele>
    <time>2026-09-19T10:51:59Z</time>
   </trkpt>
   <trkpt lat="43.1489220" lon="-4.0418540">
    <ele>256.0</ele>
    <time>2026-09-19T10:52:00Z</time>
   </trkpt>
   <trkpt lat="43.1488270" lon="-4.0418460">
    <ele>255.7</ele>
    <time>2026-09-19T10:52:01Z</time>
   </trkpt>
   <trkpt lat="43.1487370" lon="-4.0418450">
    <ele>255.4</ele>
    <time>2026-09-19T10:52:02Z</time>
   </trkpt>
   <trkpt lat="43.1486500" lon="-4.0418430">
    <ele>255.0</ele>
    <time>2026-09-19T10:52:03Z</time>
   </trkpt>
   <trkpt lat="43.1485690" lon="-4.0418400">
    <ele>254.7</ele>
    <time>2026-09-19T10:52:04Z</time>
   </trkpt>
   <trkpt lat="43.1484900" lon="-4.0418390">
    <ele>254.3</ele>
    <time>2026-09-19T10:52:05Z</time>
   </trkpt>
   <trkpt lat="43.1484150" lon="-4.0418300">
    <ele>253.9</ele>
    <time>2026-09-19T10:52:06Z</time>
   </trkpt>
   <trkpt lat="43.1483400" lon="-4.0418280">
    <ele>253.4</ele>
    <time>2026-09-19T10:52:07Z</time>
   </trkpt>
   <trkpt lat="43.1482670" lon="-4.0418280">
    <ele>253.0</ele>
    <time>2026-09-19T10:52:08Z</time>
   </trkpt>
   <trkpt lat="43.1481940" lon="-4.0418290">
    <ele>252.5</ele>
    <time>2026-09-19T10:52:09Z</time>
   </trkpt>
   <trkpt lat="43.1481190" lon="-4.0418310">
    <ele>252.1</ele>
    <time>2026-09-19T10:52:10Z</time>
   </trkpt>
   <trkpt lat="43.1480470" lon="-4.0418280">
    <ele>251.7</ele>
    <time>2026-09-19T10:52:11Z</time>
   </trkpt>
   <trkpt lat="43.1479760" lon="-4.0418230">
    <ele>251.3</ele>
    <time>2026-09-19T10:52:12Z</time>
   </trkpt>
   <trkpt lat="43.1479060" lon="-4.0418140">
    <ele>250.9</ele>
    <time>2026-09-19T10:52:13Z</time>
   </trkpt>
   <trkpt lat="43.1478380" lon="-4.0417970">
    <ele>250.5</ele>
    <time>2026-09-19T10:52:14Z</time>
   </trkpt>
   <trkpt lat="43.1477720" lon="-4.0417690">
    <ele>250.2</ele>
    <time>2026-09-19T10:52:15Z</time>
   </trkpt>
   <trkpt lat="43.1477090" lon="-4.0417320">
    <ele>249.8</ele>
    <time>2026-09-19T10:52:16Z</time>
   </trkpt>
   <trkpt lat="43.1476470" lon="-4.0416900">
    <ele>249.4</ele>
    <time>2026-09-19T10:52:17Z</time>
   </trkpt>
   <trkpt lat="43.1475830" lon="-4.0416500">
    <ele>249.1</ele>
    <time>2026-09-19T10:52:18Z</time>
   </trkpt>
   <trkpt lat="43.1475200" lon="-4.0416070">
    <ele>248.7</ele>
    <time>2026-09-19T10:52:19Z</time>
   </trkpt>
   <trkpt lat="43.1474560" lon="-4.0415640">
    <ele>248.3</ele>
    <time>2026-09-19T10:52:20Z</time>
   </trkpt>
   <trkpt lat="43.1473850" lon="-4.0415170">
    <ele>247.8</ele>
    <time>2026-09-19T10:52:21Z</time>
   </trkpt>
   <trkpt lat="43.1473150" lon="-4.0414710">
    <ele>247.4</ele>
    <time>2026-09-19T10:52:22Z</time>
   </trkpt>
   <trkpt lat="43.1472390" lon="-4.0414220">
    <ele>247.0</ele>
    <time>2026-09-19T10:52:23Z</time>
   </trkpt>
   <trkpt lat="43.1471640" lon="-4.0413700">
    <ele>246.5</ele>
    <time>2026-09-19T10:52:24Z</time>
   </trkpt>
   <trkpt lat="43.1470900" lon="-4.0413180">
    <ele>246.2</ele>
    <time>2026-09-19T10:52:25Z</time>
   </trkpt>
   <trkpt lat="43.1470140" lon="-4.0412640">
    <ele>245.8</ele>
    <time>2026-09-19T10:52:26Z</time>
   </trkpt>
   <trkpt lat="43.1469400" lon="-4.0412130">
    <ele>245.7</ele>
    <time>2026-09-19T10:52:27Z</time>
   </trkpt>
   <trkpt lat="43.1468600" lon="-4.0411610">
    <ele>245.6</ele>
    <time>2026-09-19T10:52:28Z</time>
   </trkpt>
   <trkpt lat="43.1467830" lon="-4.0411090">
    <ele>245.5</ele>
    <time>2026-09-19T10:52:29Z</time>
   </trkpt>
   <trkpt lat="43.1467080" lon="-4.0410540">
    <ele>245.2</ele>
    <time>2026-09-19T10:52:30Z</time>
   </trkpt>
   <trkpt lat="43.1466320" lon="-4.0409980">
    <ele>245.0</ele>
    <time>2026-09-19T10:52:31Z</time>
   </trkpt>
   <trkpt lat="43.1465630" lon="-4.0409470">
    <ele>244.9</ele>
    <time>2026-09-19T10:52:32Z</time>
   </trkpt>
   <trkpt lat="43.1464900" lon="-4.0408970">
    <ele>244.8</ele>
    <time>2026-09-19T10:52:33Z</time>
   </trkpt>
   <trkpt lat="43.1464220" lon="-4.0408540">
    <ele>244.8</ele>
    <time>2026-09-19T10:52:34Z</time>
   </trkpt>
   <trkpt lat="43.1463560" lon="-4.0408140">
    <ele>244.7</ele>
    <time>2026-09-19T10:52:35Z</time>
   </trkpt>
   <trkpt lat="43.1462900" lon="-4.0407730">
    <ele>244.6</ele>
    <time>2026-09-19T10:52:36Z</time>
   </trkpt>
   <trkpt lat="43.1462220" lon="-4.0407310">
    <ele>244.6</ele>
    <time>2026-09-19T10:52:37Z</time>
   </trkpt>
   <trkpt lat="43.1461530" lon="-4.0406830">
    <ele>244.6</ele>
    <time>2026-09-19T10:52:38Z</time>
   </trkpt>
   <trkpt lat="43.1460860" lon="-4.0406340">
    <ele>244.5</ele>
    <time>2026-09-19T10:52:39Z</time>
   </trkpt>
   <trkpt lat="43.1460140" lon="-4.0405860">
    <ele>244.5</ele>
    <time>2026-09-19T10:52:40Z</time>
   </trkpt>
   <trkpt lat="43.1459390" lon="-4.0405380">
    <ele>244.5</ele>
    <time>2026-09-19T10:52:41Z</time>
   </trkpt>
   <trkpt lat="43.1458660" lon="-4.0404870">
    <ele>244.5</ele>
    <time>2026-09-19T10:52:42Z</time>
   </trkpt>
   <trkpt lat="43.1457890" lon="-4.0404370">
    <ele>244.5</ele>
    <time>2026-09-19T10:52:43Z</time>
   </trkpt>
   <trkpt lat="43.1457140" lon="-4.0403870">
    <ele>244.5</ele>
    <time>2026-09-19T10:52:44Z</time>
   </trkpt>
   <trkpt lat="43.1456420" lon="-4.0403370">
    <ele>244.5</ele>
    <time>2026-09-19T10:52:45Z</time>
   </trkpt>
   <trkpt lat="43.1455660" lon="-4.0402830">
    <ele>244.5</ele>
    <time>2026-09-19T10:52:46Z</time>
   </trkpt>
   <trkpt lat="43.1455000" lon="-4.0402360">
    <ele>244.5</ele>
    <time>2026-09-19T10:52:47Z</time>
   </trkpt>
   <trkpt lat="43.1454280" lon="-4.0401890">
    <ele>244.5</ele>
    <time>2026-09-19T10:52:48Z</time>
   </trkpt>
   <trkpt lat="43.1453510" lon="-4.0401370">
    <ele>244.4</ele>
    <time>2026-09-19T10:52:49Z</time>
   </trkpt>
   <trkpt lat="43.1452760" lon="-4.0400880">
    <ele>244.3</ele>
    <time>2026-09-19T10:52:50Z</time>
   </trkpt>
   <trkpt lat="43.1452030" lon="-4.0400400">
    <ele>244.2</ele>
    <time>2026-09-19T10:52:51Z</time>
   </trkpt>
   <trkpt lat="43.1451330" lon="-4.0399970">
    <ele>244.0</ele>
    <time>2026-09-19T10:52:52Z</time>
   </trkpt>
   <trkpt lat="43.1450700" lon="-4.0399570">
    <ele>244.0</ele>
    <time>2026-09-19T10:52:53Z</time>
   </trkpt>
   <trkpt lat="43.1450070" lon="-4.0399160">
    <ele>243.9</ele>
    <time>2026-09-19T10:52:54Z</time>
   </trkpt>
   <trkpt lat="43.1449440" lon="-4.0398770">
    <ele>243.9</ele>
    <time>2026-09-19T10:52:55Z</time>
   </trkpt>
   <trkpt lat="43.1448770" lon="-4.0398370">
    <ele>243.8</ele>
    <time>2026-09-19T10:52:56Z</time>
   </trkpt>
   <trkpt lat="43.1448080" lon="-4.0397940">
    <ele>243.8</ele>
    <time>2026-09-19T10:52:57Z</time>
   </trkpt>
   <trkpt lat="43.1447380" lon="-4.0397520">
    <ele>243.8</ele>
    <time>2026-09-19T10:52:58Z</time>
   </trkpt>
   <trkpt lat="43.1446710" lon="-4.0397110">
    <ele>243.8</ele>
    <time>2026-09-19T10:52:59Z</time>
   </trkpt>
   <trkpt lat="43.1446100" lon="-4.0396680">
    <ele>243.8</ele>
    <time>2026-09-19T10:53:00Z</time>
   </trkpt>
   <trkpt lat="43.1445460" lon="-4.0396210">
    <ele>243.8</ele>
    <time>2026-09-19T10:53:01Z</time>
   </trkpt>
   <trkpt lat="43.1444850" lon="-4.0395790">
    <ele>243.8</ele>
    <time>2026-09-19T10:53:02Z</time>
   </trkpt>
   <trkpt lat="43.1444260" lon="-4.0395380">
    <ele>243.9</ele>
    <time>2026-09-19T10:53:03Z</time>
   </trkpt>
   <trkpt lat="43.1443630" lon="-4.0394930">
    <ele>243.9</ele>
    <time>2026-09-19T10:53:04Z</time>
   </trkpt>
   <trkpt lat="43.1443000" lon="-4.0394480">
    <ele>243.9</ele>
    <time>2026-09-19T10:53:05Z</time>
   </trkpt>
   <trkpt lat="43.1442410" lon="-4.0394020">
    <ele>243.9</ele>
    <time>2026-09-19T10:53:06Z</time>
   </trkpt>
   <trkpt lat="43.1441710" lon="-4.0393620">
    <ele>243.9</ele>
    <time>2026-09-19T10:53:07Z</time>
   </trkpt>
   <trkpt lat="43.1441150" lon="-4.0393210">
    <ele>243.9</ele>
    <time>2026-09-19T10:53:08Z</time>
   </trkpt>
   <trkpt lat="43.1440490" lon="-4.0392810">
    <ele>243.8</ele>
    <time>2026-09-19T10:53:09Z</time>
   </trkpt>
   <trkpt lat="43.1439740" lon="-4.0392390">
    <ele>243.7</ele>
    <time>2026-09-19T10:53:10Z</time>
   </trkpt>
   <trkpt lat="43.1438960" lon="-4.0391950">
    <ele>243.6</ele>
    <time>2026-09-19T10:53:11Z</time>
   </trkpt>
   <trkpt lat="43.1438230" lon="-4.0391470">
    <ele>243.5</ele>
    <time>2026-09-19T10:53:12Z</time>
   </trkpt>
   <trkpt lat="43.1437440" lon="-4.0390980">
    <ele>243.4</ele>
    <time>2026-09-19T10:53:13Z</time>
   </trkpt>
   <trkpt lat="43.1436640" lon="-4.0390430">
    <ele>243.3</ele>
    <time>2026-09-19T10:53:14Z</time>
   </trkpt>
   <trkpt lat="43.1435850" lon="-4.0389940">
    <ele>243.1</ele>
    <time>2026-09-19T10:53:15Z</time>
   </trkpt>
   <trkpt lat="43.1435090" lon="-4.0389480">
    <ele>243.0</ele>
    <time>2026-09-19T10:53:16Z</time>
   </trkpt>
   <trkpt lat="43.1434320" lon="-4.0389020">
    <ele>242.8</ele>
    <time>2026-09-19T10:53:17Z</time>
   </trkpt>
   <trkpt lat="43.1433540" lon="-4.0388630">
    <ele>242.7</ele>
    <time>2026-09-19T10:53:18Z</time>
   </trkpt>
   <trkpt lat="43.1432750" lon="-4.0388340">
    <ele>242.6</ele>
    <time>2026-09-19T10:53:19Z</time>
   </trkpt>
   <trkpt lat="43.1431980" lon="-4.0388080">
    <ele>242.5</ele>
    <time>2026-09-19T10:53:20Z</time>
   </trkpt>
   <trkpt lat="43.1431210" lon="-4.0387840">
    <ele>242.4</ele>
    <time>2026-09-19T10:53:21Z</time>
   </trkpt>
   <trkpt lat="43.1430430" lon="-4.0387580">
    <ele>242.2</ele>
    <time>2026-09-19T10:53:22Z</time>
   </trkpt>
   <trkpt lat="43.1429620" lon="-4.0387300">
    <ele>242.1</ele>
    <time>2026-09-19T10:53:23Z</time>
   </trkpt>
   <trkpt lat="43.1428790" lon="-4.0386950">
    <ele>241.9</ele>
    <time>2026-09-19T10:53:24Z</time>
   </trkpt>
   <trkpt lat="43.1428040" lon="-4.0386470">
    <ele>241.8</ele>
    <time>2026-09-19T10:53:25Z</time>
   </trkpt>
   <trkpt lat="43.1427290" lon="-4.0385820">
    <ele>241.8</ele>
    <time>2026-09-19T10:53:26Z</time>
   </trkpt>
   <trkpt lat="43.1426650" lon="-4.0385140">
    <ele>241.9</ele>
    <time>2026-09-19T10:53:27Z</time>
   </trkpt>
   <trkpt lat="43.1425940" lon="-4.0384440">
    <ele>242.1</ele>
    <time>2026-09-19T10:53:28Z</time>
   </trkpt>
   <trkpt lat="43.1425210" lon="-4.0383880">
    <ele>242.4</ele>
    <time>2026-09-19T10:53:29Z</time>
   </trkpt>
   <trkpt lat="43.1424280" lon="-4.0383520">
    <ele>242.8</ele>
    <time>2026-09-19T10:53:30Z</time>
   </trkpt>
   <trkpt lat="43.1423380" lon="-4.0383350">
    <ele>243.2</ele>
    <time>2026-09-19T10:53:31Z</time>
   </trkpt>
   <trkpt lat="43.1422400" lon="-4.0383390">
    <ele>243.6</ele>
    <time>2026-09-19T10:53:32Z</time>
   </trkpt>
   <trkpt lat="43.1421460" lon="-4.0383510">
    <ele>243.8</ele>
    <time>2026-09-19T10:53:33Z</time>
   </trkpt>
   <trkpt lat="43.1420450" lon="-4.0383720">
    <ele>244.0</ele>
    <time>2026-09-19T10:53:34Z</time>
   </trkpt>
   <trkpt lat="43.1419460" lon="-4.0383980">
    <ele>244.2</ele>
    <time>2026-09-19T10:53:35Z</time>
   </trkpt>
   <trkpt lat="43.1418550" lon="-4.0384290">
    <ele>244.5</ele>
    <time>2026-09-19T10:53:36Z</time>
   </trkpt>
   <trkpt lat="43.1417600" lon="-4.0384560">
    <ele>244.7</ele>
    <time>2026-09-19T10:53:37Z</time>
   </trkpt>
   <trkpt lat="43.1416640" lon="-4.0384810">
    <ele>244.9</ele>
    <time>2026-09-19T10:53:38Z</time>
   </trkpt>
   <trkpt lat="43.1415700" lon="-4.0385030">
    <ele>245.1</ele>
    <time>2026-09-19T10:53:39Z</time>
   </trkpt>
   <trkpt lat="43.1414740" lon="-4.0385220">
    <ele>245.1</ele>
    <time>2026-09-19T10:53:40Z</time>
   </trkpt>
   <trkpt lat="43.1413730" lon="-4.0385400">
    <ele>245.2</ele>
    <time>2026-09-19T10:53:41Z</time>
   </trkpt>
   <trkpt lat="43.1412690" lon="-4.0385470">
    <ele>245.3</ele>
    <time>2026-09-19T10:53:42Z</time>
   </trkpt>
   <trkpt lat="43.1411640" lon="-4.0385580">
    <ele>245.4</ele>
    <time>2026-09-19T10:53:43Z</time>
   </trkpt>
   <trkpt lat="43.1410580" lon="-4.0385720">
    <ele>245.5</ele>
    <time>2026-09-19T10:53:44Z</time>
   </trkpt>
   <trkpt lat="43.1409530" lon="-4.0385850">
    <ele>245.7</ele>
    <time>2026-09-19T10:53:45Z</time>
   </trkpt>
   <trkpt lat="43.1408450" lon="-4.0385970">
    <ele>245.9</ele>
    <time>2026-09-19T10:53:46Z</time>
   </trkpt>
   <trkpt lat="43.1407420" lon="-4.0386140">
    <ele>246.1</ele>
    <time>2026-09-19T10:53:47Z</time>
   </trkpt>
   <trkpt lat="43.1406320" lon="-4.0386220">
    <ele>246.3</ele>
    <time>2026-09-19T10:53:48Z</time>
   </trkpt>
   <trkpt lat="43.1405190" lon="-4.0386270">
    <ele>246.7</ele>
    <time>2026-09-19T10:53:49Z</time>
   </trkpt>
   <trkpt lat="43.1404120" lon="-4.0386220">
    <ele>247.1</ele>
    <time>2026-09-19T10:53:50Z</time>
   </trkpt>
   <trkpt lat="43.1403150" lon="-4.0386120">
    <ele>247.4</ele>
    <time>2026-09-19T10:53:51Z</time>
   </trkpt>
   <trkpt lat="43.1402130" lon="-4.0385940">
    <ele>247.7</ele>
    <time>2026-09-19T10:53:52Z</time>
   </trkpt>
   <trkpt lat="43.1400970" lon="-4.0385750">
    <ele>248.0</ele>
    <time>2026-09-19T10:53:53Z</time>
   </trkpt>
   <trkpt lat="43.1399780" lon="-4.0385650">
    <ele>248.4</ele>
    <time>2026-09-19T10:53:54Z</time>
   </trkpt>
   <trkpt lat="43.1398500" lon="-4.0385670">
    <ele>248.7</ele>
    <time>2026-09-19T10:53:55Z</time>
   </trkpt>
   <trkpt lat="43.1397340" lon="-4.0385840">
    <ele>249.0</ele>
    <time>2026-09-19T10:53:56Z</time>
   </trkpt>
   <trkpt lat="43.1396150" lon="-4.0386080">
    <ele>249.4</ele>
    <time>2026-09-19T10:53:57Z</time>
   </trkpt>
   <trkpt lat="43.1395010" lon="-4.0386440">
    <ele>249.8</ele>
    <time>2026-09-19T10:53:58Z</time>
   </trkpt>
   <trkpt lat="43.1393940" lon="-4.0386870">
    <ele>250.3</ele>
    <time>2026-09-19T10:53:59Z</time>
   </trkpt>
   <trkpt lat="43.1392890" lon="-4.0387460">
    <ele>250.8</ele>
    <time>2026-09-19T10:54:00Z</time>
   </trkpt>
   <trkpt lat="43.1392040" lon="-4.0388100">
    <ele>251.3</ele>
    <time>2026-09-19T10:54:01Z</time>
   </trkpt>
   <trkpt lat="43.1391260" lon="-4.0388940">
    <ele>251.7</ele>
    <time>2026-09-19T10:54:02Z</time>
   </trkpt>
   <trkpt lat="43.1390560" lon="-4.0389980">
    <ele>252.0</ele>
    <time>2026-09-19T10:54:03Z</time>
   </trkpt>
   <trkpt lat="43.1389990" lon="-4.0391210">
    <ele>252.5</ele>
    <time>2026-09-19T10:54:04Z</time>
   </trkpt>
   <trkpt lat="43.1389520" lon="-4.0392590">
    <ele>252.9</ele>
    <time>2026-09-19T10:54:05Z</time>
   </trkpt>
   <trkpt lat="43.1389240" lon="-4.0393970">
    <ele>253.2</ele>
    <time>2026-09-19T10:54:06Z</time>
   </trkpt>
   <trkpt lat="43.1389080" lon="-4.0395260">
    <ele>253.6</ele>
    <time>2026-09-19T10:54:07Z</time>
   </trkpt>
   <trkpt lat="43.1388950" lon="-4.0396430">
    <ele>253.8</ele>
    <time>2026-09-19T10:54:08Z</time>
   </trkpt>
   <trkpt lat="43.1388820" lon="-4.0397520">
    <ele>254.1</ele>
    <time>2026-09-19T10:54:09Z</time>
   </trkpt>
   <trkpt lat="43.1388720" lon="-4.0398500">
    <ele>254.4</ele>
    <time>2026-09-19T10:54:10Z</time>
   </trkpt>
   <trkpt lat="43.1388510" lon="-4.0399380">
    <ele>254.6</ele>
    <time>2026-09-19T10:54:11Z</time>
   </trkpt>
   <trkpt lat="43.1388140" lon="-4.0400170">
    <ele>254.6</ele>
    <time>2026-09-19T10:54:12Z</time>
   </trkpt>
   <trkpt lat="43.1387630" lon="-4.0400740">
    <ele>254.7</ele>
    <time>2026-09-19T10:54:13Z</time>
   </trkpt>
   <trkpt lat="43.1387050" lon="-4.0401290">
    <ele>254.8</ele>
    <time>2026-09-19T10:54:14Z</time>
   </trkpt>
   <trkpt lat="43.1386490" lon="-4.0401740">
    <ele>254.9</ele>
    <time>2026-09-19T10:54:15Z</time>
   </trkpt>
   <trkpt lat="43.1385930" lon="-4.0402200">
    <ele>255.0</ele>
    <time>2026-09-19T10:54:16Z</time>
   </trkpt>
   <trkpt lat="43.1385440" lon="-4.0402700">
    <ele>255.0</ele>
    <time>2026-09-19T10:54:17Z</time>
   </trkpt>
   <trkpt lat="43.1384930" lon="-4.0403160">
    <ele>255.1</ele>
    <time>2026-09-19T10:54:18Z</time>
   </trkpt>
   <trkpt lat="43.1384370" lon="-4.0403360">
    <ele>255.2</ele>
    <time>2026-09-19T10:54:19Z</time>
   </trkpt>
   <trkpt lat="43.1383820" lon="-4.0403220">
    <ele>255.2</ele>
    <time>2026-09-19T10:54:20Z</time>
   </trkpt>
   <trkpt lat="43.1383300" lon="-4.0402830">
    <ele>255.3</ele>
    <time>2026-09-19T10:54:21Z</time>
   </trkpt>
   <trkpt lat="43.1382770" lon="-4.0402300">
    <ele>255.4</ele>
    <time>2026-09-19T10:54:22Z</time>
   </trkpt>
   <trkpt lat="43.1382320" lon="-4.0401790">
    <ele>255.5</ele>
    <time>2026-09-19T10:54:23Z</time>
   </trkpt>
   <trkpt lat="43.1381840" lon="-4.0401340">
    <ele>255.6</ele>
    <time>2026-09-19T10:54:24Z</time>
   </trkpt>
   <trkpt lat="43.1381260" lon="-4.0400900">
    <ele>255.8</ele>
    <time>2026-09-19T10:54:25Z</time>
   </trkpt>
   <trkpt lat="43.1380600" lon="-4.0400420">
    <ele>255.9</ele>
    <time>2026-09-19T10:54:26Z</time>
   </trkpt>
   <trkpt lat="43.1380040" lon="-4.0400050">
    <ele>256.1</ele>
    <time>2026-09-19T10:54:27Z</time>
   </trkpt>
   <trkpt lat="43.1379520" lon="-4.0399610">
    <ele>256.3</ele>
    <time>2026-09-19T10:54:28Z</time>
   </trkpt>
   <trkpt lat="43.1378940" lon="-4.0399130">
    <ele>256.5</ele>
    <time>2026-09-19T10:54:29Z</time>
   </trkpt>
   <trkpt lat="43.1378260" lon="-4.0398770">
    <ele>257.0</ele>
    <time>2026-09-19T10:54:30Z</time>
   </trkpt>
   <trkpt lat="43.1377590" lon="-4.0398600">
    <ele>257.4</ele>
    <time>2026-09-19T10:54:31Z</time>
   </trkpt>
   <trkpt lat="43.1376900" lon="-4.0398560">
    <ele>258.0</ele>
    <time>2026-09-19T10:54:32Z</time>
   </trkpt>
   <trkpt lat="43.1376220" lon="-4.0398730">
    <ele>258.5</ele>
    <time>2026-09-19T10:54:33Z</time>
   </trkpt>
   <trkpt lat="43.1375650" lon="-4.0399110">
    <ele>259.1</ele>
    <time>2026-09-19T10:54:34Z</time>
   </trkpt>
   <trkpt lat="43.1375170" lon="-4.0399680">
    <ele>259.6</ele>
    <time>2026-09-19T10:54:35Z</time>
   </trkpt>
   <trkpt lat="43.1374800" lon="-4.0400320">
    <ele>260.0</ele>
    <time>2026-09-19T10:54:36Z</time>
   </trkpt>
   <trkpt lat="43.1374520" lon="-4.0400880">
    <ele>260.4</ele>
    <time>2026-09-19T10:54:37Z</time>
   </trkpt>
   <trkpt lat="43.1374270" lon="-4.0401310">
    <ele>260.7</ele>
    <time>2026-09-19T10:54:38Z</time>
   </trkpt>
   <trkpt lat="43.1373940" lon="-4.0401710">
    <ele>260.9</ele>
    <time>2026-09-19T10:54:39Z</time>
   </trkpt>
   <trkpt lat="43.1373640" lon="-4.0402060">
    <ele>261.2</ele>
    <time>2026-09-19T10:54:40Z</time>
   </trkpt>
   <trkpt lat="43.1373330" lon="-4.0402300">
    <ele>261.4</ele>
    <time>2026-09-19T10:54:41Z</time>
   </trkpt>
   <trkpt lat="43.1373070" lon="-4.0402480">
    <ele>261.6</ele>
    <time>2026-09-19T10:54:42Z</time>
   </trkpt>
   <trkpt lat="43.1372850" lon="-4.0402670">
    <ele>261.7</ele>
    <time>2026-09-19T10:54:43Z</time>
   </trkpt>
   <trkpt lat="43.1372620" lon="-4.0402810">
    <ele>261.9</ele>
    <time>2026-09-19T10:54:44Z</time>
   </trkpt>
   <trkpt lat="43.1372280" lon="-4.0402950">
    <ele>262.1</ele>
    <time>2026-09-19T10:54:45Z</time>
   </trkpt>
   <trkpt lat="43.1371940" lon="-4.0403060">
    <ele>262.3</ele>
    <time>2026-09-19T10:54:46Z</time>
   </trkpt>
   <trkpt lat="43.1371630" lon="-4.0403150">
    <ele>262.5</ele>
    <time>2026-09-19T10:54:47Z</time>
   </trkpt>
   <trkpt lat="43.1371260" lon="-4.0403260">
    <ele>262.7</ele>
    <time>2026-09-19T10:54:48Z</time>
   </trkpt>
   <trkpt lat="43.1370910" lon="-4.0403260">
    <ele>262.9</ele>
    <time>2026-09-19T10:54:49Z</time>
   </trkpt>
   <trkpt lat="43.1370530" lon="-4.0403080">
    <ele>263.1</ele>
    <time>2026-09-19T10:54:50Z</time>
   </trkpt>
   <trkpt lat="43.1370220" lon="-4.0402710">
    <ele>263.4</ele>
    <time>2026-09-19T10:54:51Z</time>
   </trkpt>
   <trkpt lat="43.1370000" lon="-4.0402100">
    <ele>263.6</ele>
    <time>2026-09-19T10:54:52Z</time>
   </trkpt>
   <trkpt lat="43.1369720" lon="-4.0401250">
    <ele>263.9</ele>
    <time>2026-09-19T10:54:53Z</time>
   </trkpt>
   <trkpt lat="43.1369640" lon="-4.0400430">
    <ele>264.3</ele>
    <time>2026-09-19T10:54:54Z</time>
   </trkpt>
   <trkpt lat="43.1369550" lon="-4.0399430">
    <ele>264.7</ele>
    <time>2026-09-19T10:54:55Z</time>
   </trkpt>
   <trkpt lat="43.1369450" lon="-4.0398290">
    <ele>265.3</ele>
    <time>2026-09-19T10:54:56Z</time>
   </trkpt>
   <trkpt lat="43.1369350" lon="-4.0396950">
    <ele>265.9</ele>
    <time>2026-09-19T10:54:57Z</time>
   </trkpt>
   <trkpt lat="43.1369290" lon="-4.0395610">
    <ele>266.6</ele>
    <time>2026-09-19T10:54:58Z</time>
   </trkpt>
   <trkpt lat="43.1369190" lon="-4.0394260">
    <ele>267.4</ele>
    <time>2026-09-19T10:54:59Z</time>
   </trkpt>
   <trkpt lat="43.1369020" lon="-4.0392950">
    <ele>268.2</ele>
    <time>2026-09-19T10:55:00Z</time>
   </trkpt>
   <trkpt lat="43.1368820" lon="-4.0391600">
    <ele>269.0</ele>
    <time>2026-09-19T10:55:01Z</time>
   </trkpt>
   <trkpt lat="43.1368660" lon="-4.0390310">
    <ele>269.7</ele>
    <time>2026-09-19T10:55:02Z</time>
   </trkpt>
   <trkpt lat="43.1368690" lon="-4.0389170">
    <ele>270.3</ele>
    <time>2026-09-19T10:55:03Z</time>
   </trkpt>
   <trkpt lat="43.1368810" lon="-4.0388030">
    <ele>270.9</ele>
    <time>2026-09-19T10:55:04Z</time>
   </trkpt>
   <trkpt lat="43.1368870" lon="-4.0386930">
    <ele>271.5</ele>
    <time>2026-09-19T10:55:05Z</time>
   </trkpt>
   <trkpt lat="43.1368910" lon="-4.0385880">
    <ele>272.2</ele>
    <time>2026-09-19T10:55:06Z</time>
   </trkpt>
   <trkpt lat="43.1368770" lon="-4.0384890">
    <ele>272.8</ele>
    <time>2026-09-19T10:55:07Z</time>
   </trkpt>
   <trkpt lat="43.1368540" lon="-4.0384070">
    <ele>272.6</ele>
    <time>2026-09-19T10:55:08Z</time>
   </trkpt>
   <trkpt lat="43.1368110" lon="-4.0383240">
    <ele>272.4</ele>
    <time>2026-09-19T10:55:09Z</time>
   </trkpt>
   <trkpt lat="43.1367520" lon="-4.0382340">
    <ele>272.1</ele>
    <time>2026-09-19T10:55:10Z</time>
   </trkpt>
   <trkpt lat="43.1366930" lon="-4.0381500">
    <ele>271.9</ele>
    <time>2026-09-19T10:55:11Z</time>
   </trkpt>
   <trkpt lat="43.1366280" lon="-4.0380640">
    <ele>271.9</ele>
    <time>2026-09-19T10:55:12Z</time>
   </trkpt>
   <trkpt lat="43.1365550" lon="-4.0379880">
    <ele>272.1</ele>
    <time>2026-09-19T10:55:13Z</time>
   </trkpt>
   <trkpt lat="43.1364750" lon="-4.0379300">
    <ele>272.5</ele>
    <time>2026-09-19T10:55:14Z</time>
   </trkpt>
   <trkpt lat="43.1363980" lon="-4.0378760">
    <ele>273.1</ele>
    <time>2026-09-19T10:55:15Z</time>
   </trkpt>
   <trkpt lat="43.1363240" lon="-4.0378160">
    <ele>273.8</ele>
    <time>2026-09-19T10:55:16Z</time>
   </trkpt>
   <trkpt lat="43.1362610" lon="-4.0377360">
    <ele>274.6</ele>
    <time>2026-09-19T10:55:17Z</time>
   </trkpt>
   <trkpt lat="43.1362030" lon="-4.0376330">
    <ele>275.6</ele>
    <time>2026-09-19T10:55:18Z</time>
   </trkpt>
   <trkpt lat="43.1361480" lon="-4.0375200">
    <ele>276.9</ele>
    <time>2026-09-19T10:55:19Z</time>
   </trkpt>
   <trkpt lat="43.1360930" lon="-4.0374070">
    <ele>278.2</ele>
    <time>2026-09-19T10:55:20Z</time>
   </trkpt>
   <trkpt lat="43.1360390" lon="-4.0372920">
    <ele>279.5</ele>
    <time>2026-09-19T10:55:21Z</time>
   </trkpt>
   <trkpt lat="43.1359850" lon="-4.0371780">
    <ele>280.8</ele>
    <time>2026-09-19T10:55:22Z</time>
   </trkpt>
   <trkpt lat="43.1359300" lon="-4.0370620">
    <ele>282.2</ele>
    <time>2026-09-19T10:55:23Z</time>
   </trkpt>
   <trkpt lat="43.1358720" lon="-4.0369580">
    <ele>283.5</ele>
    <time>2026-09-19T10:55:24Z</time>
   </trkpt>
   <trkpt lat="43.1358060" lon="-4.0368600">
    <ele>284.9</ele>
    <time>2026-09-19T10:55:25Z</time>
   </trkpt>
   <trkpt lat="43.1357350" lon="-4.0367720">
    <ele>286.3</ele>
    <time>2026-09-19T10:55:26Z</time>
   </trkpt>
   <trkpt lat="43.1356620" lon="-4.0366890">
    <ele>287.7</ele>
    <time>2026-09-19T10:55:27Z</time>
   </trkpt>
   <trkpt lat="43.1355870" lon="-4.0366040">
    <ele>289.1</ele>
    <time>2026-09-19T10:55:28Z</time>
   </trkpt>
   <trkpt lat="43.1355120" lon="-4.0365110">
    <ele>290.5</ele>
    <time>2026-09-19T10:55:29Z</time>
   </trkpt>
   <trkpt lat="43.1354410" lon="-4.0364140">
    <ele>291.9</ele>
    <time>2026-09-19T10:55:30Z</time>
   </trkpt>
   <trkpt lat="43.1353800" lon="-4.0363120">
    <ele>293.2</ele>
    <time>2026-09-19T10:55:31Z</time>
   </trkpt>
   <trkpt lat="43.1353280" lon="-4.0361970">
    <ele>294.6</ele>
    <time>2026-09-19T10:55:32Z</time>
   </trkpt>
   <trkpt lat="43.1352860" lon="-4.0360770">
    <ele>295.8</ele>
    <time>2026-09-19T10:55:33Z</time>
   </trkpt>
   <trkpt lat="43.1352520" lon="-4.0359410">
    <ele>297.0</ele>
    <time>2026-09-19T10:55:34Z</time>
   </trkpt>
   <trkpt lat="43.1352400" lon="-4.0358020">
    <ele>298.0</ele>
    <time>2026-09-19T10:55:35Z</time>
   </trkpt>
   <trkpt lat="43.1352470" lon="-4.0356620">
    <ele>298.9</ele>
    <time>2026-09-19T10:55:36Z</time>
   </trkpt>
   <trkpt lat="43.1352560" lon="-4.0355300">
    <ele>299.7</ele>
    <time>2026-09-19T10:55:37Z</time>
   </trkpt>
   <trkpt lat="43.1352560" lon="-4.0353910">
    <ele>300.4</ele>
    <time>2026-09-19T10:55:38Z</time>
   </trkpt>
   <trkpt lat="43.1352350" lon="-4.0352620">
    <ele>301.1</ele>
    <time>2026-09-19T10:55:39Z</time>
   </trkpt>
   <trkpt lat="43.1351890" lon="-4.0351490">
    <ele>301.8</ele>
    <time>2026-09-19T10:55:40Z</time>
   </trkpt>
   <trkpt lat="43.1351250" lon="-4.0350490">
    <ele>302.4</ele>
    <time>2026-09-19T10:55:41Z</time>
   </trkpt>
   <trkpt lat="43.1350420" lon="-4.0349570">
    <ele>303.2</ele>
    <time>2026-09-19T10:55:42Z</time>
   </trkpt>
   <trkpt lat="43.1349590" lon="-4.0348740">
    <ele>304.0</ele>
    <time>2026-09-19T10:55:43Z</time>
   </trkpt>
   <trkpt lat="43.1348830" lon="-4.0347910">
    <ele>304.9</ele>
    <time>2026-09-19T10:55:44Z</time>
   </trkpt>
   <trkpt lat="43.1347960" lon="-4.0346940">
    <ele>306.1</ele>
    <time>2026-09-19T10:55:45Z</time>
   </trkpt>
   <trkpt lat="43.1347210" lon="-4.0346100">
    <ele>307.1</ele>
    <time>2026-09-19T10:55:46Z</time>
   </trkpt>
   <trkpt lat="43.1346420" lon="-4.0345240">
    <ele>308.2</ele>
    <time>2026-09-19T10:55:47Z</time>
   </trkpt>
   <trkpt lat="43.1345560" lon="-4.0344280">
    <ele>309.5</ele>
    <time>2026-09-19T10:55:48Z</time>
   </trkpt>
   <trkpt lat="43.1344720" lon="-4.0343380">
    <ele>310.7</ele>
    <time>2026-09-19T10:55:49Z</time>
   </trkpt>
   <trkpt lat="43.1343870" lon="-4.0342460">
    <ele>312.0</ele>
    <time>2026-09-19T10:55:50Z</time>
   </trkpt>
   <trkpt lat="43.1343070" lon="-4.0341590">
    <ele>313.3</ele>
    <time>2026-09-19T10:55:51Z</time>
   </trkpt>
   <trkpt lat="43.1342270" lon="-4.0340680">
    <ele>314.6</ele>
    <time>2026-09-19T10:55:52Z</time>
   </trkpt>
   <trkpt lat="43.1341530" lon="-4.0339560">
    <ele>315.9</ele>
    <time>2026-09-19T10:55:53Z</time>
   </trkpt>
   <trkpt lat="43.1340910" lon="-4.0338350">
    <ele>317.2</ele>
    <time>2026-09-19T10:55:54Z</time>
   </trkpt>
   <trkpt lat="43.1340340" lon="-4.0337030">
    <ele>318.6</ele>
    <time>2026-09-19T10:55:55Z</time>
   </trkpt>
   <trkpt lat="43.1339810" lon="-4.0335720">
    <ele>320.0</ele>
    <time>2026-09-19T10:55:56Z</time>
   </trkpt>
   <trkpt lat="43.1339360" lon="-4.0334430">
    <ele>321.3</ele>
    <time>2026-09-19T10:55:57Z</time>
   </trkpt>
   <trkpt lat="43.1338920" lon="-4.0333180">
    <ele>322.6</ele>
    <time>2026-09-19T10:55:58Z</time>
   </trkpt>
   <trkpt lat="43.1338610" lon="-4.0331990">
    <ele>323.8</ele>
    <time>2026-09-19T10:55:59Z</time>
   </trkpt>
   <trkpt lat="43.1338390" lon="-4.0330980">
    <ele>324.7</ele>
    <time>2026-09-19T10:56:00Z</time>
   </trkpt>
   <trkpt lat="43.1338320" lon="-4.0329980">
    <ele>325.7</ele>
    <time>2026-09-19T10:56:01Z</time>
   </trkpt>
   <trkpt lat="43.1338380" lon="-4.0329110">
    <ele>326.5</ele>
    <time>2026-09-19T10:56:02Z</time>
   </trkpt>
   <trkpt lat="43.1338390" lon="-4.0328410">
    <ele>327.2</ele>
    <time>2026-09-19T10:56:03Z</time>
   </trkpt>
   <trkpt lat="43.1338230" lon="-4.0327760">
    <ele>327.0</ele>
    <time>2026-09-19T10:56:04Z</time>
   </trkpt>
   <trkpt lat="43.1337730" lon="-4.0327290">
    <ele>326.7</ele>
    <time>2026-09-19T10:56:05Z</time>
   </trkpt>
   <trkpt lat="43.1337040" lon="-4.0326910">
    <ele>326.4</ele>
    <time>2026-09-19T10:56:06Z</time>
   </trkpt>
   <trkpt lat="43.1336370" lon="-4.0326650">
    <ele>326.3</ele>
    <time>2026-09-19T10:56:07Z</time>
   </trkpt>
   <trkpt lat="43.1335730" lon="-4.0326340">
    <ele>326.2</ele>
    <time>2026-09-19T10:56:08Z</time>
   </trkpt>
   <trkpt lat="43.1335200" lon="-4.0325820">
    <ele>326.2</ele>
    <time>2026-09-19T10:56:09Z</time>
   </trkpt>
   <trkpt lat="43.1334670" lon="-4.0325160">
    <ele>326.2</ele>
    <time>2026-09-19T10:56:10Z</time>
   </trkpt>
   <trkpt lat="43.1334180" lon="-4.0324420">
    <ele>326.3</ele>
    <time>2026-09-19T10:56:11Z</time>
   </trkpt>
   <trkpt lat="43.1333770" lon="-4.0323650">
    <ele>326.2</ele>
    <time>2026-09-19T10:56:12Z</time>
   </trkpt>
   <trkpt lat="43.1333420" lon="-4.0322860">
    <ele>326.2</ele>
    <time>2026-09-19T10:56:13Z</time>
   </trkpt>
   <trkpt lat="43.1333110" lon="-4.0322090">
    <ele>326.1</ele>
    <time>2026-09-19T10:56:14Z</time>
   </trkpt>
   <trkpt lat="43.1332880" lon="-4.0321350">
    <ele>325.8</ele>
    <time>2026-09-19T10:56:15Z</time>
   </trkpt>
   <trkpt lat="43.1332640" lon="-4.0320660">
    <ele>325.4</ele>
    <time>2026-09-19T10:56:16Z</time>
   </trkpt>
   <trkpt lat="43.1332340" lon="-4.0320020">
    <ele>324.9</ele>
    <time>2026-09-19T10:56:17Z</time>
   </trkpt>
   <trkpt lat="43.1332050" lon="-4.0319470">
    <ele>324.4</ele>
    <time>2026-09-19T10:56:18Z</time>
   </trkpt>
   <trkpt lat="43.1331800" lon="-4.0318930">
    <ele>323.9</ele>
    <time>2026-09-19T10:56:19Z</time>
   </trkpt>
   <trkpt lat="43.1331710" lon="-4.0318340">
    <ele>323.4</ele>
    <time>2026-09-19T10:56:20Z</time>
   </trkpt>
   <trkpt lat="43.1331800" lon="-4.0317640">
    <ele>322.8</ele>
    <time>2026-09-19T10:56:21Z</time>
   </trkpt>
   <trkpt lat="43.1332020" lon="-4.0316810">
    <ele>322.0</ele>
    <time>2026-09-19T10:56:22Z</time>
   </trkpt>
   <trkpt lat="43.1332200" lon="-4.0315980">
    <ele>321.2</ele>
    <time>2026-09-19T10:56:23Z</time>
   </trkpt>
   <trkpt lat="43.1332320" lon="-4.0315130">
    <ele>320.4</ele>
    <time>2026-09-19T10:56:24Z</time>
   </trkpt>
   <trkpt lat="43.1332380" lon="-4.0314360">
    <ele>319.7</ele>
    <time>2026-09-19T10:56:25Z</time>
   </trkpt>
   <trkpt lat="43.1332430" lon="-4.0313650">
    <ele>319.2</ele>
    <time>2026-09-19T10:56:26Z</time>
   </trkpt>
   <trkpt lat="43.1332470" lon="-4.0313020">
    <ele>318.8</ele>
    <time>2026-09-19T10:56:27Z</time>
   </trkpt>
   <trkpt lat="43.1332500" lon="-4.0312380">
    <ele>318.4</ele>
    <time>2026-09-19T10:56:28Z</time>
   </trkpt>
   <trkpt lat="43.1332370" lon="-4.0311650">
    <ele>318.2</ele>
    <time>2026-09-19T10:56:29Z</time>
   </trkpt>
   <trkpt lat="43.1332090" lon="-4.0311080">
    <ele>318.0</ele>
    <time>2026-09-19T10:56:30Z</time>
   </trkpt>
   <trkpt lat="43.1331650" lon="-4.0310570">
    <ele>317.8</ele>
    <time>2026-09-19T10:56:31Z</time>
   </trkpt>
   <trkpt lat="43.1331110" lon="-4.0310180">
    <ele>317.6</ele>
    <time>2026-09-19T10:56:32Z</time>
   </trkpt>
   <trkpt lat="43.1330550" lon="-4.0310010">
    <ele>317.4</ele>
    <time>2026-09-19T10:56:33Z</time>
   </trkpt>
   <trkpt lat="43.1329970" lon="-4.0310010">
    <ele>317.2</ele>
    <time>2026-09-19T10:56:34Z</time>
   </trkpt>
   <trkpt lat="43.1329440" lon="-4.0310240">
    <ele>316.9</ele>
    <time>2026-09-19T10:56:35Z</time>
   </trkpt>
   <trkpt lat="43.1328900" lon="-4.0310560">
    <ele>316.5</ele>
    <time>2026-09-19T10:56:36Z</time>
   </trkpt>
   <trkpt lat="43.1328420" lon="-4.0310920">
    <ele>316.2</ele>
    <time>2026-09-19T10:56:37Z</time>
   </trkpt>
   <trkpt lat="43.1327930" lon="-4.0311370">
    <ele>315.8</ele>
    <time>2026-09-19T10:56:38Z</time>
   </trkpt>
   <trkpt lat="43.1327340" lon="-4.0311750">
    <ele>315.4</ele>
    <time>2026-09-19T10:56:39Z</time>
   </trkpt>
   <trkpt lat="43.1326770" lon="-4.0312080">
    <ele>314.8</ele>
    <time>2026-09-19T10:56:40Z</time>
   </trkpt>
   <trkpt lat="43.1326240" lon="-4.0312260">
    <ele>314.3</ele>
    <time>2026-09-19T10:56:41Z</time>
   </trkpt>
   <trkpt lat="43.1325690" lon="-4.0312390">
    <ele>313.6</ele>
    <time>2026-09-19T10:56:42Z</time>
   </trkpt>
   <trkpt lat="43.1325140" lon="-4.0312440">
    <ele>312.9</ele>
    <time>2026-09-19T10:56:43Z</time>
   </trkpt>
   <trkpt lat="43.1324640" lon="-4.0312420">
    <ele>312.3</ele>
    <time>2026-09-19T10:56:44Z</time>
   </trkpt>
   <trkpt lat="43.1324110" lon="-4.0312320">
    <ele>311.7</ele>
    <time>2026-09-19T10:56:45Z</time>
   </trkpt>
   <trkpt lat="43.1323570" lon="-4.0312160">
    <ele>311.1</ele>
    <time>2026-09-19T10:56:46Z</time>
   </trkpt>
   <trkpt lat="43.1323090" lon="-4.0312020">
    <ele>310.7</ele>
    <time>2026-09-19T10:56:47Z</time>
   </trkpt>
   <trkpt lat="43.1322620" lon="-4.0311880">
    <ele>310.4</ele>
    <time>2026-09-19T10:56:48Z</time>
   </trkpt>
   <trkpt lat="43.1322160" lon="-4.0311590">
    <ele>310.1</ele>
    <time>2026-09-19T10:56:49Z</time>
   </trkpt>
   <trkpt lat="43.1321620" lon="-4.0311240">
    <ele>309.8</ele>
    <time>2026-09-19T10:56:50Z</time>
   </trkpt>
   <trkpt lat="43.1321030" lon="-4.0310820">
    <ele>309.7</ele>
    <time>2026-09-19T10:56:51Z</time>
   </trkpt>
   <trkpt lat="43.1320380" lon="-4.0310250">
    <ele>309.7</ele>
    <time>2026-09-19T10:56:52Z</time>
   </trkpt>
   <trkpt lat="43.1319830" lon="-4.0309710">
    <ele>309.7</ele>
    <time>2026-09-19T10:56:53Z</time>
   </trkpt>
   <trkpt lat="43.1319260" lon="-4.0309230">
    <ele>309.8</ele>
    <time>2026-09-19T10:56:54Z</time>
   </trkpt>
   <trkpt lat="43.1318600" lon="-4.0308790">
    <ele>310.0</ele>
    <time>2026-09-19T10:56:55Z</time>
   </trkpt>
   <trkpt lat="43.1317910" lon="-4.0308320">
    <ele>310.3</ele>
    <time>2026-09-19T10:56:56Z</time>
   </trkpt>
   <trkpt lat="43.1317270" lon="-4.0307910">
    <ele>310.6</ele>
    <time>2026-09-19T10:56:57Z</time>
   </trkpt>
   <trkpt lat="43.1316590" lon="-4.0307460">
    <ele>311.0</ele>
    <time>2026-09-19T10:56:58Z</time>
   </trkpt>
   <trkpt lat="43.1315920" lon="-4.0306980">
    <ele>311.5</ele>
    <time>2026-09-19T10:56:59Z</time>
   </trkpt>
   <trkpt lat="43.1315290" lon="-4.0306460">
    <ele>312.2</ele>
    <time>2026-09-19T10:57:00Z</time>
   </trkpt>
   <trkpt lat="43.1314730" lon="-4.0305810">
    <ele>312.9</ele>
    <time>2026-09-19T10:57:01Z</time>
   </trkpt>
   <trkpt lat="43.1314190" lon="-4.0305120">
    <ele>313.6</ele>
    <time>2026-09-19T10:57:02Z</time>
   </trkpt>
   <trkpt lat="43.1313720" lon="-4.0304520">
    <ele>314.2</ele>
    <time>2026-09-19T10:57:03Z</time>
   </trkpt>
   <trkpt lat="43.1313280" lon="-4.0303960">
    <ele>314.7</ele>
    <time>2026-09-19T10:57:04Z</time>
   </trkpt>
   <trkpt lat="43.1312670" lon="-4.0303440">
    <ele>315.2</ele>
    <time>2026-09-19T10:57:05Z</time>
   </trkpt>
   <trkpt lat="43.1312020" lon="-4.0302960">
    <ele>315.6</ele>
    <time>2026-09-19T10:57:06Z</time>
   </trkpt>
   <trkpt lat="43.1311390" lon="-4.0302440">
    <ele>316.1</ele>
    <time>2026-09-19T10:57:07Z</time>
   </trkpt>
   <trkpt lat="43.1310850" lon="-4.0301830">
    <ele>316.7</ele>
    <time>2026-09-19T10:57:08Z</time>
   </trkpt>
   <trkpt lat="43.1310310" lon="-4.0301250">
    <ele>317.4</ele>
    <time>2026-09-19T10:57:09Z</time>
   </trkpt>
   <trkpt lat="43.1309740" lon="-4.0300670">
    <ele>318.0</ele>
    <time>2026-09-19T10:57:10Z</time>
   </trkpt>
   <trkpt lat="43.1309160" lon="-4.0300150">
    <ele>318.5</ele>
    <time>2026-09-19T10:57:11Z</time>
   </trkpt>
   <trkpt lat="43.1308540" lon="-4.0299620">
    <ele>319.0</ele>
    <time>2026-09-19T10:57:12Z</time>
   </trkpt>
   <trkpt lat="43.1307880" lon="-4.0299090">
    <ele>319.4</ele>
    <time>2026-09-19T10:57:13Z</time>
   </trkpt>
   <trkpt lat="43.1307180" lon="-4.0298540">
    <ele>319.8</ele>
    <time>2026-09-19T10:57:14Z</time>
   </trkpt>
   <trkpt lat="43.1306520" lon="-4.0298010">
    <ele>320.0</ele>
    <time>2026-09-19T10:57:15Z</time>
   </trkpt>
   <trkpt lat="43.1305910" lon="-4.0297510">
    <ele>320.2</ele>
    <time>2026-09-19T10:57:16Z</time>
   </trkpt>
   <trkpt lat="43.1305340" lon="-4.0297120">
    <ele>320.4</ele>
    <time>2026-09-19T10:57:17Z</time>
   </trkpt>
   <trkpt lat="43.1304850" lon="-4.0296790">
    <ele>320.5</ele>
    <time>2026-09-19T10:57:18Z</time>
   </trkpt>
   <trkpt lat="43.1304440" lon="-4.0296500">
    <ele>320.6</ele>
    <time>2026-09-19T10:57:19Z</time>
   </trkpt>
   <trkpt lat="43.1304100" lon="-4.0296170">
    <ele>320.6</ele>
    <time>2026-09-19T10:57:20Z</time>
   </trkpt>
   <trkpt lat="43.1303840" lon="-4.0295790">
    <ele>320.8</ele>
    <time>2026-09-19T10:57:21Z</time>
   </trkpt>
   <trkpt lat="43.1303600" lon="-4.0295260">
    <ele>321.0</ele>
    <time>2026-09-19T10:57:22Z</time>
   </trkpt>
   <trkpt lat="43.1303460" lon="-4.0294660">
    <ele>321.3</ele>
    <time>2026-09-19T10:57:23Z</time>
   </trkpt>
   <trkpt lat="43.1303380" lon="-4.0294040">
    <ele>322.0</ele>
    <time>2026-09-19T10:57:24Z</time>
   </trkpt>
   <trkpt lat="43.1303290" lon="-4.0293530">
    <ele>322.1</ele>
    <time>2026-09-19T10:57:25Z</time>
   </trkpt>
   <trkpt lat="43.1303070" lon="-4.0293090">
    <ele>322.5</ele>
    <time>2026-09-19T10:57:26Z</time>
   </trkpt>
   <trkpt lat="43.1302830" lon="-4.0292660">
    <ele>322.6</ele>
    <time>2026-09-19T10:57:27Z</time>
   </trkpt>
   <trkpt lat="43.1302570" lon="-4.0292160">
    <ele>322.6</ele>
    <time>2026-09-19T10:57:28Z</time>
   </trkpt>
   <trkpt lat="43.1302320" lon="-4.0291740">
    <ele>322.7</ele>
    <time>2026-09-19T10:57:29Z</time>
   </trkpt>
   <trkpt lat="43.1302080" lon="-4.0291300">
    <ele>322.7</ele>
    <time>2026-09-19T10:57:30Z</time>
   </trkpt>
   <trkpt lat="43.1301830" lon="-4.0290810">
    <ele>323.0</ele>
    <time>2026-09-19T10:57:31Z</time>
   </trkpt>
   <trkpt lat="43.1301660" lon="-4.0290330">
    <ele>323.0</ele>
    <time>2026-09-19T10:57:32Z</time>
   </trkpt>
   <trkpt lat="43.1301470" lon="-4.0289900">
    <ele>322.9</ele>
    <time>2026-09-19T10:57:33Z</time>
   </trkpt>
   <trkpt lat="43.1301310" lon="-4.0289450">
    <ele>323.3</ele>
    <time>2026-09-19T10:57:34Z</time>
   </trkpt>
   <trkpt lat="43.1301190" lon="-4.0288970">
    <ele>323.7</ele>
    <time>2026-09-19T10:57:35Z</time>
   </trkpt>
   <trkpt lat="43.1301060" lon="-4.0288440">
    <ele>324.3</ele>
    <time>2026-09-19T10:57:36Z</time>
   </trkpt>
   <trkpt lat="43.1300900" lon="-4.0288000">
    <ele>324.8</ele>
    <time>2026-09-19T10:57:37Z</time>
   </trkpt>
   <trkpt lat="43.1300780" lon="-4.0287750">
    <ele>324.3</ele>
    <time>2026-09-19T10:57:38Z</time>
   </trkpt>
   <trkpt lat="43.1300700" lon="-4.0287420">
    <ele>324.7</ele>
    <time>2026-09-19T10:57:39Z</time>
   </trkpt>
   <trkpt lat="43.1300600" lon="-4.0287120">
    <ele>325.2</ele>
    <time>2026-09-19T10:57:40Z</time>
   </trkpt>
   <trkpt lat="43.1300480" lon="-4.0286670">
    <ele>325.3</ele>
    <time>2026-09-19T10:57:41Z</time>
   </trkpt>
   <trkpt lat="43.1300420" lon="-4.0286110">
    <ele>325.8</ele>
    <time>2026-09-19T10:57:42Z</time>
   </trkpt>
   <trkpt lat="43.1300390" lon="-4.0285500">
    <ele>326.3</ele>
    <time>2026-09-19T10:57:43Z</time>
   </trkpt>
   <trkpt lat="43.1300390" lon="-4.0284850">
    <ele>327.4</ele>
    <time>2026-09-19T10:57:44Z</time>
   </trkpt>
   <trkpt lat="43.1300450" lon="-4.0284310">
    <ele>327.8</ele>
    <time>2026-09-19T10:57:45Z</time>
   </trkpt>
   <trkpt lat="43.1300560" lon="-4.0283680">
    <ele>329.2</ele>
    <time>2026-09-19T10:57:46Z</time>
   </trkpt>
   <trkpt lat="43.1300660" lon="-4.0283170">
    <ele>329.6</ele>
    <time>2026-09-19T10:57:47Z</time>
   </trkpt>
   <trkpt lat="43.1300900" lon="-4.0282710">
    <ele>330.3</ele>
    <time>2026-09-19T10:57:48Z</time>
   </trkpt>
   <trkpt lat="43.1301290" lon="-4.0282440">
    <ele>330.9</ele>
    <time>2026-09-19T10:57:49Z</time>
   </trkpt>
   <trkpt lat="43.1301830" lon="-4.0282360">
    <ele>331.4</ele>
    <time>2026-09-19T10:57:50Z</time>
   </trkpt>
   <trkpt lat="43.1302470" lon="-4.0282440">
    <ele>331.9</ele>
    <time>2026-09-19T10:57:51Z</time>
   </trkpt>
   <trkpt lat="43.1303120" lon="-4.0282380">
    <ele>332.4</ele>
    <time>2026-09-19T10:57:52Z</time>
   </trkpt>
   <trkpt lat="43.1303690" lon="-4.0282160">
    <ele>332.9</ele>
    <time>2026-09-19T10:57:53Z</time>
   </trkpt>
   <trkpt lat="43.1304260" lon="-4.0281860">
    <ele>333.5</ele>
    <time>2026-09-19T10:57:54Z</time>
   </trkpt>
   <trkpt lat="43.1304880" lon="-4.0281640">
    <ele>333.9</ele>
    <time>2026-09-19T10:57:55Z</time>
   </trkpt>
   <trkpt lat="43.1305450" lon="-4.0281530">
    <ele>334.9</ele>
    <time>2026-09-19T10:57:56Z</time>
   </trkpt>
   <trkpt lat="43.1306040" lon="-4.0281430">
    <ele>335.4</ele>
    <time>2026-09-19T10:57:57Z</time>
   </trkpt>
   <trkpt lat="43.1306620" lon="-4.0281250">
    <ele>335.8</ele>
    <time>2026-09-19T10:57:58Z</time>
   </trkpt>
   <trkpt lat="43.1307210" lon="-4.0281030">
    <ele>336.7</ele>
    <time>2026-09-19T10:57:59Z</time>
   </trkpt>
   <trkpt lat="43.1307740" lon="-4.0280760">
    <ele>337.3</ele>
    <time>2026-09-19T10:58:00Z</time>
   </trkpt>
   <trkpt lat="43.1308250" lon="-4.0280490">
    <ele>337.8</ele>
    <time>2026-09-19T10:58:01Z</time>
   </trkpt>
   <trkpt lat="43.1308790" lon="-4.0280260">
    <ele>338.8</ele>
    <time>2026-09-19T10:58:02Z</time>
   </trkpt>
   <trkpt lat="43.1309310" lon="-4.0279990">
    <ele>338.9</ele>
    <time>2026-09-19T10:58:03Z</time>
   </trkpt>
   <trkpt lat="43.1309810" lon="-4.0279730">
    <ele>339.8</ele>
    <time>2026-09-19T10:58:04Z</time>
   </trkpt>
   <trkpt lat="43.1310320" lon="-4.0279530">
    <ele>340.2</ele>
    <time>2026-09-19T10:58:05Z</time>
   </trkpt>
   <trkpt lat="43.1310840" lon="-4.0279410">
    <ele>340.9</ele>
    <time>2026-09-19T10:58:06Z</time>
   </trkpt>
   <trkpt lat="43.1311390" lon="-4.0279330">
    <ele>341.3</ele>
    <time>2026-09-19T10:58:07Z</time>
   </trkpt>
   <trkpt lat="43.1311950" lon="-4.0279350">
    <ele>341.7</ele>
    <time>2026-09-19T10:58:08Z</time>
   </trkpt>
   <trkpt lat="43.1312590" lon="-4.0279360">
    <ele>342.1</ele>
    <time>2026-09-19T10:58:09Z</time>
   </trkpt>
   <trkpt lat="43.1313290" lon="-4.0279340">
    <ele>342.5</ele>
    <time>2026-09-19T10:58:10Z</time>
   </trkpt>
   <trkpt lat="43.1313980" lon="-4.0279290">
    <ele>342.8</ele>
    <time>2026-09-19T10:58:11Z</time>
   </trkpt>
   <trkpt lat="43.1314620" lon="-4.0279250">
    <ele>343.1</ele>
    <time>2026-09-19T10:58:12Z</time>
   </trkpt>
   <trkpt lat="43.1315270" lon="-4.0279150">
    <ele>343.5</ele>
    <time>2026-09-19T10:58:13Z</time>
   </trkpt>
   <trkpt lat="43.1315930" lon="-4.0278990">
    <ele>344.2</ele>
    <time>2026-09-19T10:58:14Z</time>
   </trkpt>
   <trkpt lat="43.1316560" lon="-4.0278850">
    <ele>344.4</ele>
    <time>2026-09-19T10:58:15Z</time>
   </trkpt>
   <trkpt lat="43.1317160" lon="-4.0278740">
    <ele>344.5</ele>
    <time>2026-09-19T10:58:16Z</time>
   </trkpt>
   <trkpt lat="43.1317820" lon="-4.0278650">
    <ele>344.5</ele>
    <time>2026-09-19T10:58:17Z</time>
   </trkpt>
   <trkpt lat="43.1318480" lon="-4.0278550">
    <ele>345.0</ele>
    <time>2026-09-19T10:58:18Z</time>
   </trkpt>
   <trkpt lat="43.1319130" lon="-4.0278360">
    <ele>345.0</ele>
    <time>2026-09-19T10:58:19Z</time>
   </trkpt>
   <trkpt lat="43.1319800" lon="-4.0278120">
    <ele>345.5</ele>
    <time>2026-09-19T10:58:20Z</time>
   </trkpt>
   <trkpt lat="43.1320460" lon="-4.0277860">
    <ele>345.4</ele>
    <time>2026-09-19T10:58:21Z</time>
   </trkpt>
   <trkpt lat="43.1321090" lon="-4.0277610">
    <ele>345.8</ele>
    <time>2026-09-19T10:58:22Z</time>
   </trkpt>
   <trkpt lat="43.1321620" lon="-4.0277330">
    <ele>346.2</ele>
    <time>2026-09-19T10:58:23Z</time>
   </trkpt>
   <trkpt lat="43.1322090" lon="-4.0277010">
    <ele>346.1</ele>
    <time>2026-09-19T10:58:24Z</time>
   </trkpt>
   <trkpt lat="43.1322510" lon="-4.0276660">
    <ele>346.5</ele>
    <time>2026-09-19T10:58:25Z</time>
   </trkpt>
   <trkpt lat="43.1322920" lon="-4.0276360">
    <ele>346.9</ele>
    <time>2026-09-19T10:58:26Z</time>
   </trkpt>
   <trkpt lat="43.1323380" lon="-4.0276120">
    <ele>346.8</ele>
    <time>2026-09-19T10:58:27Z</time>
   </trkpt>
   <trkpt lat="43.1323760" lon="-4.0275950">
    <ele>347.1</ele>
    <time>2026-09-19T10:58:28Z</time>
   </trkpt>
   <trkpt lat="43.1324080" lon="-4.0275900">
    <ele>347.0</ele>
    <time>2026-09-19T10:58:29Z</time>
   </trkpt>
   <trkpt lat="43.1324250" lon="-4.0275860">
    <ele>346.9</ele>
    <time>2026-09-19T10:58:30Z</time>
   </trkpt>
   <trkpt lat="43.1324230" lon="-4.0275770">
    <ele>346.9</ele>
    <time>2026-09-19T10:58:31Z</time>
   </trkpt>
   <trkpt lat="43.1324120" lon="-4.0275540">
    <ele>347.0</ele>
    <time>2026-09-19T10:58:32Z</time>
   </trkpt>
   <trkpt lat="43.1323810" lon="-4.0275450">
    <ele>347.2</ele>
    <time>2026-09-19T10:58:33Z</time>
   </trkpt>
   <trkpt lat="43.1323380" lon="-4.0275440">
    <ele>347.4</ele>
    <time>2026-09-19T10:58:34Z</time>
   </trkpt>
   <trkpt lat="43.1322970" lon="-4.0275380">
    <ele>347.7</ele>
    <time>2026-09-19T10:58:35Z</time>
   </trkpt>
   <trkpt lat="43.1322510" lon="-4.0275270">
    <ele>348.1</ele>
    <time>2026-09-19T10:58:36Z</time>
   </trkpt>
   <trkpt lat="43.1321960" lon="-4.0275020">
    <ele>348.6</ele>
    <time>2026-09-19T10:58:37Z</time>
   </trkpt>
   <trkpt lat="43.1321380" lon="-4.0274670">
    <ele>349.2</ele>
    <time>2026-09-19T10:58:38Z</time>
   </trkpt>
   <trkpt lat="43.1320810" lon="-4.0274270">
    <ele>350.0</ele>
    <time>2026-09-19T10:58:39Z</time>
   </trkpt>
   <trkpt lat="43.1320250" lon="-4.0273790">
    <ele>350.8</ele>
    <time>2026-09-19T10:58:40Z</time>
   </trkpt>
   <trkpt lat="43.1319660" lon="-4.0273260">
    <ele>351.7</ele>
    <time>2026-09-19T10:58:41Z</time>
   </trkpt>
   <trkpt lat="43.1319100" lon="-4.0272730">
    <ele>352.5</ele>
    <time>2026-09-19T10:58:42Z</time>
   </trkpt>
   <trkpt lat="43.1318470" lon="-4.0272150">
    <ele>353.3</ele>
    <time>2026-09-19T10:58:43Z</time>
   </trkpt>
   <trkpt lat="43.1317830" lon="-4.0271520">
    <ele>354.0</ele>
    <time>2026-09-19T10:58:44Z</time>
   </trkpt>
   <trkpt lat="43.1317160" lon="-4.0270820">
    <ele>354.6</ele>
    <time>2026-09-19T10:58:45Z</time>
   </trkpt>
   <trkpt lat="43.1316520" lon="-4.0270050">
    <ele>355.2</ele>
    <time>2026-09-19T10:58:46Z</time>
   </trkpt>
   <trkpt lat="43.1315880" lon="-4.0269280">
    <ele>355.7</ele>
    <time>2026-09-19T10:58:47Z</time>
   </trkpt>
   <trkpt lat="43.1315220" lon="-4.0268400">
    <ele>356.2</ele>
    <time>2026-09-19T10:58:48Z</time>
   </trkpt>
   <trkpt lat="43.1314510" lon="-4.0267510">
    <ele>356.8</ele>
    <time>2026-09-19T10:58:49Z</time>
   </trkpt>
   <trkpt lat="43.1313730" lon="-4.0266640">
    <ele>357.4</ele>
    <time>2026-09-19T10:58:50Z</time>
   </trkpt>
   <trkpt lat="43.1312920" lon="-4.0265820">
    <ele>358.0</ele>
    <time>2026-09-19T10:58:51Z</time>
   </trkpt>
   <trkpt lat="43.1312160" lon="-4.0265060">
    <ele>358.5</ele>
    <time>2026-09-19T10:58:52Z</time>
   </trkpt>
   <trkpt lat="43.1311480" lon="-4.0264300">
    <ele>359.0</ele>
    <time>2026-09-19T10:58:53Z</time>
   </trkpt>
   <trkpt lat="43.1310790" lon="-4.0263470">
    <ele>359.4</ele>
    <time>2026-09-19T10:58:54Z</time>
   </trkpt>
   <trkpt lat="43.1310110" lon="-4.0262770">
    <ele>359.7</ele>
    <time>2026-09-19T10:58:55Z</time>
   </trkpt>
   <trkpt lat="43.1309360" lon="-4.0262230">
    <ele>359.8</ele>
    <time>2026-09-19T10:58:56Z</time>
   </trkpt>
   <trkpt lat="43.1308630" lon="-4.0261710">
    <ele>359.8</ele>
    <time>2026-09-19T10:58:57Z</time>
   </trkpt>
   <trkpt lat="43.1307920" lon="-4.0261060">
    <ele>359.8</ele>
    <time>2026-09-19T10:58:58Z</time>
   </trkpt>
   <trkpt lat="43.1307230" lon="-4.0260330">
    <ele>359.7</ele>
    <time>2026-09-19T10:58:59Z</time>
   </trkpt>
   <trkpt lat="43.1306540" lon="-4.0259520">
    <ele>359.6</ele>
    <time>2026-09-19T10:59:00Z</time>
   </trkpt>
   <trkpt lat="43.1305840" lon="-4.0258720">
    <ele>359.3</ele>
    <time>2026-09-19T10:59:01Z</time>
   </trkpt>
   <trkpt lat="43.1305180" lon="-4.0257940">
    <ele>359.1</ele>
    <time>2026-09-19T10:59:02Z</time>
   </trkpt>
   <trkpt lat="43.1304490" lon="-4.0257170">
    <ele>359.0</ele>
    <time>2026-09-19T10:59:03Z</time>
   </trkpt>
   <trkpt lat="43.1303780" lon="-4.0256410">
    <ele>358.9</ele>
    <time>2026-09-19T10:59:04Z</time>
   </trkpt>
   <trkpt lat="43.1303050" lon="-4.0255540">
    <ele>358.9</ele>
    <time>2026-09-19T10:59:05Z</time>
   </trkpt>
   <trkpt lat="43.1302310" lon="-4.0254740">
    <ele>358.9</ele>
    <time>2026-09-19T10:59:06Z</time>
   </trkpt>
   <trkpt lat="43.1301510" lon="-4.0254040">
    <ele>359.0</ele>
    <time>2026-09-19T10:59:07Z</time>
   </trkpt>
   <trkpt lat="43.1300690" lon="-4.0253300">
    <ele>359.1</ele>
    <time>2026-09-19T10:59:08Z</time>
   </trkpt>
   <trkpt lat="43.1299970" lon="-4.0252500">
    <ele>359.2</ele>
    <time>2026-09-19T10:59:09Z</time>
   </trkpt>
   <trkpt lat="43.1299230" lon="-4.0251600">
    <ele>359.3</ele>
    <time>2026-09-19T10:59:10Z</time>
   </trkpt>
   <trkpt lat="43.1298490" lon="-4.0250730">
    <ele>359.4</ele>
    <time>2026-09-19T10:59:11Z</time>
   </trkpt>
   <trkpt lat="43.1297800" lon="-4.0249880">
    <ele>359.6</ele>
    <time>2026-09-19T10:59:12Z</time>
   </trkpt>
   <trkpt lat="43.1297150" lon="-4.0249010">
    <ele>359.7</ele>
    <time>2026-09-19T10:59:13Z</time>
   </trkpt>
   <trkpt lat="43.1296510" lon="-4.0248100">
    <ele>359.8</ele>
    <time>2026-09-19T10:59:14Z</time>
   </trkpt>
   <trkpt lat="43.1295880" lon="-4.0247210">
    <ele>360.0</ele>
    <time>2026-09-19T10:59:15Z</time>
   </trkpt>
   <trkpt lat="43.1295250" lon="-4.0246400">
    <ele>360.1</ele>
    <time>2026-09-19T10:59:16Z</time>
   </trkpt>
   <trkpt lat="43.1294680" lon="-4.0245610">
    <ele>360.3</ele>
    <time>2026-09-19T10:59:17Z</time>
   </trkpt>
   <trkpt lat="43.1294130" lon="-4.0244680">
    <ele>360.4</ele>
    <time>2026-09-19T10:59:18Z</time>
   </trkpt>
   <trkpt lat="43.1293600" lon="-4.0243620">
    <ele>360.5</ele>
    <time>2026-09-19T10:59:19Z</time>
   </trkpt>
   <trkpt lat="43.1293060" lon="-4.0242500">
    <ele>360.6</ele>
    <time>2026-09-19T10:59:20Z</time>
   </trkpt>
   <trkpt lat="43.1292640" lon="-4.0241400">
    <ele>360.8</ele>
    <time>2026-09-19T10:59:21Z</time>
   </trkpt>
   <trkpt lat="43.1292190" lon="-4.0240260">
    <ele>361.0</ele>
    <time>2026-09-19T10:59:22Z</time>
   </trkpt>
   <trkpt lat="43.1291620" lon="-4.0239130">
    <ele>361.1</ele>
    <time>2026-09-19T10:59:23Z</time>
   </trkpt>
   <trkpt lat="43.1291020" lon="-4.0238090">
    <ele>361.0</ele>
    <time>2026-09-19T10:59:24Z</time>
   </trkpt>
   <trkpt lat="43.1290510" lon="-4.0237020">
    <ele>361.0</ele>
    <time>2026-09-19T10:59:25Z</time>
   </trkpt>
   <trkpt lat="43.1290110" lon="-4.0235880">
    <ele>361.0</ele>
    <time>2026-09-19T10:59:26Z</time>
   </trkpt>
   <trkpt lat="43.1289800" lon="-4.0234660">
    <ele>361.0</ele>
    <time>2026-09-19T10:59:27Z</time>
   </trkpt>
   <trkpt lat="43.1289580" lon="-4.0233350">
    <ele>361.1</ele>
    <time>2026-09-19T10:59:28Z</time>
   </trkpt>
   <trkpt lat="43.1289430" lon="-4.0231950">
    <ele>361.1</ele>
    <time>2026-09-19T10:59:29Z</time>
   </trkpt>
   <trkpt lat="43.1289300" lon="-4.0230550">
    <ele>361.2</ele>
    <time>2026-09-19T10:59:30Z</time>
   </trkpt>
   <trkpt lat="43.1289110" lon="-4.0229140">
    <ele>361.3</ele>
    <time>2026-09-19T10:59:31Z</time>
   </trkpt>
   <trkpt lat="43.1288890" lon="-4.0227750">
    <ele>361.6</ele>
    <time>2026-09-19T10:59:32Z</time>
   </trkpt>
   <trkpt lat="43.1288720" lon="-4.0226310">
    <ele>362.0</ele>
    <time>2026-09-19T10:59:33Z</time>
   </trkpt>
   <trkpt lat="43.1288600" lon="-4.0224840">
    <ele>362.5</ele>
    <time>2026-09-19T10:59:34Z</time>
   </trkpt>
   <trkpt lat="43.1288490" lon="-4.0223290">
    <ele>363.1</ele>
    <time>2026-09-19T10:59:35Z</time>
   </trkpt>
   <trkpt lat="43.1288390" lon="-4.0221720">
    <ele>363.9</ele>
    <time>2026-09-19T10:59:36Z</time>
   </trkpt>
   <trkpt lat="43.1288260" lon="-4.0220200">
    <ele>364.8</ele>
    <time>2026-09-19T10:59:37Z</time>
   </trkpt>
   <trkpt lat="43.1288150" lon="-4.0218790">
    <ele>365.7</ele>
    <time>2026-09-19T10:59:38Z</time>
   </trkpt>
   <trkpt lat="43.1287930" lon="-4.0217400">
    <ele>366.3</ele>
    <time>2026-09-19T10:59:39Z</time>
   </trkpt>
   <trkpt lat="43.1287640" lon="-4.0216090">
    <ele>366.6</ele>
    <time>2026-09-19T10:59:40Z</time>
   </trkpt>
   <trkpt lat="43.1287380" lon="-4.0214720">
    <ele>366.8</ele>
    <time>2026-09-19T10:59:41Z</time>
   </trkpt>
   <trkpt lat="43.1287200" lon="-4.0213410">
    <ele>366.9</ele>
    <time>2026-09-19T10:59:42Z</time>
   </trkpt>
   <trkpt lat="43.1286930" lon="-4.0212030">
    <ele>367.1</ele>
    <time>2026-09-19T10:59:43Z</time>
   </trkpt>
   <trkpt lat="43.1286650" lon="-4.0210540">
    <ele>367.3</ele>
    <time>2026-09-19T10:59:44Z</time>
   </trkpt>
   <trkpt lat="43.1286420" lon="-4.0209170">
    <ele>367.6</ele>
    <time>2026-09-19T10:59:45Z</time>
   </trkpt>
   <trkpt lat="43.1286230" lon="-4.0207800">
    <ele>368.1</ele>
    <time>2026-09-19T10:59:46Z</time>
   </trkpt>
   <trkpt lat="43.1286080" lon="-4.0206370">
    <ele>368.8</ele>
    <time>2026-09-19T10:59:47Z</time>
   </trkpt>
   <trkpt lat="43.1285960" lon="-4.0204900">
    <ele>369.9</ele>
    <time>2026-09-19T10:59:48Z</time>
   </trkpt>
   <trkpt lat="43.1285980" lon="-4.0203480">
    <ele>371.2</ele>
    <time>2026-09-19T10:59:49Z</time>
   </trkpt>
   <trkpt lat="43.1286110" lon="-4.0202090">
    <ele>372.8</ele>
    <time>2026-09-19T10:59:50Z</time>
   </trkpt>
   <trkpt lat="43.1286100" lon="-4.0200760">
    <ele>374.5</ele>
    <time>2026-09-19T10:59:51Z</time>
   </trkpt>
   <trkpt lat="43.1285930" lon="-4.0199490">
    <ele>376.1</ele>
    <time>2026-09-19T10:59:52Z</time>
   </trkpt>
   <trkpt lat="43.1285720" lon="-4.0198150">
    <ele>377.6</ele>
    <time>2026-09-19T10:59:53Z</time>
   </trkpt>
   <trkpt lat="43.1285530" lon="-4.0196900">
    <ele>378.9</ele>
    <time>2026-09-19T10:59:54Z</time>
   </trkpt>
   <trkpt lat="43.1285270" lon="-4.0195690">
    <ele>380.0</ele>
    <time>2026-09-19T10:59:55Z</time>
   </trkpt>
   <trkpt lat="43.1284970" lon="-4.0194550">
    <ele>381.0</ele>
    <time>2026-09-19T10:59:56Z</time>
   </trkpt>
   <trkpt lat="43.1284620" lon="-4.0193390">
    <ele>382.0</ele>
    <time>2026-09-19T10:59:57Z</time>
   </trkpt>
   <trkpt lat="43.1284270" lon="-4.0192200">
    <ele>382.9</ele>
    <time>2026-09-19T10:59:58Z</time>
   </trkpt>
   <trkpt lat="43.1283910" lon="-4.0190980">
    <ele>383.8</ele>
    <time>2026-09-19T10:59:59Z</time>
   </trkpt>
   <trkpt lat="43.1283580" lon="-4.0189750">
    <ele>384.5</ele>
    <time>2026-09-19T11:00:00Z</time>
   </trkpt>
   <trkpt lat="43.1283230" lon="-4.0188460">
    <ele>385.1</ele>
    <time>2026-09-19T11:00:01Z</time>
   </trkpt>
   <trkpt lat="43.1282890" lon="-4.0187010">
    <ele>385.7</ele>
    <time>2026-09-19T11:00:02Z</time>
   </trkpt>
   <trkpt lat="43.1282630" lon="-4.0185550">
    <ele>386.2</ele>
    <time>2026-09-19T11:00:03Z</time>
   </trkpt>
   <trkpt lat="43.1282390" lon="-4.0184080">
    <ele>386.6</ele>
    <time>2026-09-19T11:00:04Z</time>
   </trkpt>
   <trkpt lat="43.1282180" lon="-4.0182600">
    <ele>386.9</ele>
    <time>2026-09-19T11:00:05Z</time>
   </trkpt>
   <trkpt lat="43.1281980" lon="-4.0181130">
    <ele>387.1</ele>
    <time>2026-09-19T11:00:06Z</time>
   </trkpt>
   <trkpt lat="43.1281740" lon="-4.0179790">
    <ele>387.2</ele>
    <time>2026-09-19T11:00:07Z</time>
   </trkpt>
   <trkpt lat="43.1281410" lon="-4.0178420">
    <ele>387.3</ele>
    <time>2026-09-19T11:00:08Z</time>
   </trkpt>
   <trkpt lat="43.1281030" lon="-4.0177070">
    <ele>387.6</ele>
    <time>2026-09-19T11:00:09Z</time>
   </trkpt>
   <trkpt lat="43.1280610" lon="-4.0175790">
    <ele>387.9</ele>
    <time>2026-09-19T11:00:10Z</time>
   </trkpt>
   <trkpt lat="43.1280170" lon="-4.0174480">
    <ele>388.3</ele>
    <time>2026-09-19T11:00:11Z</time>
   </trkpt>
   <trkpt lat="43.1279690" lon="-4.0173160">
    <ele>388.8</ele>
    <time>2026-09-19T11:00:12Z</time>
   </trkpt>
   <trkpt lat="43.1279170" lon="-4.0171990">
    <ele>389.2</ele>
    <time>2026-09-19T11:00:13Z</time>
   </trkpt>
   <trkpt lat="43.1278700" lon="-4.0170950">
    <ele>389.6</ele>
    <time>2026-09-19T11:00:14Z</time>
   </trkpt>
   <trkpt lat="43.1278230" lon="-4.0169880">
    <ele>390.0</ele>
    <time>2026-09-19T11:00:15Z</time>
   </trkpt>
   <trkpt lat="43.1277930" lon="-4.0168870">
    <ele>390.4</ele>
    <time>2026-09-19T11:00:16Z</time>
   </trkpt>
   <trkpt lat="43.1277730" lon="-4.0167770">
    <ele>390.8</ele>
    <time>2026-09-19T11:00:17Z</time>
   </trkpt>
   <trkpt lat="43.1277510" lon="-4.0166560">
    <ele>391.1</ele>
    <time>2026-09-19T11:00:18Z</time>
   </trkpt>
   <trkpt lat="43.1277290" lon="-4.0165310">
    <ele>391.3</ele>
    <time>2026-09-19T11:00:19Z</time>
   </trkpt>
   <trkpt lat="43.1276990" lon="-4.0163900">
    <ele>391.5</ele>
    <time>2026-09-19T11:00:20Z</time>
   </trkpt>
   <trkpt lat="43.1276670" lon="-4.0162580">
    <ele>391.7</ele>
    <time>2026-09-19T11:00:21Z</time>
   </trkpt>
   <trkpt lat="43.1276370" lon="-4.0161280">
    <ele>391.9</ele>
    <time>2026-09-19T11:00:22Z</time>
   </trkpt>
   <trkpt lat="43.1276020" lon="-4.0159790">
    <ele>392.2</ele>
    <time>2026-09-19T11:00:23Z</time>
   </trkpt>
   <trkpt lat="43.1275720" lon="-4.0158410">
    <ele>392.4</ele>
    <time>2026-09-19T11:00:24Z</time>
   </trkpt>
   <trkpt lat="43.1275480" lon="-4.0157100">
    <ele>392.7</ele>
    <time>2026-09-19T11:00:25Z</time>
   </trkpt>
   <trkpt lat="43.1275240" lon="-4.0155780">
    <ele>393.0</ele>
    <time>2026-09-19T11:00:26Z</time>
   </trkpt>
   <trkpt lat="43.1275090" lon="-4.0154400">
    <ele>393.4</ele>
    <time>2026-09-19T11:00:27Z</time>
   </trkpt>
   <trkpt lat="43.1275040" lon="-4.0153070">
    <ele>393.8</ele>
    <time>2026-09-19T11:00:28Z</time>
   </trkpt>
   <trkpt lat="43.1275050" lon="-4.0151680">
    <ele>394.3</ele>
    <time>2026-09-19T11:00:29Z</time>
   </trkpt>
   <trkpt lat="43.1275160" lon="-4.0150320">
    <ele>394.8</ele>
    <time>2026-09-19T11:00:30Z</time>
   </trkpt>
   <trkpt lat="43.1275330" lon="-4.0148970">
    <ele>395.3</ele>
    <time>2026-09-19T11:00:31Z</time>
   </trkpt>
   <trkpt lat="43.1275520" lon="-4.0147670">
    <ele>395.8</ele>
    <time>2026-09-19T11:00:32Z</time>
   </trkpt>
   <trkpt lat="43.1275770" lon="-4.0146370">
    <ele>396.3</ele>
    <time>2026-09-19T11:00:33Z</time>
   </trkpt>
   <trkpt lat="43.1276100" lon="-4.0145110">
    <ele>397.0</ele>
    <time>2026-09-19T11:00:34Z</time>
   </trkpt>
   <trkpt lat="43.1276480" lon="-4.0143960">
    <ele>397.7</ele>
    <time>2026-09-19T11:00:35Z</time>
   </trkpt>
   <trkpt lat="43.1276950" lon="-4.0142930">
    <ele>398.6</ele>
    <time>2026-09-19T11:00:36Z</time>
   </trkpt>
   <trkpt lat="43.1277490" lon="-4.0141910">
    <ele>399.6</ele>
    <time>2026-09-19T11:00:37Z</time>
   </trkpt>
   <trkpt lat="43.1278010" lon="-4.0140740">
    <ele>400.7</ele>
    <time>2026-09-19T11:00:38Z</time>
   </trkpt>
   <trkpt lat="43.1278500" lon="-4.0139500">
    <ele>401.9</ele>
    <time>2026-09-19T11:00:39Z</time>
   </trkpt>
   <trkpt lat="43.1278980" lon="-4.0138340">
    <ele>403.1</ele>
    <time>2026-09-19T11:00:40Z</time>
   </trkpt>
   <trkpt lat="43.1279510" lon="-4.0137210">
    <ele>404.2</ele>
    <time>2026-09-19T11:00:41Z</time>
   </trkpt>
   <trkpt lat="43.1280120" lon="-4.0136130">
    <ele>405.3</ele>
    <time>2026-09-19T11:00:42Z</time>
   </trkpt>
   <trkpt lat="43.1280720" lon="-4.0135070">
    <ele>406.2</ele>
    <time>2026-09-19T11:00:43Z</time>
   </trkpt>
   <trkpt lat="43.1281240" lon="-4.0133950">
    <ele>407.1</ele>
    <time>2026-09-19T11:00:44Z</time>
   </trkpt>
   <trkpt lat="43.1281700" lon="-4.0132940">
    <ele>407.7</ele>
    <time>2026-09-19T11:00:45Z</time>
   </trkpt>
   <trkpt lat="43.1282160" lon="-4.0132050">
    <ele>408.0</ele>
    <time>2026-09-19T11:00:46Z</time>
   </trkpt>
   <trkpt lat="43.1282660" lon="-4.0131150">
    <ele>408.3</ele>
    <time>2026-09-19T11:00:47Z</time>
   </trkpt>
   <trkpt lat="43.1283080" lon="-4.0130330">
    <ele>408.3</ele>
    <time>2026-09-19T11:00:48Z</time>
   </trkpt>
   <trkpt lat="43.1283400" lon="-4.0129630">
    <ele>408.3</ele>
    <time>2026-09-19T11:00:49Z</time>
   </trkpt>
   <trkpt lat="43.1283680" lon="-4.0128820">
    <ele>408.3</ele>
    <time>2026-09-19T11:00:50Z</time>
   </trkpt>
   <trkpt lat="43.1283760" lon="-4.0128010">
    <ele>408.4</ele>
    <time>2026-09-19T11:00:51Z</time>
   </trkpt>
   <trkpt lat="43.1283620" lon="-4.0127380">
    <ele>408.4</ele>
    <time>2026-09-19T11:00:52Z</time>
   </trkpt>
   <trkpt lat="43.1283250" lon="-4.0126990">
    <ele>408.5</ele>
    <time>2026-09-19T11:00:53Z</time>
   </trkpt>
   <trkpt lat="43.1282770" lon="-4.0126960">
    <ele>408.6</ele>
    <time>2026-09-19T11:00:54Z</time>
   </trkpt>
   <trkpt lat="43.1282270" lon="-4.0127110">
    <ele>408.7</ele>
    <time>2026-09-19T11:00:55Z</time>
   </trkpt>
   <trkpt lat="43.1281660" lon="-4.0127340">
    <ele>409.0</ele>
    <time>2026-09-19T11:00:56Z</time>
   </trkpt>
   <trkpt lat="43.1281100" lon="-4.0127490">
    <ele>409.4</ele>
    <time>2026-09-19T11:00:57Z</time>
   </trkpt>
   <trkpt lat="43.1280540" lon="-4.0127500">
    <ele>409.9</ele>
    <time>2026-09-19T11:00:58Z</time>
   </trkpt>
   <trkpt lat="43.1279940" lon="-4.0127420">
    <ele>410.5</ele>
    <time>2026-09-19T11:00:59Z</time>
   </trkpt>
   <trkpt lat="43.1279270" lon="-4.0127240">
    <ele>411.4</ele>
    <time>2026-09-19T11:01:00Z</time>
   </trkpt>
   <trkpt lat="43.1278560" lon="-4.0126990">
    <ele>412.5</ele>
    <time>2026-09-19T11:01:01Z</time>
   </trkpt>
   <trkpt lat="43.1277880" lon="-4.0126620">
    <ele>413.7</ele>
    <time>2026-09-19T11:01:02Z</time>
   </trkpt>
   <trkpt lat="43.1277190" lon="-4.0126140">
    <ele>415.0</ele>
    <time>2026-09-19T11:01:03Z</time>
   </trkpt>
   <trkpt lat="43.1276590" lon="-4.0125560">
    <ele>416.2</ele>
    <time>2026-09-19T11:01:04Z</time>
   </trkpt>
   <trkpt lat="43.1275860" lon="-4.0124910">
    <ele>417.6</ele>
    <time>2026-09-19T11:01:05Z</time>
   </trkpt>
   <trkpt lat="43.1275210" lon="-4.0124190">
    <ele>419.0</ele>
    <time>2026-09-19T11:01:06Z</time>
   </trkpt>
   <trkpt lat="43.1274650" lon="-4.0123410">
    <ele>420.3</ele>
    <time>2026-09-19T11:01:07Z</time>
   </trkpt>
   <trkpt lat="43.1274100" lon="-4.0122520">
    <ele>421.6</ele>
    <time>2026-09-19T11:01:08Z</time>
   </trkpt>
   <trkpt lat="43.1273620" lon="-4.0121630">
    <ele>422.8</ele>
    <time>2026-09-19T11:01:09Z</time>
   </trkpt>
   <trkpt lat="43.1273120" lon="-4.0120730">
    <ele>423.9</ele>
    <time>2026-09-19T11:01:10Z</time>
   </trkpt>
   <trkpt lat="43.1272640" lon="-4.0119840">
    <ele>425.1</ele>
    <time>2026-09-19T11:01:11Z</time>
   </trkpt>
   <trkpt lat="43.1272320" lon="-4.0118870">
    <ele>426.1</ele>
    <time>2026-09-19T11:01:12Z</time>
   </trkpt>
   <trkpt lat="43.1271970" lon="-4.0117810">
    <ele>427.2</ele>
    <time>2026-09-19T11:01:13Z</time>
   </trkpt>
   <trkpt lat="43.1271690" lon="-4.0116780">
    <ele>428.2</ele>
    <time>2026-09-19T11:01:14Z</time>
   </trkpt>
   <trkpt lat="43.1271440" lon="-4.0115730">
    <ele>429.2</ele>
    <time>2026-09-19T11:01:15Z</time>
   </trkpt>
   <trkpt lat="43.1271210" lon="-4.0114790">
    <ele>430.1</ele>
    <time>2026-09-19T11:01:16Z</time>
   </trkpt>
   <trkpt lat="43.1270890" lon="-4.0113730">
    <ele>431.2</ele>
    <time>2026-09-19T11:01:17Z</time>
   </trkpt>
   <trkpt lat="43.1270470" lon="-4.0112650">
    <ele>432.4</ele>
    <time>2026-09-19T11:01:18Z</time>
   </trkpt>
   <trkpt lat="43.1270040" lon="-4.0111640">
    <ele>433.6</ele>
    <time>2026-09-19T11:01:19Z</time>
   </trkpt>
   <trkpt lat="43.1269630" lon="-4.0110580">
    <ele>434.9</ele>
    <time>2026-09-19T11:01:20Z</time>
   </trkpt>
   <trkpt lat="43.1269190" lon="-4.0109690">
    <ele>436.1</ele>
    <time>2026-09-19T11:01:21Z</time>
   </trkpt>
   <trkpt lat="43.1268830" lon="-4.0108870">
    <ele>437.1</ele>
    <time>2026-09-19T11:01:22Z</time>
   </trkpt>
   <trkpt lat="43.1268630" lon="-4.0108010">
    <ele>437.8</ele>
    <time>2026-09-19T11:01:23Z</time>
   </trkpt>
   <trkpt lat="43.1268610" lon="-4.0106990">
    <ele>438.4</ele>
    <time>2026-09-19T11:01:24Z</time>
   </trkpt>
   <trkpt lat="43.1268640" lon="-4.0105860">
    <ele>439.0</ele>
    <time>2026-09-19T11:01:25Z</time>
   </trkpt>
   <trkpt lat="43.1268700" lon="-4.0104650">
    <ele>439.6</ele>
    <time>2026-09-19T11:01:26Z</time>
   </trkpt>
   <trkpt lat="43.1268660" lon="-4.0103290">
    <ele>440.2</ele>
    <time>2026-09-19T11:01:27Z</time>
   </trkpt>
   <trkpt lat="43.1268530" lon="-4.0102000">
    <ele>440.7</ele>
    <time>2026-09-19T11:01:28Z</time>
   </trkpt>
   <trkpt lat="43.1268190" lon="-4.0100750">
    <ele>441.4</ele>
    <time>2026-09-19T11:01:29Z</time>
   </trkpt>
   <trkpt lat="43.1267820" lon="-4.0099510">
    <ele>442.2</ele>
    <time>2026-09-19T11:01:30Z</time>
   </trkpt>
   <trkpt lat="43.1267420" lon="-4.0098310">
    <ele>443.1</ele>
    <time>2026-09-19T11:01:31Z</time>
   </trkpt>
   <trkpt lat="43.1266980" lon="-4.0097130">
    <ele>444.1</ele>
    <time>2026-09-19T11:01:32Z</time>
   </trkpt>
   <trkpt lat="43.1266520" lon="-4.0096110">
    <ele>445.1</ele>
    <time>2026-09-19T11:01:33Z</time>
   </trkpt>
   <trkpt lat="43.1266150" lon="-4.0095240">
    <ele>445.9</ele>
    <time>2026-09-19T11:01:34Z</time>
   </trkpt>
   <trkpt lat="43.1265920" lon="-4.0094490">
    <ele>446.5</ele>
    <time>2026-09-19T11:01:35Z</time>
   </trkpt>
   <trkpt lat="43.1265910" lon="-4.0093820">
    <ele>447.0</ele>
    <time>2026-09-19T11:01:36Z</time>
   </trkpt>
   <trkpt lat="43.1266140" lon="-4.0093080">
    <ele>447.5</ele>
    <time>2026-09-19T11:01:37Z</time>
   </trkpt>
   <trkpt lat="43.1266510" lon="-4.0092260">
    <ele>448.0</ele>
    <time>2026-09-19T11:01:38Z</time>
   </trkpt>
   <trkpt lat="43.1266940" lon="-4.0091350">
    <ele>448.5</ele>
    <time>2026-09-19T11:01:39Z</time>
   </trkpt>
   <trkpt lat="43.1267410" lon="-4.0090460">
    <ele>448.9</ele>
    <time>2026-09-19T11:01:40Z</time>
   </trkpt>
   <trkpt lat="43.1267910" lon="-4.0089530">
    <ele>449.3</ele>
    <time>2026-09-19T11:01:41Z</time>
   </trkpt>
   <trkpt lat="43.1268550" lon="-4.0088490">
    <ele>449.8</ele>
    <time>2026-09-19T11:01:42Z</time>
   </trkpt>
   <trkpt lat="43.1269140" lon="-4.0087410">
    <ele>450.3</ele>
    <time>2026-09-19T11:01:43Z</time>
   </trkpt>
   <trkpt lat="43.1269620" lon="-4.0086230">
    <ele>451.0</ele>
    <time>2026-09-19T11:01:44Z</time>
   </trkpt>
   <trkpt lat="43.1270050" lon="-4.0084990">
    <ele>451.8</ele>
    <time>2026-09-19T11:01:45Z</time>
   </trkpt>
   <trkpt lat="43.1270480" lon="-4.0083900">
    <ele>452.7</ele>
    <time>2026-09-19T11:01:46Z</time>
   </trkpt>
   <trkpt lat="43.1271010" lon="-4.0082910">
    <ele>453.5</ele>
    <time>2026-09-19T11:01:47Z</time>
   </trkpt>
   <trkpt lat="43.1271640" lon="-4.0081990">
    <ele>454.4</ele>
    <time>2026-09-19T11:01:48Z</time>
   </trkpt>
   <trkpt lat="43.1272350" lon="-4.0081050">
    <ele>455.1</ele>
    <time>2026-09-19T11:01:49Z</time>
   </trkpt>
   <trkpt lat="43.1273130" lon="-4.0080160">
    <ele>455.8</ele>
    <time>2026-09-19T11:01:50Z</time>
   </trkpt>
   <trkpt lat="43.1273820" lon="-4.0079240">
    <ele>456.5</ele>
    <time>2026-09-19T11:01:51Z</time>
   </trkpt>
   <trkpt lat="43.1274350" lon="-4.0078250">
    <ele>457.4</ele>
    <time>2026-09-19T11:01:52Z</time>
   </trkpt>
   <trkpt lat="43.1274790" lon="-4.0077290">
    <ele>458.6</ele>
    <time>2026-09-19T11:01:53Z</time>
   </trkpt>
   <trkpt lat="43.1275190" lon="-4.0076260">
    <ele>460.0</ele>
    <time>2026-09-19T11:01:54Z</time>
   </trkpt>
   <trkpt lat="43.1275440" lon="-4.0075170">
    <ele>461.6</ele>
    <time>2026-09-19T11:01:55Z</time>
   </trkpt>
   <trkpt lat="43.1275450" lon="-4.0074070">
    <ele>463.2</ele>
    <time>2026-09-19T11:01:56Z</time>
   </trkpt>
   <trkpt lat="43.1275310" lon="-4.0072980">
    <ele>464.7</ele>
    <time>2026-09-19T11:01:57Z</time>
   </trkpt>
   <trkpt lat="43.1275200" lon="-4.0072030">
    <ele>465.9</ele>
    <time>2026-09-19T11:01:58Z</time>
   </trkpt>
   <trkpt lat="43.1275280" lon="-4.0071080">
    <ele>467.0</ele>
    <time>2026-09-19T11:01:59Z</time>
   </trkpt>
   <trkpt lat="43.1275490" lon="-4.0070150">
    <ele>468.0</ele>
    <time>2026-09-19T11:02:00Z</time>
   </trkpt>
   <trkpt lat="43.1275700" lon="-4.0069120">
    <ele>468.9</ele>
    <time>2026-09-19T11:02:01Z</time>
   </trkpt>
   <trkpt lat="43.1275860" lon="-4.0068020">
    <ele>469.9</ele>
    <time>2026-09-19T11:02:02Z</time>
   </trkpt>
   <trkpt lat="43.1276010" lon="-4.0066890">
    <ele>471.0</ele>
    <time>2026-09-19T11:02:03Z</time>
   </trkpt>
   <trkpt lat="43.1276160" lon="-4.0065830">
    <ele>472.2</ele>
    <time>2026-09-19T11:02:04Z</time>
   </trkpt>
   <trkpt lat="43.1276380" lon="-4.0064950">
    <ele>473.2</ele>
    <time>2026-09-19T11:02:05Z</time>
   </trkpt>
   <trkpt lat="43.1276720" lon="-4.0064390">
    <ele>474.0</ele>
    <time>2026-09-19T11:02:06Z</time>
   </trkpt>
   <trkpt lat="43.1277190" lon="-4.0063890">
    <ele>474.8</ele>
    <time>2026-09-19T11:02:07Z</time>
   </trkpt>
   <trkpt lat="43.1277540" lon="-4.0063400">
    <ele>475.4</ele>
    <time>2026-09-19T11:02:08Z</time>
   </trkpt>
   <trkpt lat="43.1277690" lon="-4.0062900">
    <ele>475.7</ele>
    <time>2026-09-19T11:02:09Z</time>
   </trkpt>
   <trkpt lat="43.1277640" lon="-4.0062450">
    <ele>476.0</ele>
    <time>2026-09-19T11:02:10Z</time>
   </trkpt>
   <trkpt lat="43.1277530" lon="-4.0062100">
    <ele>476.2</ele>
    <time>2026-09-19T11:02:11Z</time>
   </trkpt>
   <trkpt lat="43.1277340" lon="-4.0061720">
    <ele>476.5</ele>
    <time>2026-09-19T11:02:12Z</time>
   </trkpt>
   <trkpt lat="43.1277030" lon="-4.0061350">
    <ele>476.8</ele>
    <time>2026-09-19T11:02:13Z</time>
   </trkpt>
   <trkpt lat="43.1276640" lon="-4.0061110">
    <ele>477.2</ele>
    <time>2026-09-19T11:02:14Z</time>
   </trkpt>
   <trkpt lat="43.1276250" lon="-4.0060940">
    <ele>477.6</ele>
    <time>2026-09-19T11:02:15Z</time>
   </trkpt>
   <trkpt lat="43.1275820" lon="-4.0060790">
    <ele>478.1</ele>
    <time>2026-09-19T11:02:16Z</time>
   </trkpt>
   <trkpt lat="43.1275400" lon="-4.0060590">
    <ele>478.6</ele>
    <time>2026-09-19T11:02:17Z</time>
   </trkpt>
   <trkpt lat="43.1274990" lon="-4.0060360">
    <ele>479.1</ele>
    <time>2026-09-19T11:02:18Z</time>
   </trkpt>
   <trkpt lat="43.1274590" lon="-4.0060090">
    <ele>479.6</ele>
    <time>2026-09-19T11:02:19Z</time>
   </trkpt>
   <trkpt lat="43.1274240" lon="-4.0059790">
    <ele>480.2</ele>
    <time>2026-09-19T11:02:20Z</time>
   </trkpt>
   <trkpt lat="43.1273910" lon="-4.0059530">
    <ele>480.7</ele>
    <time>2026-09-19T11:02:21Z</time>
   </trkpt>
   <trkpt lat="43.1273640" lon="-4.0059290">
    <ele>481.1</ele>
    <time>2026-09-19T11:02:22Z</time>
   </trkpt>
   <trkpt lat="43.1273490" lon="-4.0059120">
    <ele>481.3</ele>
    <time>2026-09-19T11:02:23Z</time>
   </trkpt>
   <trkpt lat="43.1273420" lon="-4.0059040">
    <ele>481.4</ele>
    <time>2026-09-19T11:02:24Z</time>
   </trkpt>
   <trkpt lat="43.1273430" lon="-4.0059070">
    <ele>481.5</ele>
    <time>2026-09-19T11:02:25Z</time>
   </trkpt>
   <trkpt lat="43.1273420" lon="-4.0059120">
    <ele>481.5</ele>
    <time>2026-09-19T11:02:26Z</time>
   </trkpt>
   <trkpt lat="43.1273420" lon="-4.0059120">
    <ele>481.5</ele>
    <time>2026-09-19T11:02:27Z</time>
   </trkpt>
   <trkpt lat="43.1273370" lon="-4.0059040">
    <ele>481.6</ele>
    <time>2026-09-19T11:02:28Z</time>
   </trkpt>
   <trkpt lat="43.1273380" lon="-4.0059000">
    <ele>481.7</ele>
    <time>2026-09-19T11:02:29Z</time>
   </trkpt>
   <trkpt lat="43.1273390" lon="-4.0058990">
    <ele>481.7</ele>
    <time>2026-09-19T11:02:30Z</time>
   </trkpt>
   <trkpt lat="43.1273430" lon="-4.0059000">
    <ele>481.7</ele>
    <time>2026-09-19T11:02:31Z</time>
   </trkpt>
   <trkpt lat="43.1273420" lon="-4.0058980">
    <ele>481.7</ele>
    <time>2026-09-19T11:02:32Z</time>
   </trkpt>
   <trkpt lat="43.1273400" lon="-4.0058940">
    <ele>481.8</ele>
    <time>2026-09-19T11:02:33Z</time>
   </trkpt>
   <trkpt lat="43.1273390" lon="-4.0058910">
    <ele>481.8</ele>
    <time>2026-09-19T11:02:34Z</time>
   </trkpt>
   <trkpt lat="43.1273400" lon="-4.0058900">
    <ele>481.8</ele>
    <time>2026-09-19T11:02:35Z</time>
   </trkpt>
   <trkpt lat="43.1273430" lon="-4.0058920">
    <ele>481.9</ele>
    <time>2026-09-19T11:02:36Z</time>
   </trkpt>
   <trkpt lat="43.1273450" lon="-4.0058930">
    <ele>481.9</ele>
    <time>2026-09-19T11:02:37Z</time>
   </trkpt>
   <trkpt lat="43.1273440" lon="-4.0058950">
    <ele>481.9</ele>
    <time>2026-09-19T11:02:38Z</time>
   </trkpt>
   <trkpt lat="43.1273390" lon="-4.0058950">
    <ele>482.0</ele>
    <time>2026-09-19T11:02:39Z</time>
   </trkpt>
   <trkpt lat="43.1273360" lon="-4.0058970">
    <ele>482.0</ele>
    <time>2026-09-19T11:02:40Z</time>
   </trkpt>
   <trkpt lat="43.1273320" lon="-4.0058900">
    <ele>482.1</ele>
    <time>2026-09-19T11:02:41Z</time>
   </trkpt>
   <trkpt lat="43.1273500" lon="-4.0058830">
    <ele>482.3</ele>
    <time>2026-09-19T11:03:51Z</time>
   </trkpt>
   <trkpt lat="43.1273480" lon="-4.0058830">
    <ele>482.3</ele>
    <time>2026-09-19T11:03:52Z</time>
   </trkpt>
   <trkpt lat="43.1273480" lon="-4.0058850">
    <ele>482.4</ele>
    <time>2026-09-19T11:03:53Z</time>
   </trkpt>
   <trkpt lat="43.1273490" lon="-4.0058870">
    <ele>482.4</ele>
    <time>2026-09-19T11:03:54Z</time>
   </trkpt>
   <trkpt lat="43.1273490" lon="-4.0058960">
    <ele>482.5</ele>
    <time>2026-09-19T11:03:55Z</time>
   </trkpt>
   <trkpt lat="43.1273470" lon="-4.0058950">
    <ele>482.5</ele>
    <time>2026-09-19T11:03:56Z</time>
   </trkpt>
   <trkpt lat="43.1273420" lon="-4.0058860">
    <ele>482.6</ele>
    <time>2026-09-19T11:03:57Z</time>
   </trkpt>
   <trkpt lat="43.1273380" lon="-4.0058770">
    <ele>482.6</ele>
    <time>2026-09-19T11:03:58Z</time>
   </trkpt>
   <trkpt lat="43.1273420" lon="-4.0058830">
    <ele>482.7</ele>
    <time>2026-09-19T11:03:59Z</time>
   </trkpt>
   <trkpt lat="43.1273390" lon="-4.0058800">
    <ele>482.7</ele>
    <time>2026-09-19T11:04:00Z</time>
   </trkpt>
   <trkpt lat="43.1273440" lon="-4.0058940">
    <ele>482.8</ele>
    <time>2026-09-19T11:04:01Z</time>
   </trkpt>
   <trkpt lat="43.1273410" lon="-4.0059010">
    <ele>482.9</ele>
    <time>2026-09-19T11:04:02Z</time>
   </trkpt>
   <trkpt lat="43.1273400" lon="-4.0059080">
    <ele>482.9</ele>
    <time>2026-09-19T11:04:03Z</time>
   </trkpt>
   <trkpt lat="43.1273410" lon="-4.0059090">
    <ele>483.0</ele>
    <time>2026-09-19T11:04:04Z</time>
   </trkpt>
   <trkpt lat="43.1273440" lon="-4.0059090">
    <ele>483.0</ele>
    <time>2026-09-19T11:04:05Z</time>
   </trkpt>
   <trkpt lat="43.1273480" lon="-4.0059100">
    <ele>483.0</ele>
    <time>2026-09-19T11:04:06Z</time>
   </trkpt>
   <trkpt lat="43.1273500" lon="-4.0059110">
    <ele>483.0</ele>
    <time>2026-09-19T11:04:07Z</time>
   </trkpt>
   <trkpt lat="43.1273570" lon="-4.0059110">
    <ele>483.1</ele>
    <time>2026-09-19T11:04:08Z</time>
   </trkpt>
   <trkpt lat="43.1273620" lon="-4.0059090">
    <ele>483.1</ele>
    <time>2026-09-19T11:04:09Z</time>
   </trkpt>
   <trkpt lat="43.1273620" lon="-4.0059090">
    <ele>483.1</ele>
    <time>2026-09-19T11:04:10Z</time>
   </trkpt>
   <trkpt lat="43.1273620" lon="-4.0059060">
    <ele>483.1</ele>
    <time>2026-09-19T11:04:11Z</time>
   </trkpt>
   <trkpt lat="43.1273620" lon="-4.0059060">
    <ele>483.1</ele>
    <time>2026-09-19T11:04:12Z</time>
   </trkpt>
   <trkpt lat="43.1273600" lon="-4.0059040">
    <ele>483.2</ele>
    <time>2026-09-19T11:04:13Z</time>
   </trkpt>
   <trkpt lat="43.1273610" lon="-4.0059050">
    <ele>483.2</ele>
    <time>2026-09-19T11:04:14Z</time>
   </trkpt>
   <trkpt lat="43.1273830" lon="-4.0058590">
    <ele>483.1</ele>
    <time>2026-09-19T11:04:51Z</time>
   </trkpt>
   <trkpt lat="43.1273980" lon="-4.0058800">
    <ele>482.8</ele>
    <time>2026-09-19T11:04:52Z</time>
   </trkpt>
   <trkpt lat="43.1274220" lon="-4.0059220">
    <ele>482.3</ele>
    <time>2026-09-19T11:04:53Z</time>
   </trkpt>
   <trkpt lat="43.1274510" lon="-4.0059670">
    <ele>481.7</ele>
    <time>2026-09-19T11:04:54Z</time>
   </trkpt>
   <trkpt lat="43.1274950" lon="-4.0060040">
    <ele>480.8</ele>
    <time>2026-09-19T11:04:55Z</time>
   </trkpt>
   <trkpt lat="43.1275550" lon="-4.0060410">
    <ele>479.8</ele>
    <time>2026-09-19T11:04:56Z</time>
   </trkpt>
   <trkpt lat="43.1276250" lon="-4.0060760">
    <ele>478.6</ele>
    <time>2026-09-19T11:04:57Z</time>
   </trkpt>
   <trkpt lat="43.1276900" lon="-4.0061110">
    <ele>477.7</ele>
    <time>2026-09-19T11:04:58Z</time>
   </trkpt>
   <trkpt lat="43.1277420" lon="-4.0061500">
    <ele>477.0</ele>
    <time>2026-09-19T11:04:59Z</time>
   </trkpt>
   <trkpt lat="43.1277820" lon="-4.0062030">
    <ele>476.4</ele>
    <time>2026-09-19T11:05:00Z</time>
   </trkpt>
   <trkpt lat="43.1277990" lon="-4.0062670">
    <ele>475.9</ele>
    <time>2026-09-19T11:05:01Z</time>
   </trkpt>
   <trkpt lat="43.1277960" lon="-4.0063340">
    <ele>475.4</ele>
    <time>2026-09-19T11:05:02Z</time>
   </trkpt>
   <trkpt lat="43.1277930" lon="-4.0064340">
    <ele>475.5</ele>
    <time>2026-09-19T11:05:03Z</time>
   </trkpt>
   <trkpt lat="43.1278020" lon="-4.0065470">
    <ele>476.1</ele>
    <time>2026-09-19T11:05:04Z</time>
   </trkpt>
   <trkpt lat="43.1278250" lon="-4.0066580">
    <ele>476.7</ele>
    <time>2026-09-19T11:05:05Z</time>
   </trkpt>
   <trkpt lat="43.1278660" lon="-4.0067670">
    <ele>477.5</ele>
    <time>2026-09-19T11:05:06Z</time>
   </trkpt>
   <trkpt lat="43.1279100" lon="-4.0068620">
    <ele>478.3</ele>
    <time>2026-09-19T11:05:07Z</time>
   </trkpt>
   <trkpt lat="43.1279570" lon="-4.0069460">
    <ele>479.0</ele>
    <time>2026-09-19T11:05:08Z</time>
   </trkpt>
   <trkpt lat="43.1279990" lon="-4.0070280">
    <ele>479.7</ele>
    <time>2026-09-19T11:05:09Z</time>
   </trkpt>
   <trkpt lat="43.1280370" lon="-4.0071160">
    <ele>480.4</ele>
    <time>2026-09-19T11:05:10Z</time>
   </trkpt>
   <trkpt lat="43.1280750" lon="-4.0072060">
    <ele>481.1</ele>
    <time>2026-09-19T11:05:11Z</time>
   </trkpt>
   <trkpt lat="43.1281150" lon="-4.0072960">
    <ele>481.7</ele>
    <time>2026-09-19T11:05:12Z</time>
   </trkpt>
   <trkpt lat="43.1281640" lon="-4.0073780">
    <ele>482.4</ele>
    <time>2026-09-19T11:05:13Z</time>
   </trkpt>
   <trkpt lat="43.1282180" lon="-4.0074590">
    <ele>483.0</ele>
    <time>2026-09-19T11:05:14Z</time>
   </trkpt>
   <trkpt lat="43.1282780" lon="-4.0075290">
    <ele>483.6</ele>
    <time>2026-09-19T11:05:15Z</time>
   </trkpt>
   <trkpt lat="43.1283330" lon="-4.0075890">
    <ele>484.1</ele>
    <time>2026-09-19T11:05:16Z</time>
   </trkpt>
   <trkpt lat="43.1283830" lon="-4.0076370">
    <ele>484.5</ele>
    <time>2026-09-19T11:05:17Z</time>
   </trkpt>
   <trkpt lat="43.1284350" lon="-4.0076690">
    <ele>484.9</ele>
    <time>2026-09-19T11:05:18Z</time>
   </trkpt>
   <trkpt lat="43.1284800" lon="-4.0076800">
    <ele>485.2</ele>
    <time>2026-09-19T11:05:19Z</time>
   </trkpt>
   <trkpt lat="43.1285150" lon="-4.0076640">
    <ele>485.6</ele>
    <time>2026-09-19T11:05:20Z</time>
   </trkpt>
   <trkpt lat="43.1285290" lon="-4.0076230">
    <ele>486.0</ele>
    <time>2026-09-19T11:05:21Z</time>
   </trkpt>
   <trkpt lat="43.1285230" lon="-4.0075680">
    <ele>486.6</ele>
    <time>2026-09-19T11:05:22Z</time>
   </trkpt>
   <trkpt lat="43.1285080" lon="-4.0075030">
    <ele>487.2</ele>
    <time>2026-09-19T11:05:23Z</time>
   </trkpt>
   <trkpt lat="43.1284800" lon="-4.0074430">
    <ele>487.9</ele>
    <time>2026-09-19T11:05:24Z</time>
   </trkpt>
   <trkpt lat="43.1284550" lon="-4.0073820">
    <ele>488.6</ele>
    <time>2026-09-19T11:05:25Z</time>
   </trkpt>
   <trkpt lat="43.1284330" lon="-4.0073150">
    <ele>489.3</ele>
    <time>2026-09-19T11:05:26Z</time>
   </trkpt>
   <trkpt lat="43.1284170" lon="-4.0072490">
    <ele>490.0</ele>
    <time>2026-09-19T11:05:27Z</time>
   </trkpt>
   <trkpt lat="43.1284120" lon="-4.0071820">
    <ele>490.6</ele>
    <time>2026-09-19T11:05:28Z</time>
   </trkpt>
   <trkpt lat="43.1284140" lon="-4.0070970">
    <ele>491.4</ele>
    <time>2026-09-19T11:05:29Z</time>
   </trkpt>
   <trkpt lat="43.1284260" lon="-4.0070150">
    <ele>492.2</ele>
    <time>2026-09-19T11:05:30Z</time>
   </trkpt>
   <trkpt lat="43.1284480" lon="-4.0069360">
    <ele>493.1</ele>
    <time>2026-09-19T11:05:31Z</time>
   </trkpt>
   <trkpt lat="43.1284700" lon="-4.0068590">
    <ele>493.8</ele>
    <time>2026-09-19T11:05:32Z</time>
   </trkpt>
   <trkpt lat="43.1284950" lon="-4.0067790">
    <ele>494.7</ele>
    <time>2026-09-19T11:05:33Z</time>
   </trkpt>
   <trkpt lat="43.1285190" lon="-4.0066960">
    <ele>495.5</ele>
    <time>2026-09-19T11:05:34Z</time>
   </trkpt>
   <trkpt lat="43.1285440" lon="-4.0066180">
    <ele>496.4</ele>
    <time>2026-09-19T11:05:35Z</time>
   </trkpt>
   <trkpt lat="43.1285740" lon="-4.0065390">
    <ele>497.2</ele>
    <time>2026-09-19T11:05:36Z</time>
   </trkpt>
   <trkpt lat="43.1286010" lon="-4.0064670">
    <ele>498.0</ele>
    <time>2026-09-19T11:05:37Z</time>
   </trkpt>
   <trkpt lat="43.1286270" lon="-4.0063930">
    <ele>498.8</ele>
    <time>2026-09-19T11:05:38Z</time>
   </trkpt>
   <trkpt lat="43.1286560" lon="-4.0063040">
    <ele>499.7</ele>
    <time>2026-09-19T11:05:39Z</time>
   </trkpt>
   <trkpt lat="43.1286960" lon="-4.0061980">
    <ele>500.9</ele>
    <time>2026-09-19T11:05:40Z</time>
   </trkpt>
   <trkpt lat="43.1287320" lon="-4.0060930">
    <ele>502.0</ele>
    <time>2026-09-19T11:05:41Z</time>
   </trkpt>
   <trkpt lat="43.1287630" lon="-4.0059860">
    <ele>503.1</ele>
    <time>2026-09-19T11:05:42Z</time>
   </trkpt>
   <trkpt lat="43.1287930" lon="-4.0058670">
    <ele>504.3</ele>
    <time>2026-09-19T11:05:43Z</time>
   </trkpt>
   <trkpt lat="43.1288210" lon="-4.0057480">
    <ele>505.5</ele>
    <time>2026-09-19T11:05:44Z</time>
   </trkpt>
   <trkpt lat="43.1288550" lon="-4.0056320">
    <ele>506.7</ele>
    <time>2026-09-19T11:05:45Z</time>
   </trkpt>
   <trkpt lat="43.1288780" lon="-4.0055230">
    <ele>507.8</ele>
    <time>2026-09-19T11:05:46Z</time>
   </trkpt>
   <trkpt lat="43.1288970" lon="-4.0054240">
    <ele>508.8</ele>
    <time>2026-09-19T11:05:47Z</time>
   </trkpt>
   <trkpt lat="43.1289150" lon="-4.0053230">
    <ele>509.8</ele>
    <time>2026-09-19T11:05:48Z</time>
   </trkpt>
   <trkpt lat="43.1289240" lon="-4.0052150">
    <ele>510.9</ele>
    <time>2026-09-19T11:05:49Z</time>
   </trkpt>
   <trkpt lat="43.1289240" lon="-4.0051040">
    <ele>511.9</ele>
    <time>2026-09-19T11:05:50Z</time>
   </trkpt>
   <trkpt lat="43.1289120" lon="-4.0050000">
    <ele>512.9</ele>
    <time>2026-09-19T11:05:51Z</time>
   </trkpt>
   <trkpt lat="43.1289000" lon="-4.0048980">
    <ele>513.9</ele>
    <time>2026-09-19T11:05:52Z</time>
   </trkpt>
   <trkpt lat="43.1288820" lon="-4.0048020">
    <ele>514.9</ele>
    <time>2026-09-19T11:05:53Z</time>
   </trkpt>
   <trkpt lat="43.1288670" lon="-4.0047040">
    <ele>515.8</ele>
    <time>2026-09-19T11:05:54Z</time>
   </trkpt>
   <trkpt lat="43.1288480" lon="-4.0045960">
    <ele>516.9</ele>
    <time>2026-09-19T11:05:55Z</time>
   </trkpt>
   <trkpt lat="43.1288280" lon="-4.0044920">
    <ele>518.0</ele>
    <time>2026-09-19T11:05:56Z</time>
   </trkpt>
   <trkpt lat="43.1288090" lon="-4.0043870">
    <ele>519.0</ele>
    <time>2026-09-19T11:05:57Z</time>
   </trkpt>
   <trkpt lat="43.1287880" lon="-4.0042890">
    <ele>520.0</ele>
    <time>2026-09-19T11:05:58Z</time>
   </trkpt>
   <trkpt lat="43.1287700" lon="-4.0041880">
    <ele>521.0</ele>
    <time>2026-09-19T11:05:59Z</time>
   </trkpt>
   <trkpt lat="43.1287470" lon="-4.0040880">
    <ele>522.0</ele>
    <time>2026-09-19T11:06:00Z</time>
   </trkpt>
   <trkpt lat="43.1287280" lon="-4.0039890">
    <ele>523.0</ele>
    <time>2026-09-19T11:06:01Z</time>
   </trkpt>
   <trkpt lat="43.1287080" lon="-4.0038920">
    <ele>523.9</ele>
    <time>2026-09-19T11:06:02Z</time>
   </trkpt>
   <trkpt lat="43.1286900" lon="-4.0037940">
    <ele>524.9</ele>
    <time>2026-09-19T11:06:03Z</time>
   </trkpt>
   <trkpt lat="43.1286690" lon="-4.0036910">
    <ele>525.9</ele>
    <time>2026-09-19T11:06:04Z</time>
   </trkpt>
   <trkpt lat="43.1286420" lon="-4.0035970">
    <ele>526.9</ele>
    <time>2026-09-19T11:06:05Z</time>
   </trkpt>
   <trkpt lat="43.1286240" lon="-4.0035070">
    <ele>527.8</ele>
    <time>2026-09-19T11:06:06Z</time>
   </trkpt>
   <trkpt lat="43.1286110" lon="-4.0034110">
    <ele>528.8</ele>
    <time>2026-09-19T11:06:07Z</time>
   </trkpt>
   <trkpt lat="43.1286030" lon="-4.0033090">
    <ele>529.7</ele>
    <time>2026-09-19T11:06:08Z</time>
   </trkpt>
   <trkpt lat="43.1285900" lon="-4.0032050">
    <ele>530.8</ele>
    <time>2026-09-19T11:06:09Z</time>
   </trkpt>
   <trkpt lat="43.1285780" lon="-4.0030920">
    <ele>531.9</ele>
    <time>2026-09-19T11:06:10Z</time>
   </trkpt>
   <trkpt lat="43.1285680" lon="-4.0029810">
    <ele>532.9</ele>
    <time>2026-09-19T11:06:11Z</time>
   </trkpt>
   <trkpt lat="43.1285580" lon="-4.0028710">
    <ele>534.0</ele>
    <time>2026-09-19T11:06:12Z</time>
   </trkpt>
   <trkpt lat="43.1285480" lon="-4.0027640">
    <ele>535.0</ele>
    <time>2026-09-19T11:06:13Z</time>
   </trkpt>
   <trkpt lat="43.1285360" lon="-4.0026570">
    <ele>536.1</ele>
    <time>2026-09-19T11:06:14Z</time>
   </trkpt>
   <trkpt lat="43.1285290" lon="-4.0025560">
    <ele>537.1</ele>
    <time>2026-09-19T11:06:15Z</time>
   </trkpt>
   <trkpt lat="43.1285300" lon="-4.0024530">
    <ele>538.1</ele>
    <time>2026-09-19T11:06:16Z</time>
   </trkpt>
   <trkpt lat="43.1285340" lon="-4.0023520">
    <ele>539.0</ele>
    <time>2026-09-19T11:06:17Z</time>
   </trkpt>
   <trkpt lat="43.1285340" lon="-4.0022530">
    <ele>540.0</ele>
    <time>2026-09-19T11:06:18Z</time>
   </trkpt>
   <trkpt lat="43.1285400" lon="-4.0021530">
    <ele>541.0</ele>
    <time>2026-09-19T11:06:19Z</time>
   </trkpt>
   <trkpt lat="43.1285460" lon="-4.0020540">
    <ele>541.9</ele>
    <time>2026-09-19T11:06:20Z</time>
   </trkpt>
   <trkpt lat="43.1285500" lon="-4.0019610">
    <ele>542.8</ele>
    <time>2026-09-19T11:06:21Z</time>
   </trkpt>
   <trkpt lat="43.1285500" lon="-4.0018860">
    <ele>543.5</ele>
    <time>2026-09-19T11:06:22Z</time>
   </trkpt>
   <trkpt lat="43.1285530" lon="-4.0018380">
    <ele>544.0</ele>
    <time>2026-09-19T11:06:23Z</time>
   </trkpt>
   <trkpt lat="43.1285700" lon="-4.0018110">
    <ele>544.6</ele>
    <time>2026-09-19T11:06:24Z</time>
   </trkpt>
   <trkpt lat="43.1285880" lon="-4.0018170">
    <ele>544.5</ele>
    <time>2026-09-19T11:06:25Z</time>
   </trkpt>
   <trkpt lat="43.1286040" lon="-4.0018460">
    <ele>544.5</ele>
    <time>2026-09-19T11:06:26Z</time>
   </trkpt>
   <trkpt lat="43.1286250" lon="-4.0018890">
    <ele>544.4</ele>
    <time>2026-09-19T11:06:27Z</time>
   </trkpt>
   <trkpt lat="43.1286610" lon="-4.0019410">
    <ele>544.2</ele>
    <time>2026-09-19T11:06:28Z</time>
   </trkpt>
   <trkpt lat="43.1286970" lon="-4.0019510">
    <ele>544.0</ele>
    <time>2026-09-19T11:06:29Z</time>
   </trkpt>
   <trkpt lat="43.1287230" lon="-4.0019340">
    <ele>545.2</ele>
    <time>2026-09-19T11:06:30Z</time>
   </trkpt>
   <trkpt lat="43.1287360" lon="-4.0019080">
    <ele>545.2</ele>
    <time>2026-09-19T11:06:31Z</time>
   </trkpt>
   <trkpt lat="43.1287460" lon="-4.0018630">
    <ele>546.4</ele>
    <time>2026-09-19T11:06:32Z</time>
   </trkpt>
   <trkpt lat="43.1287510" lon="-4.0018140">
    <ele>547.2</ele>
    <time>2026-09-19T11:06:33Z</time>
   </trkpt>
   <trkpt lat="43.1287590" lon="-4.0017450">
    <ele>548.5</ele>
    <time>2026-09-19T11:06:34Z</time>
   </trkpt>
   <trkpt lat="43.1287700" lon="-4.0016790">
    <ele>549.9</ele>
    <time>2026-09-19T11:06:35Z</time>
   </trkpt>
   <trkpt lat="43.1287790" lon="-4.0016020">
    <ele>551.1</ele>
    <time>2026-09-19T11:06:36Z</time>
   </trkpt>
   <trkpt lat="43.1287750" lon="-4.0015120">
    <ele>553.1</ele>
    <time>2026-09-19T11:06:37Z</time>
   </trkpt>
   <trkpt lat="43.1287640" lon="-4.0014240">
    <ele>553.9</ele>
    <time>2026-09-19T11:06:38Z</time>
   </trkpt>
   <trkpt lat="43.1287540" lon="-4.0013340">
    <ele>555.1</ele>
    <time>2026-09-19T11:06:39Z</time>
   </trkpt>
   <trkpt lat="43.1287540" lon="-4.0012600">
    <ele>555.7</ele>
    <time>2026-09-19T11:06:40Z</time>
   </trkpt>
   <trkpt lat="43.1287530" lon="-4.0012060">
    <ele>556.8</ele>
    <time>2026-09-19T11:06:41Z</time>
   </trkpt>
   <trkpt lat="43.1287510" lon="-4.0011640">
    <ele>557.3</ele>
    <time>2026-09-19T11:06:42Z</time>
   </trkpt>
   <trkpt lat="43.1287540" lon="-4.0011550">
    <ele>557.3</ele>
    <time>2026-09-19T11:06:43Z</time>
   </trkpt>
   <trkpt lat="43.1287430" lon="-4.0011490">
    <ele>557.3</ele>
    <time>2026-09-19T11:06:44Z</time>
   </trkpt>
   <trkpt lat="43.1287410" lon="-4.0011530">
    <ele>557.3</ele>
    <time>2026-09-19T11:06:45Z</time>
   </trkpt>
   <trkpt lat="43.1287420" lon="-4.0011580">
    <ele>557.3</ele>
    <time>2026-09-19T11:06:46Z</time>
   </trkpt>
   <trkpt lat="43.1287490" lon="-4.0011570">
    <ele>557.3</ele>
    <time>2026-09-19T11:06:47Z</time>
   </trkpt>
   <trkpt lat="43.1287580" lon="-4.0011520">
    <ele>557.3</ele>
    <time>2026-09-19T11:06:48Z</time>
   </trkpt>
   <trkpt lat="43.1287650" lon="-4.0011490">
    <ele>557.3</ele>
    <time>2026-09-19T11:06:49Z</time>
   </trkpt>
   <trkpt lat="43.1287760" lon="-4.0011430">
    <ele>558.0</ele>
    <time>2026-09-19T11:06:50Z</time>
   </trkpt>
   <trkpt lat="43.1287950" lon="-4.0011290">
    <ele>558.0</ele>
    <time>2026-09-19T11:06:51Z</time>
   </trkpt>
   <trkpt lat="43.1288250" lon="-4.0011200">
    <ele>559.2</ele>
    <time>2026-09-19T11:06:52Z</time>
   </trkpt>
   <trkpt lat="43.1288650" lon="-4.0011080">
    <ele>560.6</ele>
    <time>2026-09-19T11:06:53Z</time>
   </trkpt>
   <trkpt lat="43.1289050" lon="-4.0010900">
    <ele>561.3</ele>
    <time>2026-09-19T11:06:54Z</time>
   </trkpt>
   <trkpt lat="43.1289570" lon="-4.0010660">
    <ele>562.6</ele>
    <time>2026-09-19T11:06:55Z</time>
   </trkpt>
   <trkpt lat="43.1290100" lon="-4.0010470">
    <ele>563.9</ele>
    <time>2026-09-19T11:06:56Z</time>
   </trkpt>
   <trkpt lat="43.1290600" lon="-4.0010360">
    <ele>565.7</ele>
    <time>2026-09-19T11:06:57Z</time>
   </trkpt>
   <trkpt lat="43.1291050" lon="-4.0010120">
    <ele>566.3</ele>
    <time>2026-09-19T11:06:58Z</time>
   </trkpt>
   <trkpt lat="43.1291340" lon="-4.0009670">
    <ele>567.6</ele>
    <time>2026-09-19T11:06:59Z</time>
   </trkpt>
   <trkpt lat="43.1291450" lon="-4.0009130">
    <ele>568.2</ele>
    <time>2026-09-19T11:07:00Z</time>
   </trkpt>
   <trkpt lat="43.1291230" lon="-4.0008620">
    <ele>569.4</ele>
    <time>2026-09-19T11:07:01Z</time>
   </trkpt>
   <trkpt lat="43.1290990" lon="-4.0008050">
    <ele>569.3</ele>
    <time>2026-09-19T11:07:02Z</time>
   </trkpt>
   <trkpt lat="43.1290910" lon="-4.0007530">
    <ele>569.9</ele>
    <time>2026-09-19T11:07:03Z</time>
   </trkpt>
   <trkpt lat="43.1291020" lon="-4.0007180">
    <ele>570.5</ele>
    <time>2026-09-19T11:07:04Z</time>
   </trkpt>
   <trkpt lat="43.1291180" lon="-4.0006710">
    <ele>571.7</ele>
    <time>2026-09-19T11:07:05Z</time>
   </trkpt>
   <trkpt lat="43.1291380" lon="-4.0006210">
    <ele>572.3</ele>
    <time>2026-09-19T11:07:06Z</time>
   </trkpt>
   <trkpt lat="43.1291500" lon="-4.0005650">
    <ele>574.3</ele>
    <time>2026-09-19T11:07:07Z</time>
   </trkpt>
   <trkpt lat="43.1291600" lon="-4.0005090">
    <ele>574.9</ele>
    <time>2026-09-19T11:07:08Z</time>
   </trkpt>
   <trkpt lat="43.1291790" lon="-4.0004560">
    <ele>576.3</ele>
    <time>2026-09-19T11:07:09Z</time>
   </trkpt>
   <trkpt lat="43.1292070" lon="-4.0004030">
    <ele>576.8</ele>
    <time>2026-09-19T11:07:10Z</time>
   </trkpt>
   <trkpt lat="43.1292380" lon="-4.0003470">
    <ele>578.6</ele>
    <time>2026-09-19T11:07:11Z</time>
   </trkpt>
   <trkpt lat="43.1292690" lon="-4.0002930">
    <ele>579.8</ele>
    <time>2026-09-19T11:07:12Z</time>
   </trkpt>
   <trkpt lat="43.1292960" lon="-4.0002480">
    <ele>580.9</ele>
    <time>2026-09-19T11:07:13Z</time>
   </trkpt>
   <trkpt lat="43.1293280" lon="-4.0001920">
    <ele>582.0</ele>
    <time>2026-09-19T11:07:14Z</time>
   </trkpt>
   <trkpt lat="43.1293550" lon="-4.0001340">
    <ele>583.8</ele>
    <time>2026-09-19T11:07:15Z</time>
   </trkpt>
   <trkpt lat="43.1293780" lon="-4.0000970">
    <ele>584.4</ele>
    <time>2026-09-19T11:07:16Z</time>
   </trkpt>
   <trkpt lat="43.1294010" lon="-4.0000790">
    <ele>585.7</ele>
    <time>2026-09-19T11:07:17Z</time>
   </trkpt>
   <trkpt lat="43.1294290" lon="-4.0000690">
    <ele>586.4</ele>
    <time>2026-09-19T11:07:18Z</time>
   </trkpt>
   <trkpt lat="43.1294610" lon="-4.0000710">
    <ele>587.1</ele>
    <time>2026-09-19T11:07:19Z</time>
   </trkpt>
   <trkpt lat="43.1295000" lon="-4.0000680">
    <ele>587.8</ele>
    <time>2026-09-19T11:07:20Z</time>
   </trkpt>
   <trkpt lat="43.1295170" lon="-4.0000600">
    <ele>587.8</ele>
    <time>2026-09-19T11:07:21Z</time>
   </trkpt>
   <trkpt lat="43.1295280" lon="-4.0000390">
    <ele>589.0</ele>
    <time>2026-09-19T11:07:22Z</time>
   </trkpt>
   <trkpt lat="43.1295340" lon="-4.0000090">
    <ele>589.6</ele>
    <time>2026-09-19T11:07:23Z</time>
   </trkpt>
   <trkpt lat="43.1295610" lon="-3.9999590">
    <ele>590.7</ele>
    <time>2026-09-19T11:07:24Z</time>
   </trkpt>
   <trkpt lat="43.1295780" lon="-3.9999080">
    <ele>591.3</ele>
    <time>2026-09-19T11:07:25Z</time>
   </trkpt>
   <trkpt lat="43.1296030" lon="-3.9998560">
    <ele>592.5</ele>
    <time>2026-09-19T11:07:26Z</time>
   </trkpt>
   <trkpt lat="43.1296340" lon="-3.9998030">
    <ele>593.7</ele>
    <time>2026-09-19T11:07:27Z</time>
   </trkpt>
   <trkpt lat="43.1296640" lon="-3.9997530">
    <ele>595.1</ele>
    <time>2026-09-19T11:07:28Z</time>
   </trkpt>
   <trkpt lat="43.1296940" lon="-3.9997050">
    <ele>597.3</ele>
    <time>2026-09-19T11:07:29Z</time>
   </trkpt>
   <trkpt lat="43.1297110" lon="-3.9996590">
    <ele>598.7</ele>
    <time>2026-09-19T11:07:30Z</time>
   </trkpt>
   <trkpt lat="43.1297360" lon="-3.9996260">
    <ele>598.7</ele>
    <time>2026-09-19T11:07:31Z</time>
   </trkpt>
   <trkpt lat="43.1297610" lon="-3.9996020">
    <ele>600.2</ele>
    <time>2026-09-19T11:07:32Z</time>
   </trkpt>
   <trkpt lat="43.1297790" lon="-3.9995930">
    <ele>600.9</ele>
    <time>2026-09-19T11:07:33Z</time>
   </trkpt>
   <trkpt lat="43.1298010" lon="-3.9995910">
    <ele>600.9</ele>
    <time>2026-09-19T11:07:34Z</time>
   </trkpt>
   <trkpt lat="43.1298220" lon="-3.9995970">
    <ele>601.6</ele>
    <time>2026-09-19T11:07:35Z</time>
   </trkpt>
   <trkpt lat="43.1298460" lon="-3.9996010">
    <ele>602.3</ele>
    <time>2026-09-19T11:07:36Z</time>
   </trkpt>
   <trkpt lat="43.1298460" lon="-3.9996010">
    <ele>602.3</ele>
    <time>2026-09-19T11:07:37Z</time>
   </trkpt>
   <trkpt lat="43.1298460" lon="-3.9996010">
    <ele>602.3</ele>
    <time>2026-09-19T11:07:38Z</time>
   </trkpt>
   <trkpt lat="43.1298460" lon="-3.9996010">
    <ele>602.3</ele>
    <time>2026-09-19T11:07:39Z</time>
   </trkpt>
   <trkpt lat="43.1298460" lon="-3.9996010">
    <ele>602.3</ele>
    <time>2026-09-19T11:07:40Z</time>
   </trkpt>
   <trkpt lat="43.1298580" lon="-3.9996290">
    <ele>601.5</ele>
    <time>2026-09-19T11:07:41Z</time>
   </trkpt>
   <trkpt lat="43.1298580" lon="-3.9996290">
    <ele>601.5</ele>
    <time>2026-09-19T11:07:42Z</time>
   </trkpt>
   <trkpt lat="43.1298580" lon="-3.9996290">
    <ele>601.5</ele>
    <time>2026-09-19T11:07:43Z</time>
   </trkpt>
   <trkpt lat="43.1298580" lon="-3.9996290">
    <ele>601.5</ele>
    <time>2026-09-19T11:07:44Z</time>
   </trkpt>
   <trkpt lat="43.1298680" lon="-3.9996530">
    <ele>602.2</ele>
    <time>2026-09-19T11:07:45Z</time>
   </trkpt>
   <trkpt lat="43.1298780" lon="-3.9996780">
    <ele>601.5</ele>
    <time>2026-09-19T11:07:46Z</time>
   </trkpt>
   <trkpt lat="43.1298890" lon="-3.9997030">
    <ele>601.5</ele>
    <time>2026-09-19T11:07:47Z</time>
   </trkpt>
   <trkpt lat="43.1298890" lon="-3.9997060">
    <ele>601.5</ele>
    <time>2026-09-19T11:07:48Z</time>
   </trkpt>
   <trkpt lat="43.1298900" lon="-3.9996950">
    <ele>601.5</ele>
    <time>2026-09-19T11:07:49Z</time>
   </trkpt>
   <trkpt lat="43.1298860" lon="-3.9997020">
    <ele>601.5</ele>
    <time>2026-09-19T11:07:50Z</time>
   </trkpt>
   <trkpt lat="43.1298840" lon="-3.9997150">
    <ele>600.8</ele>
    <time>2026-09-19T11:07:51Z</time>
   </trkpt>
   <trkpt lat="43.1298900" lon="-3.9997090">
    <ele>601.5</ele>
    <time>2026-09-19T11:07:52Z</time>
   </trkpt>
   <trkpt lat="43.1298850" lon="-3.9997090">
    <ele>601.5</ele>
    <time>2026-09-19T11:07:53Z</time>
   </trkpt>
   <trkpt lat="43.1298780" lon="-3.9996960">
    <ele>601.5</ele>
    <time>2026-09-19T11:07:54Z</time>
   </trkpt>
   <trkpt lat="43.1298750" lon="-3.9996920">
    <ele>601.5</ele>
    <time>2026-09-19T11:07:55Z</time>
   </trkpt>
   <trkpt lat="43.1298710" lon="-3.9996960">
    <ele>601.5</ele>
    <time>2026-09-19T11:07:56Z</time>
   </trkpt>
   <trkpt lat="43.1298810" lon="-3.9997190">
    <ele>600.8</ele>
    <time>2026-09-19T11:07:57Z</time>
   </trkpt>
   <trkpt lat="43.1298890" lon="-3.9997220">
    <ele>600.8</ele>
    <time>2026-09-19T11:07:58Z</time>
   </trkpt>
   <trkpt lat="43.1298870" lon="-3.9997180">
    <ele>600.8</ele>
    <time>2026-09-19T11:07:59Z</time>
   </trkpt>
   <trkpt lat="43.1298850" lon="-3.9997140">
    <ele>600.8</ele>
    <time>2026-09-19T11:08:00Z</time>
   </trkpt>
   <trkpt lat="43.1298860" lon="-3.9997140">
    <ele>600.8</ele>
    <time>2026-09-19T11:08:01Z</time>
   </trkpt>
   <trkpt lat="43.1298870" lon="-3.9997070">
    <ele>601.5</ele>
    <time>2026-09-19T11:08:02Z</time>
   </trkpt>
   <trkpt lat="43.1298780" lon="-3.9997000">
    <ele>601.5</ele>
    <time>2026-09-19T11:08:03Z</time>
   </trkpt>
   <trkpt lat="43.1298770" lon="-3.9996940">
    <ele>601.5</ele>
    <time>2026-09-19T11:08:04Z</time>
   </trkpt>
   <trkpt lat="43.1298750" lon="-3.9996880">
    <ele>601.5</ele>
    <time>2026-09-19T11:08:05Z</time>
   </trkpt>
   <trkpt lat="43.1298720" lon="-3.9996860">
    <ele>601.5</ele>
    <time>2026-09-19T11:08:06Z</time>
   </trkpt>
   <trkpt lat="43.1298670" lon="-3.9996930">
    <ele>601.5</ele>
    <time>2026-09-19T11:08:07Z</time>
   </trkpt>
   <trkpt lat="43.1298680" lon="-3.9996840">
    <ele>601.5</ele>
    <time>2026-09-19T11:08:08Z</time>
   </trkpt>
   <trkpt lat="43.1298610" lon="-3.9996790">
    <ele>600.8</ele>
    <time>2026-09-19T11:08:09Z</time>
   </trkpt>
   <trkpt lat="43.1298670" lon="-3.9996770">
    <ele>601.5</ele>
    <time>2026-09-19T11:08:10Z</time>
   </trkpt>
   <trkpt lat="43.1298760" lon="-3.9996680">
    <ele>601.5</ele>
    <time>2026-09-19T11:08:11Z</time>
   </trkpt>
   <trkpt lat="43.1298880" lon="-3.9996810">
    <ele>601.5</ele>
    <time>2026-09-19T11:08:12Z</time>
   </trkpt>
   <trkpt lat="43.1298910" lon="-3.9996870">
    <ele>601.5</ele>
    <time>2026-09-19T11:08:13Z</time>
   </trkpt>
   <trkpt lat="43.1298890" lon="-3.9996890">
    <ele>601.5</ele>
    <time>2026-09-19T11:08:14Z</time>
   </trkpt>
   <trkpt lat="43.1298870" lon="-3.9996880">
    <ele>601.5</ele>
    <time>2026-09-19T11:08:15Z</time>
   </trkpt>
   <trkpt lat="43.1298840" lon="-3.9996890">
    <ele>601.5</ele>
    <time>2026-09-19T11:08:16Z</time>
   </trkpt>
   <trkpt lat="43.1298800" lon="-3.9996790">
    <ele>601.5</ele>
    <time>2026-09-19T11:08:17Z</time>
   </trkpt>
   <trkpt lat="43.1298780" lon="-3.9996740">
    <ele>601.5</ele>
    <time>2026-09-19T11:08:18Z</time>
   </trkpt>
   <trkpt lat="43.1298740" lon="-3.9996730">
    <ele>601.5</ele>
    <time>2026-09-19T11:08:19Z</time>
   </trkpt>
   <trkpt lat="43.1298720" lon="-3.9996720">
    <ele>601.5</ele>
    <time>2026-09-19T11:08:20Z</time>
   </trkpt>
   <trkpt lat="43.1298710" lon="-3.9996710">
    <ele>601.5</ele>
    <time>2026-09-19T11:08:21Z</time>
   </trkpt>
   <trkpt lat="43.1298690" lon="-3.9996700">
    <ele>601.5</ele>
    <time>2026-09-19T11:08:22Z</time>
   </trkpt>
   <trkpt lat="43.1298680" lon="-3.9996690">
    <ele>601.5</ele>
    <time>2026-09-19T11:08:23Z</time>
   </trkpt>
   <trkpt lat="43.1298680" lon="-3.9996690">
    <ele>601.5</ele>
    <time>2026-09-19T11:08:24Z</time>
   </trkpt>
   <trkpt lat="43.1298680" lon="-3.9996690">
    <ele>601.5</ele>
    <time>2026-09-19T11:08:25Z</time>
   </trkpt>
   <trkpt lat="43.1298680" lon="-3.9996690">
    <ele>601.5</ele>
    <time>2026-09-19T11:08:26Z</time>
   </trkpt>
   <trkpt lat="43.1298680" lon="-3.9996690">
    <ele>601.5</ele>
    <time>2026-09-19T11:08:27Z</time>
   </trkpt>
   <trkpt lat="43.1298130" lon="-3.9996460">
    <ele>600.9</ele>
    <time>2026-09-19T11:09:03Z</time>
   </trkpt>
   <trkpt lat="43.1298070" lon="-3.9996410">
    <ele>600.9</ele>
    <time>2026-09-19T11:09:04Z</time>
   </trkpt>
   <trkpt lat="43.1298040" lon="-3.9996410">
    <ele>600.9</ele>
    <time>2026-09-19T11:09:05Z</time>
   </trkpt>
   <trkpt lat="43.1298060" lon="-3.9996460">
    <ele>600.9</ele>
    <time>2026-09-19T11:09:06Z</time>
   </trkpt>
   <trkpt lat="43.1298140" lon="-3.9996610">
    <ele>600.9</ele>
    <time>2026-09-19T11:09:07Z</time>
   </trkpt>
   <trkpt lat="43.1298240" lon="-3.9996630">
    <ele>600.9</ele>
    <time>2026-09-19T11:09:08Z</time>
   </trkpt>
   <trkpt lat="43.1298390" lon="-3.9996810">
    <ele>600.8</ele>
    <time>2026-09-19T11:09:09Z</time>
   </trkpt>
   <trkpt lat="43.1298540" lon="-3.9996790">
    <ele>600.8</ele>
    <time>2026-09-19T11:09:10Z</time>
   </trkpt>
   <trkpt lat="43.1298670" lon="-3.9996900">
    <ele>601.5</ele>
    <time>2026-09-19T11:09:11Z</time>
   </trkpt>
   <trkpt lat="43.1298800" lon="-3.9997150">
    <ele>600.8</ele>
    <time>2026-09-19T11:09:12Z</time>
   </trkpt>
   <trkpt lat="43.1298820" lon="-3.9997200">
    <ele>600.8</ele>
    <time>2026-09-19T11:09:13Z</time>
   </trkpt>
   <trkpt lat="43.1298780" lon="-3.9997250">
    <ele>600.8</ele>
    <time>2026-09-19T11:09:14Z</time>
   </trkpt>
   <trkpt lat="43.1298760" lon="-3.9997240">
    <ele>600.8</ele>
    <time>2026-09-19T11:09:15Z</time>
   </trkpt>
   <trkpt lat="43.1298700" lon="-3.9997340">
    <ele>600.8</ele>
    <time>2026-09-19T11:09:16Z</time>
   </trkpt>
   <trkpt lat="43.1298660" lon="-3.9997400">
    <ele>600.1</ele>
    <time>2026-09-19T11:09:17Z</time>
   </trkpt>
   <trkpt lat="43.1298650" lon="-3.9997460">
    <ele>600.1</ele>
    <time>2026-09-19T11:09:18Z</time>
   </trkpt>
   <trkpt lat="43.1298630" lon="-3.9997460">
    <ele>600.1</ele>
    <time>2026-09-19T11:09:19Z</time>
   </trkpt>
   <trkpt lat="43.1298590" lon="-3.9997490">
    <ele>600.1</ele>
    <time>2026-09-19T11:09:20Z</time>
   </trkpt>
   <trkpt lat="43.1298560" lon="-3.9997560">
    <ele>599.4</ele>
    <time>2026-09-19T11:09:21Z</time>
   </trkpt>
   <trkpt lat="43.1298510" lon="-3.9997620">
    <ele>599.4</ele>
    <time>2026-09-19T11:09:22Z</time>
   </trkpt>
   <trkpt lat="43.1298540" lon="-3.9997610">
    <ele>599.4</ele>
    <time>2026-09-19T11:09:23Z</time>
   </trkpt>
   <trkpt lat="43.1298550" lon="-3.9997580">
    <ele>599.4</ele>
    <time>2026-09-19T11:09:24Z</time>
   </trkpt>
   <trkpt lat="43.1298700" lon="-3.9997440">
    <ele>600.8</ele>
    <time>2026-09-19T11:09:25Z</time>
   </trkpt>
   <trkpt lat="43.1298800" lon="-3.9997210">
    <ele>600.8</ele>
    <time>2026-09-19T11:09:26Z</time>
   </trkpt>
   <trkpt lat="43.1298770" lon="-3.9997100">
    <ele>601.5</ele>
    <time>2026-09-19T11:09:27Z</time>
   </trkpt>
   <trkpt lat="43.1298740" lon="-3.9996950">
    <ele>601.5</ele>
    <time>2026-09-19T11:09:28Z</time>
   </trkpt>
   <trkpt lat="43.1298640" lon="-3.9996880">
    <ele>600.8</ele>
    <time>2026-09-19T11:09:29Z</time>
   </trkpt>
   <trkpt lat="43.1298690" lon="-3.9996990">
    <ele>601.5</ele>
    <time>2026-09-19T11:09:30Z</time>
   </trkpt>
   <trkpt lat="43.1298780" lon="-3.9997030">
    <ele>601.5</ele>
    <time>2026-09-19T11:09:31Z</time>
   </trkpt>
   <trkpt lat="43.1298830" lon="-3.9997040">
    <ele>601.5</ele>
    <time>2026-09-19T11:09:32Z</time>
   </trkpt>
   <trkpt lat="43.1298840" lon="-3.9997010">
    <ele>601.5</ele>
    <time>2026-09-19T11:09:33Z</time>
   </trkpt>
   <trkpt lat="43.1298810" lon="-3.9996990">
    <ele>601.5</ele>
    <time>2026-09-19T11:09:34Z</time>
   </trkpt>
   <trkpt lat="43.1298770" lon="-3.9996970">
    <ele>601.5</ele>
    <time>2026-09-19T11:09:35Z</time>
   </trkpt>
   <trkpt lat="43.1298800" lon="-3.9996970">
    <ele>601.5</ele>
    <time>2026-09-19T11:09:36Z</time>
   </trkpt>
   <trkpt lat="43.1298770" lon="-3.9996960">
    <ele>601.5</ele>
    <time>2026-09-19T11:09:37Z</time>
   </trkpt>
   <trkpt lat="43.1298750" lon="-3.9996930">
    <ele>601.5</ele>
    <time>2026-09-19T11:09:38Z</time>
   </trkpt>
   <trkpt lat="43.1298790" lon="-3.9996860">
    <ele>601.5</ele>
    <time>2026-09-19T11:09:39Z</time>
   </trkpt>
   <trkpt lat="43.1298830" lon="-3.9996790">
    <ele>601.5</ele>
    <time>2026-09-19T11:09:40Z</time>
   </trkpt>
   <trkpt lat="43.1299220" lon="-3.9996990">
    <ele>602.3</ele>
    <time>2026-09-19T11:10:06Z</time>
   </trkpt>
   <trkpt lat="43.1299420" lon="-3.9997050">
    <ele>603.0</ele>
    <time>2026-09-19T11:10:07Z</time>
   </trkpt>
   <trkpt lat="43.1299530" lon="-3.9996840">
    <ele>603.0</ele>
    <time>2026-09-19T11:10:08Z</time>
   </trkpt>
   <trkpt lat="43.1299540" lon="-3.9996330">
    <ele>603.8</ele>
    <time>2026-09-19T11:10:09Z</time>
   </trkpt>
   <trkpt lat="43.1299500" lon="-3.9995990">
    <ele>604.5</ele>
    <time>2026-09-19T11:10:10Z</time>
   </trkpt>
   <trkpt lat="43.1299460" lon="-3.9995740">
    <ele>605.2</ele>
    <time>2026-09-19T11:10:11Z</time>
   </trkpt>
   <trkpt lat="43.1299440" lon="-3.9995580">
    <ele>605.2</ele>
    <time>2026-09-19T11:10:12Z</time>
   </trkpt>
   <trkpt lat="43.1299420" lon="-3.9995480">
    <ele>605.2</ele>
    <time>2026-09-19T11:10:13Z</time>
   </trkpt>
   <trkpt lat="43.1299390" lon="-3.9995490">
    <ele>605.2</ele>
    <time>2026-09-19T11:10:14Z</time>
   </trkpt>
   <trkpt lat="43.1299330" lon="-3.9995490">
    <ele>605.2</ele>
    <time>2026-09-19T11:10:15Z</time>
   </trkpt>
   <trkpt lat="43.1299310" lon="-3.9995380">
    <ele>605.8</ele>
    <time>2026-09-19T11:10:16Z</time>
   </trkpt>
   <trkpt lat="43.1299320" lon="-3.9995350">
    <ele>605.8</ele>
    <time>2026-09-19T11:10:17Z</time>
   </trkpt>
   <trkpt lat="43.1299270" lon="-3.9995380">
    <ele>605.1</ele>
    <time>2026-09-19T11:10:18Z</time>
   </trkpt>
   <trkpt lat="43.1299290" lon="-3.9995470">
    <ele>604.4</ele>
    <time>2026-09-19T11:10:19Z</time>
   </trkpt>
   <trkpt lat="43.1299330" lon="-3.9995520">
    <ele>605.2</ele>
    <time>2026-09-19T11:10:20Z</time>
   </trkpt>
   <trkpt lat="43.1299370" lon="-3.9995530">
    <ele>605.2</ele>
    <time>2026-09-19T11:10:21Z</time>
   </trkpt>
   <trkpt lat="43.1299440" lon="-3.9995570">
    <ele>605.2</ele>
    <time>2026-09-19T11:10:22Z</time>
   </trkpt>
   <trkpt lat="43.1299510" lon="-3.9995500">
    <ele>605.2</ele>
    <time>2026-09-19T11:10:23Z</time>
   </trkpt>
   <trkpt lat="43.1299540" lon="-3.9995410">
    <ele>605.2</ele>
    <time>2026-09-19T11:10:24Z</time>
   </trkpt>
   <trkpt lat="43.1299490" lon="-3.9995390">
    <ele>605.2</ele>
    <time>2026-09-19T11:10:25Z</time>
   </trkpt>
   <trkpt lat="43.1299440" lon="-3.9995320">
    <ele>605.8</ele>
    <time>2026-09-19T11:10:26Z</time>
   </trkpt>
   <trkpt lat="43.1299360" lon="-3.9995460">
    <ele>605.2</ele>
    <time>2026-09-19T11:10:27Z</time>
   </trkpt>
   <trkpt lat="43.1299250" lon="-3.9995540">
    <ele>604.4</ele>
    <time>2026-09-19T11:10:28Z</time>
   </trkpt>
   <trkpt lat="43.1299240" lon="-3.9995510">
    <ele>604.4</ele>
    <time>2026-09-19T11:10:29Z</time>
   </trkpt>
   <trkpt lat="43.1299330" lon="-3.9995390">
    <ele>605.2</ele>
    <time>2026-09-19T11:10:30Z</time>
   </trkpt>
   <trkpt lat="43.1299440" lon="-3.9995200">
    <ele>605.8</ele>
    <time>2026-09-19T11:10:31Z</time>
   </trkpt>
   <trkpt lat="43.1299740" lon="-3.9995100">
    <ele>606.6</ele>
    <time>2026-09-19T11:10:32Z</time>
   </trkpt>
   <trkpt lat="43.1300060" lon="-3.9995090">
    <ele>607.4</ele>
    <time>2026-09-19T11:10:33Z</time>
   </trkpt>
   <trkpt lat="43.1300320" lon="-3.9994970">
    <ele>608.3</ele>
    <time>2026-09-19T11:10:34Z</time>
   </trkpt>
   <trkpt lat="43.1300620" lon="-3.9994680">
    <ele>609.7</ele>
    <time>2026-09-19T11:10:35Z</time>
   </trkpt>
   <trkpt lat="43.1300770" lon="-3.9994320">
    <ele>610.4</ele>
    <time>2026-09-19T11:10:36Z</time>
   </trkpt>
   <trkpt lat="43.1300960" lon="-3.9993990">
    <ele>611.9</ele>
    <time>2026-09-19T11:10:37Z</time>
   </trkpt>
   <trkpt lat="43.1300960" lon="-3.9993950">
    <ele>611.9</ele>
    <time>2026-09-19T11:10:38Z</time>
   </trkpt>
   <trkpt lat="43.1300960" lon="-3.9994080">
    <ele>611.9</ele>
    <time>2026-09-19T11:10:39Z</time>
   </trkpt>
   <trkpt lat="43.1300890" lon="-3.9994110">
    <ele>611.2</ele>
    <time>2026-09-19T11:10:40Z</time>
   </trkpt>
   <trkpt lat="43.1300820" lon="-3.9994050">
    <ele>611.0</ele>
    <time>2026-09-19T11:10:41Z</time>
   </trkpt>
   <trkpt lat="43.1300830" lon="-3.9994030">
    <ele>611.0</ele>
    <time>2026-09-19T11:10:42Z</time>
   </trkpt>
   <trkpt lat="43.1300950" lon="-3.9994030">
    <ele>611.9</ele>
    <time>2026-09-19T11:10:43Z</time>
   </trkpt>
   <trkpt lat="43.1300960" lon="-3.9994130">
    <ele>611.2</ele>
    <time>2026-09-19T11:10:44Z</time>
   </trkpt>
   <trkpt lat="43.1300950" lon="-3.9994240">
    <ele>611.2</ele>
    <time>2026-09-19T11:10:45Z</time>
   </trkpt>
   <trkpt lat="43.1300960" lon="-3.9994220">
    <ele>611.2</ele>
    <time>2026-09-19T11:10:46Z</time>
   </trkpt>
   <trkpt lat="43.1300860" lon="-3.9994250">
    <ele>611.2</ele>
    <time>2026-09-19T11:10:47Z</time>
   </trkpt>
   <trkpt lat="43.1300820" lon="-3.9994330">
    <ele>610.4</ele>
    <time>2026-09-19T11:10:48Z</time>
   </trkpt>
   <trkpt lat="43.1300740" lon="-3.9994380">
    <ele>610.4</ele>
    <time>2026-09-19T11:10:49Z</time>
   </trkpt>
   <trkpt lat="43.1300790" lon="-3.9994260">
    <ele>610.4</ele>
    <time>2026-09-19T11:10:50Z</time>
   </trkpt>
   <trkpt lat="43.1300850" lon="-3.9994210">
    <ele>610.4</ele>
    <time>2026-09-19T11:10:51Z</time>
   </trkpt>
   <trkpt lat="43.1300850" lon="-3.9994190">
    <ele>610.4</ele>
    <time>2026-09-19T11:10:52Z</time>
   </trkpt>
   <trkpt lat="43.1300880" lon="-3.9994170">
    <ele>611.2</ele>
    <time>2026-09-19T11:10:53Z</time>
   </trkpt>
   <trkpt lat="43.1300890" lon="-3.9994130">
    <ele>611.2</ele>
    <time>2026-09-19T11:10:54Z</time>
   </trkpt>
   <trkpt lat="43.1300890" lon="-3.9994120">
    <ele>611.2</ele>
    <time>2026-09-19T11:10:55Z</time>
   </trkpt>
   <trkpt lat="43.1300890" lon="-3.9994120">
    <ele>611.2</ele>
    <time>2026-09-19T11:10:56Z</time>
   </trkpt>
   <trkpt lat="43.1300890" lon="-3.9994120">
    <ele>611.2</ele>
    <time>2026-09-19T11:10:57Z</time>
   </trkpt>
   <trkpt lat="43.1300890" lon="-3.9994110">
    <ele>611.2</ele>
    <time>2026-09-19T11:10:58Z</time>
   </trkpt>
   <trkpt lat="43.1300890" lon="-3.9994110">
    <ele>611.2</ele>
    <time>2026-09-19T11:10:59Z</time>
   </trkpt>
   <trkpt lat="43.1300910" lon="-3.9993990">
    <ele>611.9</ele>
    <time>2026-09-19T11:11:00Z</time>
   </trkpt>
   <trkpt lat="43.1300950" lon="-3.9993810">
    <ele>611.9</ele>
    <time>2026-09-19T11:11:01Z</time>
   </trkpt>
   <trkpt lat="43.1300960" lon="-3.9993660">
    <ele>612.5</ele>
    <time>2026-09-19T11:11:02Z</time>
   </trkpt>
   <trkpt lat="43.1300970" lon="-3.9993600">
    <ele>612.5</ele>
    <time>2026-09-19T11:11:03Z</time>
   </trkpt>
   <trkpt lat="43.1300920" lon="-3.9993710">
    <ele>611.9</ele>
    <time>2026-09-19T11:11:04Z</time>
   </trkpt>
   <trkpt lat="43.1300980" lon="-3.9993670">
    <ele>611.9</ele>
    <time>2026-09-19T11:11:05Z</time>
   </trkpt>
   <trkpt lat="43.1300960" lon="-3.9993590">
    <ele>612.5</ele>
    <time>2026-09-19T11:11:06Z</time>
   </trkpt>
   <trkpt lat="43.1300990" lon="-3.9993610">
    <ele>612.5</ele>
    <time>2026-09-19T11:11:07Z</time>
   </trkpt>
   <trkpt lat="43.1300970" lon="-3.9993620">
    <ele>612.5</ele>
    <time>2026-09-19T11:11:08Z</time>
   </trkpt>
   <trkpt lat="43.1300990" lon="-3.9993650">
    <ele>612.5</ele>
    <time>2026-09-19T11:11:09Z</time>
   </trkpt>
   <trkpt lat="43.1301000" lon="-3.9993650">
    <ele>612.5</ele>
    <time>2026-09-19T11:11:10Z</time>
   </trkpt>
   <trkpt lat="43.1301000" lon="-3.9993600">
    <ele>612.5</ele>
    <time>2026-09-19T11:11:11Z</time>
   </trkpt>
   <trkpt lat="43.1300960" lon="-3.9993490">
    <ele>612.5</ele>
    <time>2026-09-19T11:11:12Z</time>
   </trkpt>
   <trkpt lat="43.1300920" lon="-3.9993390">
    <ele>612.5</ele>
    <time>2026-09-19T11:11:13Z</time>
   </trkpt>
   <trkpt lat="43.1300950" lon="-3.9993410">
    <ele>612.5</ele>
    <time>2026-09-19T11:11:14Z</time>
   </trkpt>
   <trkpt lat="43.1301040" lon="-3.9993340">
    <ele>612.5</ele>
    <time>2026-09-19T11:11:15Z</time>
   </trkpt>
   <trkpt lat="43.1301120" lon="-3.9993090">
    <ele>613.2</ele>
    <time>2026-09-19T11:11:16Z</time>
   </trkpt>
   <trkpt lat="43.1301130" lon="-3.9993050">
    <ele>613.2</ele>
    <time>2026-09-19T11:11:17Z</time>
   </trkpt>
   <trkpt lat="43.1301150" lon="-3.9993080">
    <ele>613.2</ele>
    <time>2026-09-19T11:11:18Z</time>
   </trkpt>
   <trkpt lat="43.1301210" lon="-3.9993110">
    <ele>614.0</ele>
    <time>2026-09-19T11:11:19Z</time>
   </trkpt>
   <trkpt lat="43.1301220" lon="-3.9993110">
    <ele>614.0</ele>
    <time>2026-09-19T11:11:20Z</time>
   </trkpt>
   <trkpt lat="43.1301260" lon="-3.9993110">
    <ele>614.0</ele>
    <time>2026-09-19T11:11:21Z</time>
   </trkpt>
   <trkpt lat="43.1301250" lon="-3.9993110">
    <ele>614.0</ele>
    <time>2026-09-19T11:11:22Z</time>
   </trkpt>
   <trkpt lat="43.1301250" lon="-3.9993120">
    <ele>614.0</ele>
    <time>2026-09-19T11:11:23Z</time>
   </trkpt>
   <trkpt lat="43.1301240" lon="-3.9993120">
    <ele>614.0</ele>
    <time>2026-09-19T11:11:24Z</time>
   </trkpt>
   <trkpt lat="43.1301220" lon="-3.9993100">
    <ele>614.0</ele>
    <time>2026-09-19T11:11:25Z</time>
   </trkpt>
   <trkpt lat="43.1301220" lon="-3.9993100">
    <ele>614.0</ele>
    <time>2026-09-19T11:11:26Z</time>
   </trkpt>
   <trkpt lat="43.1301210" lon="-3.9993090">
    <ele>614.0</ele>
    <time>2026-09-19T11:11:27Z</time>
   </trkpt>
   <trkpt lat="43.1301200" lon="-3.9993100">
    <ele>614.0</ele>
    <time>2026-09-19T11:11:28Z</time>
   </trkpt>
   <trkpt lat="43.1301200" lon="-3.9993080">
    <ele>614.0</ele>
    <time>2026-09-19T11:11:29Z</time>
   </trkpt>
   <trkpt lat="43.1301260" lon="-3.9992730">
    <ele>614.7</ele>
    <time>2026-09-19T11:11:48Z</time>
   </trkpt>
   <trkpt lat="43.1301380" lon="-3.9992720">
    <ele>614.7</ele>
    <time>2026-09-19T11:11:49Z</time>
   </trkpt>
   <trkpt lat="43.1301380" lon="-3.9992760">
    <ele>614.7</ele>
    <time>2026-09-19T11:11:50Z</time>
   </trkpt>
   <trkpt lat="43.1301310" lon="-3.9992760">
    <ele>614.7</ele>
    <time>2026-09-19T11:11:51Z</time>
   </trkpt>
   <trkpt lat="43.1301380" lon="-3.9992910">
    <ele>614.0</ele>
    <time>2026-09-19T11:11:52Z</time>
   </trkpt>
   <trkpt lat="43.1301270" lon="-3.9993040">
    <ele>614.0</ele>
    <time>2026-09-19T11:11:53Z</time>
   </trkpt>
   <trkpt lat="43.1301310" lon="-3.9993090">
    <ele>614.0</ele>
    <time>2026-09-19T11:11:54Z</time>
   </trkpt>
   <trkpt lat="43.1301260" lon="-3.9993200">
    <ele>614.0</ele>
    <time>2026-09-19T11:11:55Z</time>
   </trkpt>
   <trkpt lat="43.1301330" lon="-3.9993260">
    <ele>613.4</ele>
    <time>2026-09-19T11:11:56Z</time>
   </trkpt>
   <trkpt lat="43.1301420" lon="-3.9993270">
    <ele>613.4</ele>
    <time>2026-09-19T11:11:57Z</time>
   </trkpt>
   <trkpt lat="43.1301430" lon="-3.9993240">
    <ele>613.4</ele>
    <time>2026-09-19T11:11:58Z</time>
   </trkpt>
   <trkpt lat="43.1301380" lon="-3.9993220">
    <ele>614.0</ele>
    <time>2026-09-19T11:11:59Z</time>
   </trkpt>
   <trkpt lat="43.1301370" lon="-3.9993110">
    <ele>614.0</ele>
    <time>2026-09-19T11:12:00Z</time>
   </trkpt>
   <trkpt lat="43.1301420" lon="-3.9992960">
    <ele>614.0</ele>
    <time>2026-09-19T11:12:01Z</time>
   </trkpt>
   <trkpt lat="43.1301460" lon="-3.9992960">
    <ele>614.0</ele>
    <time>2026-09-19T11:12:02Z</time>
   </trkpt>
   <trkpt lat="43.1301360" lon="-3.9992930">
    <ele>614.0</ele>
    <time>2026-09-19T11:12:03Z</time>
   </trkpt>
   <trkpt lat="43.1301270" lon="-3.9992940">
    <ele>614.0</ele>
    <time>2026-09-19T11:12:04Z</time>
   </trkpt>
   <trkpt lat="43.1301190" lon="-3.9992990">
    <ele>614.0</ele>
    <time>2026-09-19T11:12:05Z</time>
   </trkpt>
   <trkpt lat="43.1301110" lon="-3.9993140">
    <ele>613.2</ele>
    <time>2026-09-19T11:12:06Z</time>
   </trkpt>
   <trkpt lat="43.1301130" lon="-3.9993290">
    <ele>612.5</ele>
    <time>2026-09-19T11:12:07Z</time>
   </trkpt>
   <trkpt lat="43.1301190" lon="-3.9993360">
    <ele>613.4</ele>
    <time>2026-09-19T11:12:08Z</time>
   </trkpt>
   <trkpt lat="43.1301160" lon="-3.9993250">
    <ele>612.5</ele>
    <time>2026-09-19T11:12:09Z</time>
   </trkpt>
   <trkpt lat="43.1301280" lon="-3.9993190">
    <ele>614.0</ele>
    <time>2026-09-19T11:12:10Z</time>
   </trkpt>
   <trkpt lat="43.1301290" lon="-3.9993090">
    <ele>614.0</ele>
    <time>2026-09-19T11:12:11Z</time>
   </trkpt>
   <trkpt lat="43.1301360" lon="-3.9993150">
    <ele>614.0</ele>
    <time>2026-09-19T11:12:12Z</time>
   </trkpt>
   <trkpt lat="43.1301230" lon="-3.9993240">
    <ele>613.4</ele>
    <time>2026-09-19T11:12:13Z</time>
   </trkpt>
   <trkpt lat="43.1301140" lon="-3.9993380">
    <ele>612.5</ele>
    <time>2026-09-19T11:12:14Z</time>
   </trkpt>
   <trkpt lat="43.1301060" lon="-3.9993460">
    <ele>612.5</ele>
    <time>2026-09-19T11:12:15Z</time>
   </trkpt>
   <trkpt lat="43.1301010" lon="-3.9993540">
    <ele>612.5</ele>
    <time>2026-09-19T11:12:16Z</time>
   </trkpt>
   <trkpt lat="43.1301180" lon="-3.9993600">
    <ele>613.4</ele>
    <time>2026-09-19T11:12:17Z</time>
   </trkpt>
   <trkpt lat="43.1301190" lon="-3.9993340">
    <ele>613.4</ele>
    <time>2026-09-19T11:12:18Z</time>
   </trkpt>
   <trkpt lat="43.1301240" lon="-3.9993380">
    <ele>613.4</ele>
    <time>2026-09-19T11:12:19Z</time>
   </trkpt>
   <trkpt lat="43.1301270" lon="-3.9993390">
    <ele>613.4</ele>
    <time>2026-09-19T11:12:20Z</time>
   </trkpt>
   <trkpt lat="43.1301260" lon="-3.9993290">
    <ele>613.4</ele>
    <time>2026-09-19T11:12:21Z</time>
   </trkpt>
   <trkpt lat="43.1301260" lon="-3.9993190">
    <ele>614.0</ele>
    <time>2026-09-19T11:12:22Z</time>
   </trkpt>
   <trkpt lat="43.1301350" lon="-3.9993160">
    <ele>614.0</ele>
    <time>2026-09-19T11:12:23Z</time>
   </trkpt>
   <trkpt lat="43.1301340" lon="-3.9993120">
    <ele>614.0</ele>
    <time>2026-09-19T11:12:24Z</time>
   </trkpt>
   <trkpt lat="43.1301180" lon="-3.9993070">
    <ele>614.0</ele>
    <time>2026-09-19T11:12:25Z</time>
   </trkpt>
   <trkpt lat="43.1301070" lon="-3.9993090">
    <ele>613.2</ele>
    <time>2026-09-19T11:12:26Z</time>
   </trkpt>
   <trkpt lat="43.1301020" lon="-3.9993150">
    <ele>613.2</ele>
    <time>2026-09-19T11:12:27Z</time>
   </trkpt>
   <trkpt lat="43.1301040" lon="-3.9993100">
    <ele>613.2</ele>
    <time>2026-09-19T11:12:28Z</time>
   </trkpt>
   <trkpt lat="43.1301080" lon="-3.9993100">
    <ele>613.2</ele>
    <time>2026-09-19T11:12:29Z</time>
   </trkpt>
   <trkpt lat="43.1301060" lon="-3.9993030">
    <ele>613.2</ele>
    <time>2026-09-19T11:12:30Z</time>
   </trkpt>
   <trkpt lat="43.1301020" lon="-3.9993020">
    <ele>613.2</ele>
    <time>2026-09-19T11:12:31Z</time>
   </trkpt>
   <trkpt lat="43.1301040" lon="-3.9993000">
    <ele>613.2</ele>
    <time>2026-09-19T11:12:32Z</time>
   </trkpt>
   <trkpt lat="43.1300990" lon="-3.9992980">
    <ele>613.2</ele>
    <time>2026-09-19T11:12:33Z</time>
   </trkpt>
   <trkpt lat="43.1301020" lon="-3.9992940">
    <ele>613.2</ele>
    <time>2026-09-19T11:12:34Z</time>
   </trkpt>
   <trkpt lat="43.1301020" lon="-3.9992930">
    <ele>613.2</ele>
    <time>2026-09-19T11:12:35Z</time>
   </trkpt>
   <trkpt lat="43.1300980" lon="-3.9992930">
    <ele>613.2</ele>
    <time>2026-09-19T11:12:36Z</time>
   </trkpt>
   <trkpt lat="43.1300930" lon="-3.9992860">
    <ele>613.2</ele>
    <time>2026-09-19T11:12:37Z</time>
   </trkpt>
   <trkpt lat="43.1300890" lon="-3.9992860">
    <ele>613.2</ele>
    <time>2026-09-19T11:12:38Z</time>
   </trkpt>
   <trkpt lat="43.1300900" lon="-3.9992760">
    <ele>613.9</ele>
    <time>2026-09-19T11:12:39Z</time>
   </trkpt>
   <trkpt lat="43.1300870" lon="-3.9992760">
    <ele>613.9</ele>
    <time>2026-09-19T11:12:40Z</time>
   </trkpt>
   <trkpt lat="43.1300930" lon="-3.9992850">
    <ele>613.2</ele>
    <time>2026-09-19T11:12:41Z</time>
   </trkpt>
   <trkpt lat="43.1301070" lon="-3.9992930">
    <ele>613.2</ele>
    <time>2026-09-19T11:12:42Z</time>
   </trkpt>
   <trkpt lat="43.1301160" lon="-3.9992880">
    <ele>613.2</ele>
    <time>2026-09-19T11:12:43Z</time>
   </trkpt>
   <trkpt lat="43.1301250" lon="-3.9992890">
    <ele>614.0</ele>
    <time>2026-09-19T11:12:44Z</time>
   </trkpt>
   <trkpt lat="43.1301080" lon="-3.9992810">
    <ele>613.2</ele>
    <time>2026-09-19T11:12:45Z</time>
   </trkpt>
   <trkpt lat="43.1300930" lon="-3.9992760">
    <ele>613.9</ele>
    <time>2026-09-19T11:12:46Z</time>
   </trkpt>
   <trkpt lat="43.1300910" lon="-3.9992780">
    <ele>613.9</ele>
    <time>2026-09-19T11:12:47Z</time>
   </trkpt>
   <trkpt lat="43.1300910" lon="-3.9992750">
    <ele>613.9</ele>
    <time>2026-09-19T11:12:48Z</time>
   </trkpt>
   <trkpt lat="43.1300930" lon="-3.9992670">
    <ele>613.9</ele>
    <time>2026-09-19T11:12:49Z</time>
   </trkpt>
   <trkpt lat="43.1301010" lon="-3.9992610">
    <ele>613.9</ele>
    <time>2026-09-19T11:12:50Z</time>
   </trkpt>
   <trkpt lat="43.1301060" lon="-3.9992530">
    <ele>613.9</ele>
    <time>2026-09-19T11:12:51Z</time>
   </trkpt>
   <trkpt lat="43.1301150" lon="-3.9992520">
    <ele>613.9</ele>
    <time>2026-09-19T11:12:52Z</time>
   </trkpt>
   <trkpt lat="43.1301160" lon="-3.9992530">
    <ele>613.9</ele>
    <time>2026-09-19T11:12:53Z</time>
   </trkpt>
   <trkpt lat="43.1301160" lon="-3.9992620">
    <ele>613.9</ele>
    <time>2026-09-19T11:12:54Z</time>
   </trkpt>
   <trkpt lat="43.1301180" lon="-3.9992590">
    <ele>614.8</ele>
    <time>2026-09-19T11:12:55Z</time>
   </trkpt>
   <trkpt lat="43.1301140" lon="-3.9992660">
    <ele>614.0</ele>
    <time>2026-09-19T11:12:56Z</time>
   </trkpt>
   <trkpt lat="43.1301240" lon="-3.9992800">
    <ele>614.8</ele>
    <time>2026-09-19T11:12:57Z</time>
   </trkpt>
   <trkpt lat="43.1301340" lon="-3.9992780">
    <ele>614.8</ele>
    <time>2026-09-19T11:12:58Z</time>
   </trkpt>
   <trkpt lat="43.1301290" lon="-3.9992750">
    <ele>614.8</ele>
    <time>2026-09-19T11:12:59Z</time>
   </trkpt>
   <trkpt lat="43.1301260" lon="-3.9992740">
    <ele>614.8</ele>
    <time>2026-09-19T11:13:00Z</time>
   </trkpt>
   <trkpt lat="43.1301240" lon="-3.9992780">
    <ele>614.8</ele>
    <time>2026-09-19T11:13:01Z</time>
   </trkpt>
   <trkpt lat="43.1301200" lon="-3.9992780">
    <ele>614.8</ele>
    <time>2026-09-19T11:13:02Z</time>
   </trkpt>
   <trkpt lat="43.1301160" lon="-3.9992740">
    <ele>614.0</ele>
    <time>2026-09-19T11:13:03Z</time>
   </trkpt>
   <trkpt lat="43.1301090" lon="-3.9992840">
    <ele>613.2</ele>
    <time>2026-09-19T11:13:04Z</time>
   </trkpt>
   <trkpt lat="43.1301170" lon="-3.9992820">
    <ele>613.2</ele>
    <time>2026-09-19T11:13:05Z</time>
   </trkpt>
   <trkpt lat="43.1301230" lon="-3.9992760">
    <ele>614.8</ele>
    <time>2026-09-19T11:13:06Z</time>
   </trkpt>
   <trkpt lat="43.1301290" lon="-3.9992710">
    <ele>614.8</ele>
    <time>2026-09-19T11:13:07Z</time>
   </trkpt>
   <trkpt lat="43.1301350" lon="-3.9992780">
    <ele>614.8</ele>
    <time>2026-09-19T11:13:08Z</time>
   </trkpt>
   <trkpt lat="43.1301470" lon="-3.9992840">
    <ele>614.1</ele>
    <time>2026-09-19T11:13:09Z</time>
   </trkpt>
   <trkpt lat="43.1301530" lon="-3.9992890">
    <ele>614.8</ele>
    <time>2026-09-19T11:13:10Z</time>
   </trkpt>
   <trkpt lat="43.1301550" lon="-3.9992960">
    <ele>614.8</ele>
    <time>2026-09-19T11:13:11Z</time>
   </trkpt>
   <trkpt lat="43.1301550" lon="-3.9992930">
    <ele>614.8</ele>
    <time>2026-09-19T11:13:12Z</time>
   </trkpt>
   <trkpt lat="43.1301510" lon="-3.9992890">
    <ele>614.8</ele>
    <time>2026-09-19T11:13:13Z</time>
   </trkpt>
   <trkpt lat="43.1301330" lon="-3.9992830">
    <ele>614.1</ele>
    <time>2026-09-19T11:13:14Z</time>
   </trkpt>
   <trkpt lat="43.1301280" lon="-3.9992860">
    <ele>614.1</ele>
    <time>2026-09-19T11:13:15Z</time>
   </trkpt>
   <trkpt lat="43.1301150" lon="-3.9992900">
    <ele>613.2</ele>
    <time>2026-09-19T11:13:16Z</time>
   </trkpt>
   <trkpt lat="43.1301050" lon="-3.9992820">
    <ele>613.2</ele>
    <time>2026-09-19T11:13:17Z</time>
   </trkpt>
   <trkpt lat="43.1300900" lon="-3.9992700">
    <ele>614.0</ele>
    <time>2026-09-19T11:13:18Z</time>
   </trkpt>
   <trkpt lat="43.1300850" lon="-3.9992650">
    <ele>613.1</ele>
    <time>2026-09-19T11:13:19Z</time>
   </trkpt>
   <trkpt lat="43.1300810" lon="-3.9992660">
    <ele>613.1</ele>
    <time>2026-09-19T11:13:20Z</time>
   </trkpt>
   <trkpt lat="43.1300820" lon="-3.9992740">
    <ele>613.1</ele>
    <time>2026-09-19T11:13:21Z</time>
   </trkpt>
   <trkpt lat="43.1300920" lon="-3.9992740">
    <ele>614.0</ele>
    <time>2026-09-19T11:13:22Z</time>
   </trkpt>
   <trkpt lat="43.1300880" lon="-3.9992800">
    <ele>614.0</ele>
    <time>2026-09-19T11:13:23Z</time>
   </trkpt>
   <trkpt lat="43.1300850" lon="-3.9992780">
    <ele>613.1</ele>
    <time>2026-09-19T11:13:24Z</time>
   </trkpt>
   <trkpt lat="43.1300910" lon="-3.9992840">
    <ele>613.2</ele>
    <time>2026-09-19T11:13:25Z</time>
   </trkpt>
   <trkpt lat="43.1301020" lon="-3.9992800">
    <ele>614.0</ele>
    <time>2026-09-19T11:13:26Z</time>
   </trkpt>
   <trkpt lat="43.1301050" lon="-3.9992710">
    <ele>614.0</ele>
    <time>2026-09-19T11:13:27Z</time>
   </trkpt>
   <trkpt lat="43.1301060" lon="-3.9992750">
    <ele>614.0</ele>
    <time>2026-09-19T11:13:28Z</time>
   </trkpt>
   <trkpt lat="43.1301110" lon="-3.9992650">
    <ele>614.0</ele>
    <time>2026-09-19T11:13:29Z</time>
   </trkpt>
   <trkpt lat="43.1301110" lon="-3.9992550">
    <ele>614.0</ele>
    <time>2026-09-19T11:13:30Z</time>
   </trkpt>
   <trkpt lat="43.1301120" lon="-3.9992630">
    <ele>614.0</ele>
    <time>2026-09-19T11:13:31Z</time>
   </trkpt>
   <trkpt lat="43.1301010" lon="-3.9992760">
    <ele>614.0</ele>
    <time>2026-09-19T11:13:32Z</time>
   </trkpt>
   <trkpt lat="43.1300950" lon="-3.9992860">
    <ele>613.3</ele>
    <time>2026-09-19T11:13:33Z</time>
   </trkpt>
   <trkpt lat="43.1300740" lon="-3.9992850">
    <ele>612.4</ele>
    <time>2026-09-19T11:13:34Z</time>
   </trkpt>
   <trkpt lat="43.1300540" lon="-3.9992920">
    <ele>611.6</ele>
    <time>2026-09-19T11:13:35Z</time>
   </trkpt>
   <trkpt lat="43.1300340" lon="-3.9992710">
    <ele>612.3</ele>
    <time>2026-09-19T11:13:36Z</time>
   </trkpt>
   <trkpt lat="43.1300280" lon="-3.9992500">
    <ele>612.3</ele>
    <time>2026-09-19T11:13:37Z</time>
   </trkpt>
   <trkpt lat="43.1300290" lon="-3.9992320">
    <ele>613.0</ele>
    <time>2026-09-19T11:13:38Z</time>
   </trkpt>
   <trkpt lat="43.1300320" lon="-3.9992080">
    <ele>613.0</ele>
    <time>2026-09-19T11:13:39Z</time>
   </trkpt>
   <trkpt lat="43.1300400" lon="-3.9991830">
    <ele>613.8</ele>
    <time>2026-09-19T11:13:40Z</time>
   </trkpt>
   <trkpt lat="43.1300410" lon="-3.9991680">
    <ele>613.8</ele>
    <time>2026-09-19T11:13:41Z</time>
   </trkpt>
   <trkpt lat="43.1300360" lon="-3.9991690">
    <ele>613.8</ele>
    <time>2026-09-19T11:13:42Z</time>
   </trkpt>
   <trkpt lat="43.1300270" lon="-3.9991840">
    <ele>613.8</ele>
    <time>2026-09-19T11:13:43Z</time>
   </trkpt>
   <trkpt lat="43.1300120" lon="-3.9991750">
    <ele>612.9</ele>
    <time>2026-09-19T11:13:44Z</time>
   </trkpt>
   <trkpt lat="43.1300000" lon="-3.9991670">
    <ele>612.9</ele>
    <time>2026-09-19T11:13:45Z</time>
   </trkpt>
   <trkpt lat="43.1299960" lon="-3.9991780">
    <ele>612.9</ele>
    <time>2026-09-19T11:13:46Z</time>
   </trkpt>
   <trkpt lat="43.1299890" lon="-3.9991730">
    <ele>612.1</ele>
    <time>2026-09-19T11:13:47Z</time>
   </trkpt>
   <trkpt lat="43.1299890" lon="-3.9991720">
    <ele>612.1</ele>
    <time>2026-09-19T11:13:48Z</time>
   </trkpt>
   <trkpt lat="43.1299890" lon="-3.9991690">
    <ele>612.1</ele>
    <time>2026-09-19T11:13:49Z</time>
   </trkpt>
   <trkpt lat="43.1299880" lon="-3.9991820">
    <ele>612.1</ele>
    <time>2026-09-19T11:13:50Z</time>
   </trkpt>
   <trkpt lat="43.1300030" lon="-3.9991850">
    <ele>612.9</ele>
    <time>2026-09-19T11:13:51Z</time>
   </trkpt>
   <trkpt lat="43.1300080" lon="-3.9991900">
    <ele>612.9</ele>
    <time>2026-09-19T11:13:52Z</time>
   </trkpt>
   <trkpt lat="43.1300190" lon="-3.9991760">
    <ele>612.9</ele>
    <time>2026-09-19T11:13:53Z</time>
   </trkpt>
   <trkpt lat="43.1300150" lon="-3.9991600">
    <ele>612.9</ele>
    <time>2026-09-19T11:13:54Z</time>
   </trkpt>
   <trkpt lat="43.1300120" lon="-3.9991590">
    <ele>612.9</ele>
    <time>2026-09-19T11:13:55Z</time>
   </trkpt>
   <trkpt lat="43.1300170" lon="-3.9991480">
    <ele>613.7</ele>
    <time>2026-09-19T11:13:56Z</time>
   </trkpt>
   <trkpt lat="43.1300110" lon="-3.9991500">
    <ele>613.7</ele>
    <time>2026-09-19T11:13:57Z</time>
   </trkpt>
   <trkpt lat="43.1300000" lon="-3.9991520">
    <ele>613.7</ele>
    <time>2026-09-19T11:13:58Z</time>
   </trkpt>
   <trkpt lat="43.1300010" lon="-3.9991540">
    <ele>612.9</ele>
    <time>2026-09-19T11:13:59Z</time>
   </trkpt>
   <trkpt lat="43.1300000" lon="-3.9991470">
    <ele>613.7</ele>
    <time>2026-09-19T11:14:00Z</time>
   </trkpt>
   <trkpt lat="43.1299930" lon="-3.9991590">
    <ele>612.9</ele>
    <time>2026-09-19T11:14:01Z</time>
   </trkpt>
   <trkpt lat="43.1299940" lon="-3.9991630">
    <ele>612.9</ele>
    <time>2026-09-19T11:14:02Z</time>
   </trkpt>
   <trkpt lat="43.1299960" lon="-3.9991500">
    <ele>613.7</ele>
    <time>2026-09-19T11:14:03Z</time>
   </trkpt>
   <trkpt lat="43.1299980" lon="-3.9991520">
    <ele>613.7</ele>
    <time>2026-09-19T11:14:04Z</time>
   </trkpt>
   <trkpt lat="43.1300050" lon="-3.9991560">
    <ele>612.9</ele>
    <time>2026-09-19T11:14:05Z</time>
   </trkpt>
   <trkpt lat="43.1299990" lon="-3.9991770">
    <ele>612.9</ele>
    <time>2026-09-19T11:14:06Z</time>
   </trkpt>
   <trkpt lat="43.1299930" lon="-3.9991840">
    <ele>612.9</ele>
    <time>2026-09-19T11:14:07Z</time>
   </trkpt>
   <trkpt lat="43.1299940" lon="-3.9992000">
    <ele>612.2</ele>
    <time>2026-09-19T11:14:08Z</time>
   </trkpt>
   <trkpt lat="43.1299920" lon="-3.9992030">
    <ele>612.2</ele>
    <time>2026-09-19T11:14:09Z</time>
   </trkpt>
   <trkpt lat="43.1299920" lon="-3.9991960">
    <ele>612.2</ele>
    <time>2026-09-19T11:14:10Z</time>
   </trkpt>
   <trkpt lat="43.1299940" lon="-3.9991890">
    <ele>612.9</ele>
    <time>2026-09-19T11:14:11Z</time>
   </trkpt>
   <trkpt lat="43.1299910" lon="-3.9991920">
    <ele>612.1</ele>
    <time>2026-09-19T11:14:12Z</time>
   </trkpt>
   <trkpt lat="43.1299940" lon="-3.9991880">
    <ele>612.9</ele>
    <time>2026-09-19T11:14:13Z</time>
   </trkpt>
   <trkpt lat="43.1300070" lon="-3.9991800">
    <ele>612.9</ele>
    <time>2026-09-19T11:14:14Z</time>
   </trkpt>
   <trkpt lat="43.1300160" lon="-3.9991620">
    <ele>612.9</ele>
    <time>2026-09-19T11:14:15Z</time>
   </trkpt>
   <trkpt lat="43.1300150" lon="-3.9991610">
    <ele>612.9</ele>
    <time>2026-09-19T11:14:16Z</time>
   </trkpt>
   <trkpt lat="43.1300100" lon="-3.9991720">
    <ele>612.9</ele>
    <time>2026-09-19T11:14:17Z</time>
   </trkpt>
   <trkpt lat="43.1300180" lon="-3.9991860">
    <ele>612.9</ele>
    <time>2026-09-19T11:14:18Z</time>
   </trkpt>
   <trkpt lat="43.1300190" lon="-3.9991800">
    <ele>612.9</ele>
    <time>2026-09-19T11:14:19Z</time>
   </trkpt>
   <trkpt lat="43.1300310" lon="-3.9991720">
    <ele>613.8</ele>
    <time>2026-09-19T11:14:20Z</time>
   </trkpt>
   <trkpt lat="43.1300190" lon="-3.9991800">
    <ele>612.9</ele>
    <time>2026-09-19T11:14:21Z</time>
   </trkpt>
   <trkpt lat="43.1300130" lon="-3.9991780">
    <ele>612.9</ele>
    <time>2026-09-19T11:14:22Z</time>
   </trkpt>
   <trkpt lat="43.1300150" lon="-3.9991640">
    <ele>612.9</ele>
    <time>2026-09-19T11:14:23Z</time>
   </trkpt>
   <trkpt lat="43.1300190" lon="-3.9991470">
    <ele>613.7</ele>
    <time>2026-09-19T11:14:24Z</time>
   </trkpt>
   <trkpt lat="43.1300130" lon="-3.9991430">
    <ele>613.7</ele>
    <time>2026-09-19T11:14:25Z</time>
   </trkpt>
   <trkpt lat="43.1300180" lon="-3.9991610">
    <ele>612.9</ele>
    <time>2026-09-19T11:14:26Z</time>
   </trkpt>
   <trkpt lat="43.1300150" lon="-3.9991630">
    <ele>612.9</ele>
    <time>2026-09-19T11:14:27Z</time>
   </trkpt>
   <trkpt lat="43.1300150" lon="-3.9991670">
    <ele>612.9</ele>
    <time>2026-09-19T11:14:28Z</time>
   </trkpt>
   <trkpt lat="43.1300180" lon="-3.9991650">
    <ele>612.9</ele>
    <time>2026-09-19T11:14:29Z</time>
   </trkpt>
   <trkpt lat="43.1300190" lon="-3.9991620">
    <ele>612.9</ele>
    <time>2026-09-19T11:14:30Z</time>
   </trkpt>
   <trkpt lat="43.1300220" lon="-3.9991650">
    <ele>612.9</ele>
    <time>2026-09-19T11:14:31Z</time>
   </trkpt>
   <trkpt lat="43.1300270" lon="-3.9991690">
    <ele>613.8</ele>
    <time>2026-09-19T11:14:32Z</time>
   </trkpt>
   <trkpt lat="43.1300250" lon="-3.9991690">
    <ele>613.8</ele>
    <time>2026-09-19T11:14:33Z</time>
   </trkpt>
   <trkpt lat="43.1300230" lon="-3.9991650">
    <ele>612.9</ele>
    <time>2026-09-19T11:14:34Z</time>
   </trkpt>
   <trkpt lat="43.1300240" lon="-3.9991640">
    <ele>613.8</ele>
    <time>2026-09-19T11:14:35Z</time>
   </trkpt>
   <trkpt lat="43.1300180" lon="-3.9991620">
    <ele>612.9</ele>
    <time>2026-09-19T11:14:36Z</time>
   </trkpt>
   <trkpt lat="43.1300450" lon="-3.9991500">
    <ele>614.5</ele>
    <time>2026-09-19T11:16:14Z</time>
   </trkpt>
   <trkpt lat="43.1300440" lon="-3.9991410">
    <ele>614.5</ele>
    <time>2026-09-19T11:16:15Z</time>
   </trkpt>
   <trkpt lat="43.1300400" lon="-3.9991350">
    <ele>614.5</ele>
    <time>2026-09-19T11:16:16Z</time>
   </trkpt>
   <trkpt lat="43.1300350" lon="-3.9991290">
    <ele>614.5</ele>
    <time>2026-09-19T11:16:17Z</time>
   </trkpt>
   <trkpt lat="43.1300360" lon="-3.9991230">
    <ele>614.5</ele>
    <time>2026-09-19T11:16:18Z</time>
   </trkpt>
   <trkpt lat="43.1300400" lon="-3.9991150">
    <ele>614.5</ele>
    <time>2026-09-19T11:16:19Z</time>
   </trkpt>
   <trkpt lat="43.1300470" lon="-3.9991060">
    <ele>615.2</ele>
    <time>2026-09-19T11:16:20Z</time>
   </trkpt>
   <trkpt lat="43.1300410" lon="-3.9991040">
    <ele>615.2</ele>
    <time>2026-09-19T11:16:21Z</time>
   </trkpt>
   <trkpt lat="43.1300400" lon="-3.9991000">
    <ele>615.2</ele>
    <time>2026-09-19T11:16:22Z</time>
   </trkpt>
   <trkpt lat="43.1300380" lon="-3.9990960">
    <ele>615.2</ele>
    <time>2026-09-19T11:16:23Z</time>
   </trkpt>
   <trkpt lat="43.1300370" lon="-3.9990920">
    <ele>615.2</ele>
    <time>2026-09-19T11:16:24Z</time>
   </trkpt>
   <trkpt lat="43.1300370" lon="-3.9990880">
    <ele>615.2</ele>
    <time>2026-09-19T11:16:25Z</time>
   </trkpt>
   <trkpt lat="43.1300370" lon="-3.9990820">
    <ele>615.2</ele>
    <time>2026-09-19T11:16:26Z</time>
   </trkpt>
   <trkpt lat="43.1300360" lon="-3.9990770">
    <ele>615.2</ele>
    <time>2026-09-19T11:16:27Z</time>
   </trkpt>
   <trkpt lat="43.1300340" lon="-3.9990730">
    <ele>615.2</ele>
    <time>2026-09-19T11:16:28Z</time>
   </trkpt>
   <trkpt lat="43.1300320" lon="-3.9990690">
    <ele>615.2</ele>
    <time>2026-09-19T11:16:29Z</time>
   </trkpt>
   <trkpt lat="43.1300320" lon="-3.9990690">
    <ele>615.2</ele>
    <time>2026-09-19T11:16:30Z</time>
   </trkpt>
   <trkpt lat="43.1300500" lon="-3.9988380">
    <ele>620.0</ele>
    <time>2026-09-19T11:16:51Z</time>
   </trkpt>
   <trkpt lat="43.1300560" lon="-3.9988120">
    <ele>620.9</ele>
    <time>2026-09-19T11:16:52Z</time>
   </trkpt>
   <trkpt lat="43.1300600" lon="-3.9987900">
    <ele>621.7</ele>
    <time>2026-09-19T11:16:53Z</time>
   </trkpt>
   <trkpt lat="43.1300620" lon="-3.9987690">
    <ele>621.7</ele>
    <time>2026-09-19T11:16:54Z</time>
   </trkpt>
   <trkpt lat="43.1300640" lon="-3.9987370">
    <ele>622.5</ele>
    <time>2026-09-19T11:16:55Z</time>
   </trkpt>
   <trkpt lat="43.1300680" lon="-3.9987210">
    <ele>623.3</ele>
    <time>2026-09-19T11:16:56Z</time>
   </trkpt>
   <trkpt lat="43.1300770" lon="-3.9986890">
    <ele>623.3</ele>
    <time>2026-09-19T11:16:57Z</time>
   </trkpt>
   <trkpt lat="43.1300870" lon="-3.9986770">
    <ele>625.0</ele>
    <time>2026-09-19T11:16:58Z</time>
   </trkpt>
   <trkpt lat="43.1300930" lon="-3.9986670">
    <ele>625.0</ele>
    <time>2026-09-19T11:16:59Z</time>
   </trkpt>
   <trkpt lat="43.1300890" lon="-3.9986560">
    <ele>625.0</ele>
    <time>2026-09-19T11:17:00Z</time>
   </trkpt>
   <trkpt lat="43.1300800" lon="-3.9986480">
    <ele>624.1</ele>
    <time>2026-09-19T11:17:01Z</time>
   </trkpt>
   <trkpt lat="43.1300780" lon="-3.9986430">
    <ele>624.1</ele>
    <time>2026-09-19T11:17:02Z</time>
   </trkpt>
   <trkpt lat="43.1300780" lon="-3.9986400">
    <ele>624.1</ele>
    <time>2026-09-19T11:17:03Z</time>
   </trkpt>
   <trkpt lat="43.1300770" lon="-3.9986360">
    <ele>624.9</ele>
    <time>2026-09-19T11:17:04Z</time>
   </trkpt>
   <trkpt lat="43.1300760" lon="-3.9986350">
    <ele>624.9</ele>
    <time>2026-09-19T11:17:05Z</time>
   </trkpt>
   <trkpt lat="43.1300750" lon="-3.9986330">
    <ele>624.9</ele>
    <time>2026-09-19T11:17:06Z</time>
   </trkpt>
   <trkpt lat="43.1300750" lon="-3.9986310">
    <ele>624.9</ele>
    <time>2026-09-19T11:17:07Z</time>
   </trkpt>
   <trkpt lat="43.1300750" lon="-3.9986310">
    <ele>624.9</ele>
    <time>2026-09-19T11:17:08Z</time>
   </trkpt>
   <trkpt lat="43.1300840" lon="-3.9986240">
    <ele>624.9</ele>
    <time>2026-09-19T11:17:09Z</time>
   </trkpt>
   <trkpt lat="43.1300950" lon="-3.9986190">
    <ele>625.8</ele>
    <time>2026-09-19T11:17:10Z</time>
   </trkpt>
   <trkpt lat="43.1301040" lon="-3.9986130">
    <ele>625.8</ele>
    <time>2026-09-19T11:17:11Z</time>
   </trkpt>
   <trkpt lat="43.1301110" lon="-3.9986080">
    <ele>625.8</ele>
    <time>2026-09-19T11:17:12Z</time>
   </trkpt>
   <trkpt lat="43.1301170" lon="-3.9986020">
    <ele>625.8</ele>
    <time>2026-09-19T11:17:13Z</time>
   </trkpt>
   <trkpt lat="43.1301210" lon="-3.9986030">
    <ele>626.6</ele>
    <time>2026-09-19T11:17:14Z</time>
   </trkpt>
   <trkpt lat="43.1301230" lon="-3.9986100">
    <ele>626.6</ele>
    <time>2026-09-19T11:17:15Z</time>
   </trkpt>
   <trkpt lat="43.1301260" lon="-3.9986130">
    <ele>626.6</ele>
    <time>2026-09-19T11:17:16Z</time>
   </trkpt>
   <trkpt lat="43.1301260" lon="-3.9986130">
    <ele>626.6</ele>
    <time>2026-09-19T11:17:17Z</time>
   </trkpt>
   <trkpt lat="43.1301290" lon="-3.9986140">
    <ele>626.6</ele>
    <time>2026-09-19T11:17:18Z</time>
   </trkpt>
   <trkpt lat="43.1301320" lon="-3.9986140">
    <ele>626.6</ele>
    <time>2026-09-19T11:17:19Z</time>
   </trkpt>
   <trkpt lat="43.1301350" lon="-3.9986150">
    <ele>626.6</ele>
    <time>2026-09-19T11:17:20Z</time>
   </trkpt>
   <trkpt lat="43.1301360" lon="-3.9986130">
    <ele>626.6</ele>
    <time>2026-09-19T11:17:21Z</time>
   </trkpt>
   <trkpt lat="43.1301380" lon="-3.9986120">
    <ele>626.6</ele>
    <time>2026-09-19T11:17:22Z</time>
   </trkpt>
   <trkpt lat="43.1301390" lon="-3.9986110">
    <ele>626.6</ele>
    <time>2026-09-19T11:17:23Z</time>
   </trkpt>
   <trkpt lat="43.1301410" lon="-3.9986090">
    <ele>626.6</ele>
    <time>2026-09-19T11:17:24Z</time>
   </trkpt>
   <trkpt lat="43.1301550" lon="-3.9985680">
    <ele>628.2</ele>
    <time>2026-09-19T11:18:16Z</time>
   </trkpt>
   <trkpt lat="43.1301570" lon="-3.9985700">
    <ele>628.2</ele>
    <time>2026-09-19T11:18:17Z</time>
   </trkpt>
   <trkpt lat="43.1301430" lon="-3.9985660">
    <ele>627.4</ele>
    <time>2026-09-19T11:18:18Z</time>
   </trkpt>
   <trkpt lat="43.1301400" lon="-3.9985650">
    <ele>627.4</ele>
    <time>2026-09-19T11:18:19Z</time>
   </trkpt>
   <trkpt lat="43.1301380" lon="-3.9985640">
    <ele>627.4</ele>
    <time>2026-09-19T11:18:20Z</time>
   </trkpt>
   <trkpt lat="43.1301370" lon="-3.9985630">
    <ele>627.4</ele>
    <time>2026-09-19T11:18:21Z</time>
   </trkpt>
   <trkpt lat="43.1301360" lon="-3.9985650">
    <ele>627.4</ele>
    <time>2026-09-19T11:18:22Z</time>
   </trkpt>
   <trkpt lat="43.1301350" lon="-3.9985650">
    <ele>627.4</ele>
    <time>2026-09-19T11:18:23Z</time>
   </trkpt>
   <trkpt lat="43.1301310" lon="-3.9985650">
    <ele>627.4</ele>
    <time>2026-09-19T11:18:24Z</time>
   </trkpt>
   <trkpt lat="43.1301170" lon="-3.9985610">
    <ele>626.5</ele>
    <time>2026-09-19T11:18:25Z</time>
   </trkpt>
   <trkpt lat="43.1301180" lon="-3.9985600">
    <ele>627.4</ele>
    <time>2026-09-19T11:18:26Z</time>
   </trkpt>
   <trkpt lat="43.1301080" lon="-3.9985470">
    <ele>627.3</ele>
    <time>2026-09-19T11:18:27Z</time>
   </trkpt>
   <trkpt lat="43.1301040" lon="-3.9985400">
    <ele>627.3</ele>
    <time>2026-09-19T11:18:28Z</time>
   </trkpt>
   <trkpt lat="43.1301050" lon="-3.9985410">
    <ele>627.3</ele>
    <time>2026-09-19T11:18:29Z</time>
   </trkpt>
   <trkpt lat="43.1300970" lon="-3.9985340">
    <ele>627.3</ele>
    <time>2026-09-19T11:18:30Z</time>
   </trkpt>
   <trkpt lat="43.1300950" lon="-3.9985320">
    <ele>627.3</ele>
    <time>2026-09-19T11:18:31Z</time>
   </trkpt>
   <trkpt lat="43.1300950" lon="-3.9985290">
    <ele>627.3</ele>
    <time>2026-09-19T11:18:32Z</time>
   </trkpt>
   <trkpt lat="43.1300940" lon="-3.9985280">
    <ele>627.3</ele>
    <time>2026-09-19T11:18:33Z</time>
   </trkpt>
   <trkpt lat="43.1300960" lon="-3.9985260">
    <ele>627.3</ele>
    <time>2026-09-19T11:18:34Z</time>
   </trkpt>
   <trkpt lat="43.1300930" lon="-3.9985240">
    <ele>627.3</ele>
    <time>2026-09-19T11:18:35Z</time>
   </trkpt>
   <trkpt lat="43.1300910" lon="-3.9985230">
    <ele>627.3</ele>
    <time>2026-09-19T11:18:36Z</time>
   </trkpt>
   <trkpt lat="43.1300890" lon="-3.9985210">
    <ele>627.3</ele>
    <time>2026-09-19T11:18:37Z</time>
   </trkpt>
   <trkpt lat="43.1300870" lon="-3.9985190">
    <ele>627.3</ele>
    <time>2026-09-19T11:18:38Z</time>
   </trkpt>
   <trkpt lat="43.1300840" lon="-3.9985180">
    <ele>626.4</ele>
    <time>2026-09-19T11:18:39Z</time>
   </trkpt>
   <trkpt lat="43.1300840" lon="-3.9985170">
    <ele>626.4</ele>
    <time>2026-09-19T11:18:40Z</time>
   </trkpt>
   <trkpt lat="43.1300860" lon="-3.9985140">
    <ele>627.3</ele>
    <time>2026-09-19T11:18:41Z</time>
   </trkpt>
   <trkpt lat="43.1300870" lon="-3.9985110">
    <ele>627.3</ele>
    <time>2026-09-19T11:18:42Z</time>
   </trkpt>
   <trkpt lat="43.1300880" lon="-3.9985100">
    <ele>627.3</ele>
    <time>2026-09-19T11:18:43Z</time>
   </trkpt>
   <trkpt lat="43.1300870" lon="-3.9985060">
    <ele>628.0</ele>
    <time>2026-09-19T11:18:44Z</time>
   </trkpt>
   <trkpt lat="43.1300860" lon="-3.9985050">
    <ele>628.0</ele>
    <time>2026-09-19T11:18:45Z</time>
   </trkpt>
   <trkpt lat="43.1300840" lon="-3.9985060">
    <ele>627.1</ele>
    <time>2026-09-19T11:18:46Z</time>
   </trkpt>
   <trkpt lat="43.1300840" lon="-3.9985050">
    <ele>627.1</ele>
    <time>2026-09-19T11:18:47Z</time>
   </trkpt>
   <trkpt lat="43.1300840" lon="-3.9985040">
    <ele>627.1</ele>
    <time>2026-09-19T11:18:48Z</time>
   </trkpt>
   <trkpt lat="43.1300850" lon="-3.9985020">
    <ele>627.1</ele>
    <time>2026-09-19T11:18:49Z</time>
   </trkpt>
   <trkpt lat="43.1300910" lon="-3.9984980">
    <ele>628.0</ele>
    <time>2026-09-19T11:18:50Z</time>
   </trkpt>
   <trkpt lat="43.1300950" lon="-3.9984910">
    <ele>628.0</ele>
    <time>2026-09-19T11:18:51Z</time>
   </trkpt>
   <trkpt lat="43.1300950" lon="-3.9984850">
    <ele>628.0</ele>
    <time>2026-09-19T11:18:52Z</time>
   </trkpt>
   <trkpt lat="43.1301180" lon="-3.9984570">
    <ele>629.6</ele>
    <time>2026-09-19T11:18:53Z</time>
   </trkpt>
   <trkpt lat="43.1301190" lon="-3.9984390">
    <ele>629.6</ele>
    <time>2026-09-19T11:18:54Z</time>
   </trkpt>
   <trkpt lat="43.1301240" lon="-3.9984160">
    <ele>630.3</ele>
    <time>2026-09-19T11:18:55Z</time>
   </trkpt>
   <trkpt lat="43.1301250" lon="-3.9983990">
    <ele>630.3</ele>
    <time>2026-09-19T11:18:56Z</time>
   </trkpt>
   <trkpt lat="43.1301260" lon="-3.9983840">
    <ele>630.3</ele>
    <time>2026-09-19T11:18:57Z</time>
   </trkpt>
   <trkpt lat="43.1301300" lon="-3.9983760">
    <ele>631.1</ele>
    <time>2026-09-19T11:18:58Z</time>
   </trkpt>
   <trkpt lat="43.1301320" lon="-3.9983750">
    <ele>631.1</ele>
    <time>2026-09-19T11:18:59Z</time>
   </trkpt>
   <trkpt lat="43.1301330" lon="-3.9983760">
    <ele>631.1</ele>
    <time>2026-09-19T11:19:00Z</time>
   </trkpt>
   <trkpt lat="43.1301350" lon="-3.9983740">
    <ele>631.1</ele>
    <time>2026-09-19T11:19:01Z</time>
   </trkpt>
   <trkpt lat="43.1301350" lon="-3.9983730">
    <ele>631.1</ele>
    <time>2026-09-19T11:19:02Z</time>
   </trkpt>
   <trkpt lat="43.1301350" lon="-3.9983770">
    <ele>631.1</ele>
    <time>2026-09-19T11:19:03Z</time>
   </trkpt>
   <trkpt lat="43.1301360" lon="-3.9983850">
    <ele>630.3</ele>
    <time>2026-09-19T11:19:04Z</time>
   </trkpt>
   <trkpt lat="43.1301380" lon="-3.9983890">
    <ele>630.3</ele>
    <time>2026-09-19T11:19:05Z</time>
   </trkpt>
   <trkpt lat="43.1301400" lon="-3.9983920">
    <ele>630.3</ele>
    <time>2026-09-19T11:19:06Z</time>
   </trkpt>
   <trkpt lat="43.1301430" lon="-3.9983960">
    <ele>630.3</ele>
    <time>2026-09-19T11:19:07Z</time>
   </trkpt>
   <trkpt lat="43.1301430" lon="-3.9983950">
    <ele>630.3</ele>
    <time>2026-09-19T11:19:08Z</time>
   </trkpt>
   <trkpt lat="43.1301470" lon="-3.9984030">
    <ele>630.3</ele>
    <time>2026-09-19T11:19:09Z</time>
   </trkpt>
   <trkpt lat="43.1301500" lon="-3.9984060">
    <ele>631.2</ele>
    <time>2026-09-19T11:19:10Z</time>
   </trkpt>
   <trkpt lat="43.1301520" lon="-3.9984070">
    <ele>631.2</ele>
    <time>2026-09-19T11:19:11Z</time>
   </trkpt>
   <trkpt lat="43.1301540" lon="-3.9984090">
    <ele>631.2</ele>
    <time>2026-09-19T11:19:12Z</time>
   </trkpt>
   <trkpt lat="43.1301730" lon="-3.9983760">
    <ele>631.9</ele>
    <time>2026-09-19T11:20:18Z</time>
   </trkpt>
   <trkpt lat="43.1301720" lon="-3.9983620">
    <ele>631.9</ele>
    <time>2026-09-19T11:20:19Z</time>
   </trkpt>
   <trkpt lat="43.1301710" lon="-3.9983540">
    <ele>631.9</ele>
    <time>2026-09-19T11:20:20Z</time>
   </trkpt>
   <trkpt lat="43.1301690" lon="-3.9983510">
    <ele>631.9</ele>
    <time>2026-09-19T11:20:21Z</time>
   </trkpt>
   <trkpt lat="43.1301650" lon="-3.9983510">
    <ele>631.9</ele>
    <time>2026-09-19T11:20:22Z</time>
   </trkpt>
   <trkpt lat="43.1301620" lon="-3.9983500">
    <ele>631.9</ele>
    <time>2026-09-19T11:20:23Z</time>
   </trkpt>
   <trkpt lat="43.1301600" lon="-3.9983500">
    <ele>631.9</ele>
    <time>2026-09-19T11:20:24Z</time>
   </trkpt>
   <trkpt lat="43.1301590" lon="-3.9983510">
    <ele>631.9</ele>
    <time>2026-09-19T11:20:25Z</time>
   </trkpt>
   <trkpt lat="43.1301580" lon="-3.9983500">
    <ele>631.9</ele>
    <time>2026-09-19T11:20:26Z</time>
   </trkpt>
   <trkpt lat="43.1301550" lon="-3.9983470">
    <ele>631.9</ele>
    <time>2026-09-19T11:20:27Z</time>
   </trkpt>
   <trkpt lat="43.1301540" lon="-3.9983390">
    <ele>631.9</ele>
    <time>2026-09-19T11:20:28Z</time>
   </trkpt>
   <trkpt lat="43.1301580" lon="-3.9983230">
    <ele>632.7</ele>
    <time>2026-09-19T11:20:29Z</time>
   </trkpt>
   <trkpt lat="43.1301650" lon="-3.9983050">
    <ele>632.7</ele>
    <time>2026-09-19T11:20:30Z</time>
   </trkpt>
   <trkpt lat="43.1301680" lon="-3.9982890">
    <ele>633.3</ele>
    <time>2026-09-19T11:20:31Z</time>
   </trkpt>
   <trkpt lat="43.1301730" lon="-3.9982660">
    <ele>633.3</ele>
    <time>2026-09-19T11:20:32Z</time>
   </trkpt>
   <trkpt lat="43.1301780" lon="-3.9982280">
    <ele>633.9</ele>
    <time>2026-09-19T11:20:33Z</time>
   </trkpt>
   <trkpt lat="43.1301760" lon="-3.9982050">
    <ele>634.5</ele>
    <time>2026-09-19T11:20:34Z</time>
   </trkpt>
   <trkpt lat="43.1301820" lon="-3.9981610">
    <ele>635.8</ele>
    <time>2026-09-19T11:20:35Z</time>
   </trkpt>
   <trkpt lat="43.1301810" lon="-3.9981380">
    <ele>635.8</ele>
    <time>2026-09-19T11:20:36Z</time>
   </trkpt>
   <trkpt lat="43.1301770" lon="-3.9981090">
    <ele>635.5</ele>
    <time>2026-09-19T11:20:37Z</time>
   </trkpt>
   <trkpt lat="43.1301720" lon="-3.9980790">
    <ele>635.9</ele>
    <time>2026-09-19T11:20:38Z</time>
   </trkpt>
   <trkpt lat="43.1301710" lon="-3.9980480">
    <ele>635.9</ele>
    <time>2026-09-19T11:20:39Z</time>
   </trkpt>
   <trkpt lat="43.1301780" lon="-3.9980150">
    <ele>636.4</ele>
    <time>2026-09-19T11:20:40Z</time>
   </trkpt>
   <trkpt lat="43.1301890" lon="-3.9979740">
    <ele>637.6</ele>
    <time>2026-09-19T11:20:41Z</time>
   </trkpt>
   <trkpt lat="43.1301860" lon="-3.9979740">
    <ele>637.6</ele>
    <time>2026-09-19T11:20:42Z</time>
   </trkpt>
   <trkpt lat="43.1301860" lon="-3.9979740">
    <ele>637.6</ele>
    <time>2026-09-19T11:20:43Z</time>
   </trkpt>
   <trkpt lat="43.1301860" lon="-3.9979740">
    <ele>637.6</ele>
    <time>2026-09-19T11:20:44Z</time>
   </trkpt>
   <trkpt lat="43.1301830" lon="-3.9979730">
    <ele>637.6</ele>
    <time>2026-09-19T11:20:45Z</time>
   </trkpt>
   <trkpt lat="43.1301800" lon="-3.9979760">
    <ele>637.6</ele>
    <time>2026-09-19T11:20:46Z</time>
   </trkpt>
   <trkpt lat="43.1301810" lon="-3.9979760">
    <ele>637.6</ele>
    <time>2026-09-19T11:20:47Z</time>
   </trkpt>
   <trkpt lat="43.1301810" lon="-3.9979770">
    <ele>637.6</ele>
    <time>2026-09-19T11:20:48Z</time>
   </trkpt>
   <trkpt lat="43.1301830" lon="-3.9979780">
    <ele>637.6</ele>
    <time>2026-09-19T11:20:49Z</time>
   </trkpt>
   <trkpt lat="43.1301850" lon="-3.9979740">
    <ele>637.6</ele>
    <time>2026-09-19T11:20:50Z</time>
   </trkpt>
   <trkpt lat="43.1301880" lon="-3.9979630">
    <ele>637.6</ele>
    <time>2026-09-19T11:20:51Z</time>
   </trkpt>
   <trkpt lat="43.1301980" lon="-3.9979520">
    <ele>637.6</ele>
    <time>2026-09-19T11:20:52Z</time>
   </trkpt>
   <trkpt lat="43.1301940" lon="-3.9979580">
    <ele>637.6</ele>
    <time>2026-09-19T11:20:53Z</time>
   </trkpt>
   <trkpt lat="43.1301930" lon="-3.9979550">
    <ele>637.6</ele>
    <time>2026-09-19T11:20:54Z</time>
   </trkpt>
   <trkpt lat="43.1301960" lon="-3.9979520">
    <ele>637.6</ele>
    <time>2026-09-19T11:20:55Z</time>
   </trkpt>
   <trkpt lat="43.1301980" lon="-3.9979500">
    <ele>638.0</ele>
    <time>2026-09-19T11:20:56Z</time>
   </trkpt>
   <trkpt lat="43.1302070" lon="-3.9979460">
    <ele>638.0</ele>
    <time>2026-09-19T11:20:57Z</time>
   </trkpt>
   <trkpt lat="43.1302090" lon="-3.9979470">
    <ele>638.0</ele>
    <time>2026-09-19T11:20:58Z</time>
   </trkpt>
   <trkpt lat="43.1302050" lon="-3.9979520">
    <ele>637.6</ele>
    <time>2026-09-19T11:20:59Z</time>
   </trkpt>
   <trkpt lat="43.1302080" lon="-3.9979510">
    <ele>637.6</ele>
    <time>2026-09-19T11:21:00Z</time>
   </trkpt>
   <trkpt lat="43.1302090" lon="-3.9979500">
    <ele>638.0</ele>
    <time>2026-09-19T11:21:01Z</time>
   </trkpt>
   <trkpt lat="43.1302090" lon="-3.9979480">
    <ele>638.0</ele>
    <time>2026-09-19T11:21:02Z</time>
   </trkpt>
   <trkpt lat="43.1302130" lon="-3.9979480">
    <ele>638.9</ele>
    <time>2026-09-19T11:21:03Z</time>
   </trkpt>
   <trkpt lat="43.1302150" lon="-3.9979360">
    <ele>638.9</ele>
    <time>2026-09-19T11:21:04Z</time>
   </trkpt>
   <trkpt lat="43.1302130" lon="-3.9979150">
    <ele>638.9</ele>
    <time>2026-09-19T11:21:05Z</time>
   </trkpt>
   <trkpt lat="43.1302170" lon="-3.9979080">
    <ele>638.9</ele>
    <time>2026-09-19T11:21:06Z</time>
   </trkpt>
   <trkpt lat="43.1302180" lon="-3.9979010">
    <ele>639.3</ele>
    <time>2026-09-19T11:21:07Z</time>
   </trkpt>
   <trkpt lat="43.1302140" lon="-3.9978920">
    <ele>639.3</ele>
    <time>2026-09-19T11:21:08Z</time>
   </trkpt>
   <trkpt lat="43.1302100" lon="-3.9979070">
    <ele>638.4</ele>
    <time>2026-09-19T11:21:09Z</time>
   </trkpt>
   <trkpt lat="43.1302080" lon="-3.9979000">
    <ele>638.4</ele>
    <time>2026-09-19T11:21:10Z</time>
   </trkpt>
   <trkpt lat="43.1302130" lon="-3.9978950">
    <ele>639.3</ele>
    <time>2026-09-19T11:21:11Z</time>
   </trkpt>
   <trkpt lat="43.1302080" lon="-3.9978840">
    <ele>638.4</ele>
    <time>2026-09-19T11:21:12Z</time>
   </trkpt>
   <trkpt lat="43.1302080" lon="-3.9978610">
    <ele>638.8</ele>
    <time>2026-09-19T11:21:13Z</time>
   </trkpt>
   <trkpt lat="43.1302040" lon="-3.9978450">
    <ele>638.8</ele>
    <time>2026-09-19T11:21:14Z</time>
   </trkpt>
   <trkpt lat="43.1302000" lon="-3.9978300">
    <ele>638.8</ele>
    <time>2026-09-19T11:21:15Z</time>
   </trkpt>
   <trkpt lat="43.1302000" lon="-3.9978060">
    <ele>639.2</ele>
    <time>2026-09-19T11:21:16Z</time>
   </trkpt>
   <trkpt lat="43.1301940" lon="-3.9977750">
    <ele>639.5</ele>
    <time>2026-09-19T11:21:17Z</time>
   </trkpt>
   <trkpt lat="43.1301930" lon="-3.9977460">
    <ele>639.5</ele>
    <time>2026-09-19T11:21:18Z</time>
   </trkpt>
   <trkpt lat="43.1301830" lon="-3.9977200">
    <ele>639.8</ele>
    <time>2026-09-19T11:21:19Z</time>
   </trkpt>
   <trkpt lat="43.1301830" lon="-3.9977110">
    <ele>639.8</ele>
    <time>2026-09-19T11:21:20Z</time>
   </trkpt>
   <trkpt lat="43.1301840" lon="-3.9977190">
    <ele>639.8</ele>
    <time>2026-09-19T11:21:21Z</time>
   </trkpt>
   <trkpt lat="43.1301840" lon="-3.9977180">
    <ele>639.8</ele>
    <time>2026-09-19T11:21:22Z</time>
   </trkpt>
   <trkpt lat="43.1301830" lon="-3.9977160">
    <ele>639.8</ele>
    <time>2026-09-19T11:21:23Z</time>
   </trkpt>
   <trkpt lat="43.1301810" lon="-3.9977100">
    <ele>639.8</ele>
    <time>2026-09-19T11:21:24Z</time>
   </trkpt>
   <trkpt lat="43.1301800" lon="-3.9977020">
    <ele>639.8</ele>
    <time>2026-09-19T11:21:25Z</time>
   </trkpt>
   <trkpt lat="43.1301880" lon="-3.9976940">
    <ele>639.8</ele>
    <time>2026-09-19T11:21:26Z</time>
   </trkpt>
   <trkpt lat="43.1301830" lon="-3.9976830">
    <ele>640.1</ele>
    <time>2026-09-19T11:21:27Z</time>
   </trkpt>
   <trkpt lat="43.1301810" lon="-3.9976540">
    <ele>640.1</ele>
    <time>2026-09-19T11:21:28Z</time>
   </trkpt>
   <trkpt lat="43.1301780" lon="-3.9976170">
    <ele>639.7</ele>
    <time>2026-09-19T11:21:29Z</time>
   </trkpt>
   <trkpt lat="43.1301780" lon="-3.9975780">
    <ele>640.0</ele>
    <time>2026-09-19T11:21:30Z</time>
   </trkpt>
   <trkpt lat="43.1301810" lon="-3.9975520">
    <ele>641.1</ele>
    <time>2026-09-19T11:21:31Z</time>
   </trkpt>
   <trkpt lat="43.1301860" lon="-3.9975290">
    <ele>641.1</ele>
    <time>2026-09-19T11:21:32Z</time>
   </trkpt>
   <trkpt lat="43.1301930" lon="-3.9974990">
    <ele>641.4</ele>
    <time>2026-09-19T11:21:33Z</time>
   </trkpt>
   <trkpt lat="43.1302020" lon="-3.9974590">
    <ele>641.7</ele>
    <time>2026-09-19T11:21:34Z</time>
   </trkpt>
   <trkpt lat="43.1302120" lon="-3.9974210">
    <ele>642.8</ele>
    <time>2026-09-19T11:21:35Z</time>
   </trkpt>
   <trkpt lat="43.1302230" lon="-3.9973820">
    <ele>643.1</ele>
    <time>2026-09-19T11:21:36Z</time>
   </trkpt>
   <trkpt lat="43.1302390" lon="-3.9973370">
    <ele>643.3</ele>
    <time>2026-09-19T11:21:37Z</time>
   </trkpt>
   <trkpt lat="43.1302470" lon="-3.9972850">
    <ele>644.3</ele>
    <time>2026-09-19T11:21:38Z</time>
   </trkpt>
   <trkpt lat="43.1302700" lon="-3.9972480">
    <ele>644.5</ele>
    <time>2026-09-19T11:21:39Z</time>
   </trkpt>
   <trkpt lat="43.1302920" lon="-3.9972160">
    <ele>645.4</ele>
    <time>2026-09-19T11:21:40Z</time>
   </trkpt>
   <trkpt lat="43.1303060" lon="-3.9972000">
    <ele>646.2</ele>
    <time>2026-09-19T11:21:41Z</time>
   </trkpt>
   <trkpt lat="43.1303190" lon="-3.9971760">
    <ele>646.3</ele>
    <time>2026-09-19T11:21:42Z</time>
   </trkpt>
   <trkpt lat="43.1303300" lon="-3.9971330">
    <ele>646.4</ele>
    <time>2026-09-19T11:21:43Z</time>
   </trkpt>
   <trkpt lat="43.1303340" lon="-3.9971110">
    <ele>646.4</ele>
    <time>2026-09-19T11:21:44Z</time>
   </trkpt>
   <trkpt lat="43.1303220" lon="-3.9971180">
    <ele>646.4</ele>
    <time>2026-09-19T11:21:45Z</time>
   </trkpt>
   <trkpt lat="43.1303160" lon="-3.9971290">
    <ele>646.4</ele>
    <time>2026-09-19T11:21:46Z</time>
   </trkpt>
   <trkpt lat="43.1303150" lon="-3.9971380">
    <ele>646.3</ele>
    <time>2026-09-19T11:21:47Z</time>
   </trkpt>
   <trkpt lat="43.1303130" lon="-3.9971490">
    <ele>646.3</ele>
    <time>2026-09-19T11:21:48Z</time>
   </trkpt>
   <trkpt lat="43.1303160" lon="-3.9971500">
    <ele>646.3</ele>
    <time>2026-09-19T11:21:49Z</time>
   </trkpt>
   <trkpt lat="43.1303240" lon="-3.9971440">
    <ele>646.3</ele>
    <time>2026-09-19T11:21:50Z</time>
   </trkpt>
   <trkpt lat="43.1303330" lon="-3.9971400">
    <ele>646.3</ele>
    <time>2026-09-19T11:21:51Z</time>
   </trkpt>
   <trkpt lat="43.1303400" lon="-3.9971260">
    <ele>647.1</ele>
    <time>2026-09-19T11:21:52Z</time>
   </trkpt>
   <trkpt lat="43.1303460" lon="-3.9971100">
    <ele>647.1</ele>
    <time>2026-09-19T11:21:53Z</time>
   </trkpt>
   <trkpt lat="43.1303510" lon="-3.9970920">
    <ele>647.2</ele>
    <time>2026-09-19T11:21:54Z</time>
   </trkpt>
   <trkpt lat="43.1303610" lon="-3.9970910">
    <ele>647.2</ele>
    <time>2026-09-19T11:21:55Z</time>
   </trkpt>
   <trkpt lat="43.1303760" lon="-3.9970830">
    <ele>647.9</ele>
    <time>2026-09-19T11:21:56Z</time>
   </trkpt>
   <trkpt lat="43.1303860" lon="-3.9970670">
    <ele>647.9</ele>
    <time>2026-09-19T11:21:57Z</time>
   </trkpt>
   <trkpt lat="43.1303980" lon="-3.9970550">
    <ele>647.9</ele>
    <time>2026-09-19T11:21:58Z</time>
   </trkpt>
   <trkpt lat="43.1304020" lon="-3.9970420">
    <ele>648.5</ele>
    <time>2026-09-19T11:21:59Z</time>
   </trkpt>
   <trkpt lat="43.1304080" lon="-3.9970400">
    <ele>648.5</ele>
    <time>2026-09-19T11:22:00Z</time>
   </trkpt>
   <trkpt lat="43.1304160" lon="-3.9970300">
    <ele>648.5</ele>
    <time>2026-09-19T11:22:01Z</time>
   </trkpt>
   <trkpt lat="43.1304120" lon="-3.9970150">
    <ele>648.5</ele>
    <time>2026-09-19T11:22:02Z</time>
   </trkpt>
   <trkpt lat="43.1304080" lon="-3.9970090">
    <ele>648.5</ele>
    <time>2026-09-19T11:22:03Z</time>
   </trkpt>
   <trkpt lat="43.1304080" lon="-3.9970050">
    <ele>648.5</ele>
    <time>2026-09-19T11:22:04Z</time>
   </trkpt>
   <trkpt lat="43.1303970" lon="-3.9969990">
    <ele>648.0</ele>
    <time>2026-09-19T11:22:05Z</time>
   </trkpt>
   <trkpt lat="43.1303910" lon="-3.9969850">
    <ele>648.0</ele>
    <time>2026-09-19T11:22:06Z</time>
   </trkpt>
   <trkpt lat="43.1303980" lon="-3.9969490">
    <ele>648.1</ele>
    <time>2026-09-19T11:22:07Z</time>
   </trkpt>
   <trkpt lat="43.1304070" lon="-3.9969120">
    <ele>648.6</ele>
    <time>2026-09-19T11:22:08Z</time>
   </trkpt>
   <trkpt lat="43.1304120" lon="-3.9968770">
    <ele>648.7</ele>
    <time>2026-09-19T11:22:09Z</time>
   </trkpt>
   <trkpt lat="43.1304330" lon="-3.9968440">
    <ele>649.1</ele>
    <time>2026-09-19T11:22:10Z</time>
   </trkpt>
   <trkpt lat="43.1304400" lon="-3.9968180">
    <ele>649.2</ele>
    <time>2026-09-19T11:22:11Z</time>
   </trkpt>
   <trkpt lat="43.1304470" lon="-3.9967870">
    <ele>649.2</ele>
    <time>2026-09-19T11:22:12Z</time>
   </trkpt>
   <trkpt lat="43.1304450" lon="-3.9967680">
    <ele>649.2</ele>
    <time>2026-09-19T11:22:13Z</time>
   </trkpt>
   <trkpt lat="43.1304430" lon="-3.9967650">
    <ele>649.2</ele>
    <time>2026-09-19T11:22:14Z</time>
   </trkpt>
   <trkpt lat="43.1304430" lon="-3.9967640">
    <ele>649.2</ele>
    <time>2026-09-19T11:22:15Z</time>
   </trkpt>
   <trkpt lat="43.1304450" lon="-3.9967580">
    <ele>649.2</ele>
    <time>2026-09-19T11:22:16Z</time>
   </trkpt>
   <trkpt lat="43.1304500" lon="-3.9967410">
    <ele>649.2</ele>
    <time>2026-09-19T11:22:17Z</time>
   </trkpt>
   <trkpt lat="43.1304550" lon="-3.9967140">
    <ele>649.2</ele>
    <time>2026-09-19T11:22:18Z</time>
   </trkpt>
   <trkpt lat="43.1304570" lon="-3.9966850">
    <ele>649.3</ele>
    <time>2026-09-19T11:22:19Z</time>
   </trkpt>
   <trkpt lat="43.1304540" lon="-3.9966450">
    <ele>649.5</ele>
    <time>2026-09-19T11:22:20Z</time>
   </trkpt>
   <trkpt lat="43.1304490" lon="-3.9966120">
    <ele>649.7</ele>
    <time>2026-09-19T11:22:21Z</time>
   </trkpt>
   <trkpt lat="43.1304330" lon="-3.9965770">
    <ele>649.9</ele>
    <time>2026-09-19T11:22:22Z</time>
   </trkpt>
   <trkpt lat="43.1304100" lon="-3.9965420">
    <ele>649.5</ele>
    <time>2026-09-19T11:22:23Z</time>
   </trkpt>
   <trkpt lat="43.1304000" lon="-3.9965110">
    <ele>649.8</ele>
    <time>2026-09-19T11:22:24Z</time>
   </trkpt>
   <trkpt lat="43.1303950" lon="-3.9964780">
    <ele>649.8</ele>
    <time>2026-09-19T11:22:25Z</time>
   </trkpt>
   <trkpt lat="43.1303930" lon="-3.9964280">
    <ele>650.1</ele>
    <time>2026-09-19T11:22:26Z</time>
   </trkpt>
   <trkpt lat="43.1303930" lon="-3.9963830">
    <ele>650.4</ele>
    <time>2026-09-19T11:22:27Z</time>
   </trkpt>
   <trkpt lat="43.1303880" lon="-3.9963440">
    <ele>650.8</ele>
    <time>2026-09-19T11:22:28Z</time>
   </trkpt>
   <trkpt lat="43.1303870" lon="-3.9963070">
    <ele>651.2</ele>
    <time>2026-09-19T11:22:29Z</time>
   </trkpt>
   <trkpt lat="43.1303800" lon="-3.9962690">
    <ele>651.6</ele>
    <time>2026-09-19T11:22:30Z</time>
   </trkpt>
   <trkpt lat="43.1303660" lon="-3.9962420">
    <ele>651.3</ele>
    <time>2026-09-19T11:22:31Z</time>
   </trkpt>
   <trkpt lat="43.1303500" lon="-3.9962250">
    <ele>651.8</ele>
    <time>2026-09-19T11:22:32Z</time>
   </trkpt>
   <trkpt lat="43.1303300" lon="-3.9961860">
    <ele>652.1</ele>
    <time>2026-09-19T11:22:33Z</time>
   </trkpt>
   <trkpt lat="43.1303110" lon="-3.9961570">
    <ele>652.1</ele>
    <time>2026-09-19T11:22:34Z</time>
   </trkpt>
   <trkpt lat="43.1302920" lon="-3.9961370">
    <ele>652.4</ele>
    <time>2026-09-19T11:22:35Z</time>
   </trkpt>
   <trkpt lat="43.1302840" lon="-3.9961280">
    <ele>652.4</ele>
    <time>2026-09-19T11:22:36Z</time>
   </trkpt>
   <trkpt lat="43.1302800" lon="-3.9961220">
    <ele>652.4</ele>
    <time>2026-09-19T11:22:37Z</time>
   </trkpt>
   <trkpt lat="43.1302860" lon="-3.9961280">
    <ele>652.4</ele>
    <time>2026-09-19T11:22:38Z</time>
   </trkpt>
   <trkpt lat="43.1302870" lon="-3.9961280">
    <ele>652.4</ele>
    <time>2026-09-19T11:22:39Z</time>
   </trkpt>
   <trkpt lat="43.1302880" lon="-3.9961300">
    <ele>652.4</ele>
    <time>2026-09-19T11:22:40Z</time>
   </trkpt>
   <trkpt lat="43.1302930" lon="-3.9961310">
    <ele>652.4</ele>
    <time>2026-09-19T11:22:41Z</time>
   </trkpt>
   <trkpt lat="43.1302910" lon="-3.9961310">
    <ele>652.4</ele>
    <time>2026-09-19T11:22:42Z</time>
   </trkpt>
   <trkpt lat="43.1302890" lon="-3.9961290">
    <ele>652.4</ele>
    <time>2026-09-19T11:22:43Z</time>
   </trkpt>
   <trkpt lat="43.1302880" lon="-3.9961270">
    <ele>652.4</ele>
    <time>2026-09-19T11:22:44Z</time>
   </trkpt>
   <trkpt lat="43.1302870" lon="-3.9961260">
    <ele>652.4</ele>
    <time>2026-09-19T11:22:45Z</time>
   </trkpt>
   <trkpt lat="43.1302860" lon="-3.9961270">
    <ele>652.4</ele>
    <time>2026-09-19T11:22:46Z</time>
   </trkpt>
   <trkpt lat="43.1302860" lon="-3.9961270">
    <ele>652.4</ele>
    <time>2026-09-19T11:22:47Z</time>
   </trkpt>
   <trkpt lat="43.1302860" lon="-3.9961280">
    <ele>652.4</ele>
    <time>2026-09-19T11:22:48Z</time>
   </trkpt>
   <trkpt lat="43.1302870" lon="-3.9961280">
    <ele>652.4</ele>
    <time>2026-09-19T11:22:49Z</time>
   </trkpt>
   <trkpt lat="43.1302880" lon="-3.9961280">
    <ele>652.4</ele>
    <time>2026-09-19T11:22:50Z</time>
   </trkpt>
   <trkpt lat="43.1302880" lon="-3.9961280">
    <ele>652.4</ele>
    <time>2026-09-19T11:22:51Z</time>
   </trkpt>
   <trkpt lat="43.1302570" lon="-3.9961240">
    <ele>652.2</ele>
    <time>2026-09-19T11:22:57Z</time>
   </trkpt>
   <trkpt lat="43.1302620" lon="-3.9961300">
    <ele>652.2</ele>
    <time>2026-09-19T11:22:58Z</time>
   </trkpt>
   <trkpt lat="43.1302600" lon="-3.9961290">
    <ele>652.2</ele>
    <time>2026-09-19T11:22:59Z</time>
   </trkpt>
   <trkpt lat="43.1302590" lon="-3.9961300">
    <ele>652.2</ele>
    <time>2026-09-19T11:23:00Z</time>
   </trkpt>
   <trkpt lat="43.1302570" lon="-3.9961290">
    <ele>652.2</ele>
    <time>2026-09-19T11:23:01Z</time>
   </trkpt>
   <trkpt lat="43.1302580" lon="-3.9961290">
    <ele>652.2</ele>
    <time>2026-09-19T11:23:02Z</time>
   </trkpt>
   <trkpt lat="43.1302580" lon="-3.9961300">
    <ele>652.2</ele>
    <time>2026-09-19T11:23:03Z</time>
   </trkpt>
   <trkpt lat="43.1302590" lon="-3.9961310">
    <ele>652.2</ele>
    <time>2026-09-19T11:23:04Z</time>
   </trkpt>
   <trkpt lat="43.1302600" lon="-3.9961310">
    <ele>652.2</ele>
    <time>2026-09-19T11:23:05Z</time>
   </trkpt>
   <trkpt lat="43.1302600" lon="-3.9961310">
    <ele>652.2</ele>
    <time>2026-09-19T11:23:06Z</time>
   </trkpt>
   <trkpt lat="43.1302600" lon="-3.9961310">
    <ele>652.2</ele>
    <time>2026-09-19T11:23:07Z</time>
   </trkpt>
   <trkpt lat="43.1302600" lon="-3.9961310">
    <ele>652.2</ele>
    <time>2026-09-19T11:23:08Z</time>
   </trkpt>
   <trkpt lat="43.1285420" lon="-3.9968480">
    <ele>631.4</ele>
    <time>2026-09-19T11:32:24Z</time>
   </trkpt>
   <trkpt lat="43.1285440" lon="-3.9968470">
    <ele>631.4</ele>
    <time>2026-09-19T11:32:25Z</time>
   </trkpt>
   <trkpt lat="43.1285440" lon="-3.9968450">
    <ele>631.4</ele>
    <time>2026-09-19T11:32:26Z</time>
   </trkpt>
   <trkpt lat="43.1285430" lon="-3.9968420">
    <ele>631.4</ele>
    <time>2026-09-19T11:32:27Z</time>
   </trkpt>
   <trkpt lat="43.1285400" lon="-3.9968410">
    <ele>631.4</ele>
    <time>2026-09-19T11:32:28Z</time>
   </trkpt>
   <trkpt lat="43.1285410" lon="-3.9968420">
    <ele>631.4</ele>
    <time>2026-09-19T11:32:29Z</time>
   </trkpt>
   <trkpt lat="43.1285430" lon="-3.9968420">
    <ele>631.4</ele>
    <time>2026-09-19T11:32:30Z</time>
   </trkpt>
   <trkpt lat="43.1285400" lon="-3.9968400">
    <ele>631.4</ele>
    <time>2026-09-19T11:32:31Z</time>
   </trkpt>
   <trkpt lat="43.1285380" lon="-3.9968410">
    <ele>631.4</ele>
    <time>2026-09-19T11:32:32Z</time>
   </trkpt>
   <trkpt lat="43.1285360" lon="-3.9968410">
    <ele>631.4</ele>
    <time>2026-09-19T11:32:33Z</time>
   </trkpt>
   <trkpt lat="43.1285390" lon="-3.9968400">
    <ele>631.4</ele>
    <time>2026-09-19T11:32:34Z</time>
   </trkpt>
   <trkpt lat="43.1285710" lon="-3.9968320">
    <ele>632.6</ele>
    <time>2026-09-19T11:32:53Z</time>
   </trkpt>
   <trkpt lat="43.1285720" lon="-3.9968430">
    <ele>631.7</ele>
    <time>2026-09-19T11:32:54Z</time>
   </trkpt>
   <trkpt lat="43.1285730" lon="-3.9968540">
    <ele>631.7</ele>
    <time>2026-09-19T11:32:55Z</time>
   </trkpt>
   <trkpt lat="43.1285710" lon="-3.9968540">
    <ele>631.7</ele>
    <time>2026-09-19T11:32:56Z</time>
   </trkpt>
   <trkpt lat="43.1285680" lon="-3.9968520">
    <ele>631.7</ele>
    <time>2026-09-19T11:32:57Z</time>
   </trkpt>
   <trkpt lat="43.1285670" lon="-3.9968550">
    <ele>631.7</ele>
    <time>2026-09-19T11:32:58Z</time>
   </trkpt>
   <trkpt lat="43.1285640" lon="-3.9968520">
    <ele>631.7</ele>
    <time>2026-09-19T11:32:59Z</time>
   </trkpt>
   <trkpt lat="43.1285610" lon="-3.9968390">
    <ele>631.7</ele>
    <time>2026-09-19T11:33:00Z</time>
   </trkpt>
   <trkpt lat="43.1285610" lon="-3.9968260">
    <ele>632.6</ele>
    <time>2026-09-19T11:33:01Z</time>
   </trkpt>
   <trkpt lat="43.1285680" lon="-3.9968210">
    <ele>632.6</ele>
    <time>2026-09-19T11:33:02Z</time>
   </trkpt>
   <trkpt lat="43.1285620" lon="-3.9968160">
    <ele>632.6</ele>
    <time>2026-09-19T11:33:03Z</time>
   </trkpt>
   <trkpt lat="43.1285590" lon="-3.9968120">
    <ele>632.6</ele>
    <time>2026-09-19T11:33:04Z</time>
   </trkpt>
   <trkpt lat="43.1285570" lon="-3.9968100">
    <ele>632.6</ele>
    <time>2026-09-19T11:33:05Z</time>
   </trkpt>
   <trkpt lat="43.1285540" lon="-3.9968070">
    <ele>632.6</ele>
    <time>2026-09-19T11:33:06Z</time>
   </trkpt>
   <trkpt lat="43.1285520" lon="-3.9968050">
    <ele>632.6</ele>
    <time>2026-09-19T11:33:07Z</time>
   </trkpt>
   <trkpt lat="43.1285520" lon="-3.9968070">
    <ele>632.6</ele>
    <time>2026-09-19T11:33:08Z</time>
   </trkpt>
   <trkpt lat="43.1285520" lon="-3.9968100">
    <ele>632.6</ele>
    <time>2026-09-19T11:33:09Z</time>
   </trkpt>
   <trkpt lat="43.1285540" lon="-3.9968160">
    <ele>632.6</ele>
    <time>2026-09-19T11:33:10Z</time>
   </trkpt>
   <trkpt lat="43.1285470" lon="-3.9968220">
    <ele>632.3</ele>
    <time>2026-09-19T11:33:11Z</time>
   </trkpt>
   <trkpt lat="43.1285460" lon="-3.9968230">
    <ele>632.3</ele>
    <time>2026-09-19T11:33:12Z</time>
   </trkpt>
   <trkpt lat="43.1285470" lon="-3.9968190">
    <ele>632.3</ele>
    <time>2026-09-19T11:33:13Z</time>
   </trkpt>
   <trkpt lat="43.1285520" lon="-3.9968190">
    <ele>632.6</ele>
    <time>2026-09-19T11:33:14Z</time>
   </trkpt>
   <trkpt lat="43.1285570" lon="-3.9968250">
    <ele>632.6</ele>
    <time>2026-09-19T11:33:15Z</time>
   </trkpt>
   <trkpt lat="43.1285560" lon="-3.9968280">
    <ele>632.6</ele>
    <time>2026-09-19T11:33:16Z</time>
   </trkpt>
   <trkpt lat="43.1285520" lon="-3.9968240">
    <ele>632.6</ele>
    <time>2026-09-19T11:33:17Z</time>
   </trkpt>
   <trkpt lat="43.1285510" lon="-3.9968260">
    <ele>632.3</ele>
    <time>2026-09-19T11:33:18Z</time>
   </trkpt>
   <trkpt lat="43.1285480" lon="-3.9968230">
    <ele>632.3</ele>
    <time>2026-09-19T11:33:19Z</time>
   </trkpt>
   <trkpt lat="43.1285450" lon="-3.9968230">
    <ele>632.3</ele>
    <time>2026-09-19T11:33:20Z</time>
   </trkpt>
   <trkpt lat="43.1285450" lon="-3.9968250">
    <ele>632.3</ele>
    <time>2026-09-19T11:33:21Z</time>
   </trkpt>
   <trkpt lat="43.1285470" lon="-3.9968480">
    <ele>631.4</ele>
    <time>2026-09-19T11:33:45Z</time>
   </trkpt>
   <trkpt lat="43.1285460" lon="-3.9968590">
    <ele>631.4</ele>
    <time>2026-09-19T11:33:46Z</time>
   </trkpt>
   <trkpt lat="43.1285510" lon="-3.9968630">
    <ele>631.4</ele>
    <time>2026-09-19T11:33:47Z</time>
   </trkpt>
   <trkpt lat="43.1285550" lon="-3.9968660">
    <ele>631.7</ele>
    <time>2026-09-19T11:33:48Z</time>
   </trkpt>
   <trkpt lat="43.1285540" lon="-3.9968730">
    <ele>631.7</ele>
    <time>2026-09-19T11:33:49Z</time>
   </trkpt>
   <trkpt lat="43.1285400" lon="-3.9968820">
    <ele>630.5</ele>
    <time>2026-09-19T11:33:50Z</time>
   </trkpt>
   <trkpt lat="43.1285250" lon="-3.9968910">
    <ele>630.5</ele>
    <time>2026-09-19T11:33:51Z</time>
   </trkpt>
   <trkpt lat="43.1285110" lon="-3.9969000">
    <ele>630.2</ele>
    <time>2026-09-19T11:33:52Z</time>
   </trkpt>
   <trkpt lat="43.1285050" lon="-3.9969060">
    <ele>630.2</ele>
    <time>2026-09-19T11:33:53Z</time>
   </trkpt>
   <trkpt lat="43.1285020" lon="-3.9969080">
    <ele>630.2</ele>
    <time>2026-09-19T11:33:54Z</time>
   </trkpt>
   <trkpt lat="43.1285100" lon="-3.9969170">
    <ele>630.2</ele>
    <time>2026-09-19T11:33:55Z</time>
   </trkpt>
   <trkpt lat="43.1285130" lon="-3.9969230">
    <ele>629.3</ele>
    <time>2026-09-19T11:33:56Z</time>
   </trkpt>
   <trkpt lat="43.1285100" lon="-3.9969170">
    <ele>630.2</ele>
    <time>2026-09-19T11:33:57Z</time>
   </trkpt>
   <trkpt lat="43.1285180" lon="-3.9969230">
    <ele>629.3</ele>
    <time>2026-09-19T11:33:58Z</time>
   </trkpt>
   <trkpt lat="43.1285260" lon="-3.9969500">
    <ele>629.6</ele>
    <time>2026-09-19T11:33:59Z</time>
   </trkpt>
   <trkpt lat="43.1285320" lon="-3.9969590">
    <ele>629.6</ele>
    <time>2026-09-19T11:34:00Z</time>
   </trkpt>
   <trkpt lat="43.1285380" lon="-3.9969700">
    <ele>628.6</ele>
    <time>2026-09-19T11:34:01Z</time>
   </trkpt>
   <trkpt lat="43.1285510" lon="-3.9969770">
    <ele>628.6</ele>
    <time>2026-09-19T11:34:02Z</time>
   </trkpt>
   <trkpt lat="43.1285640" lon="-3.9969880">
    <ele>628.9</ele>
    <time>2026-09-19T11:34:03Z</time>
   </trkpt>
   <trkpt lat="43.1285670" lon="-3.9969950">
    <ele>628.9</ele>
    <time>2026-09-19T11:34:04Z</time>
   </trkpt>
   <trkpt lat="43.1285730" lon="-3.9970060">
    <ele>628.9</ele>
    <time>2026-09-19T11:34:05Z</time>
   </trkpt>
   <trkpt lat="43.1285850" lon="-3.9970080">
    <ele>628.3</ele>
    <time>2026-09-19T11:34:06Z</time>
   </trkpt>
   <trkpt lat="43.1285910" lon="-3.9970130">
    <ele>628.3</ele>
    <time>2026-09-19T11:34:07Z</time>
   </trkpt>
   <trkpt lat="43.1285890" lon="-3.9970080">
    <ele>628.3</ele>
    <time>2026-09-19T11:34:08Z</time>
   </trkpt>
   <trkpt lat="43.1285870" lon="-3.9970060">
    <ele>629.2</ele>
    <time>2026-09-19T11:34:09Z</time>
   </trkpt>
   <trkpt lat="43.1285950" lon="-3.9970120">
    <ele>628.3</ele>
    <time>2026-09-19T11:34:10Z</time>
   </trkpt>
   <trkpt lat="43.1286010" lon="-3.9970200">
    <ele>628.3</ele>
    <time>2026-09-19T11:34:11Z</time>
   </trkpt>
   <trkpt lat="43.1286000" lon="-3.9970270">
    <ele>628.3</ele>
    <time>2026-09-19T11:34:12Z</time>
   </trkpt>
   <trkpt lat="43.1285920" lon="-3.9970380">
    <ele>628.3</ele>
    <time>2026-09-19T11:34:13Z</time>
   </trkpt>
   <trkpt lat="43.1285920" lon="-3.9970580">
    <ele>627.3</ele>
    <time>2026-09-19T11:34:14Z</time>
   </trkpt>
   <trkpt lat="43.1285880" lon="-3.9970540">
    <ele>627.3</ele>
    <time>2026-09-19T11:34:15Z</time>
   </trkpt>
   <trkpt lat="43.1285840" lon="-3.9970500">
    <ele>627.3</ele>
    <time>2026-09-19T11:34:16Z</time>
   </trkpt>
   <trkpt lat="43.1285800" lon="-3.9970500">
    <ele>627.0</ele>
    <time>2026-09-19T11:34:17Z</time>
   </trkpt>
   <trkpt lat="43.1285820" lon="-3.9970510">
    <ele>627.0</ele>
    <time>2026-09-19T11:34:18Z</time>
   </trkpt>
   <trkpt lat="43.1285800" lon="-3.9970540">
    <ele>627.0</ele>
    <time>2026-09-19T11:34:19Z</time>
   </trkpt>
   <trkpt lat="43.1285800" lon="-3.9970590">
    <ele>627.0</ele>
    <time>2026-09-19T11:34:20Z</time>
   </trkpt>
   <trkpt lat="43.1285800" lon="-3.9970620">
    <ele>627.0</ele>
    <time>2026-09-19T11:34:21Z</time>
   </trkpt>
   <trkpt lat="43.1285830" lon="-3.9970610">
    <ele>627.3</ele>
    <time>2026-09-19T11:34:22Z</time>
   </trkpt>
   <trkpt lat="43.1285820" lon="-3.9970590">
    <ele>627.0</ele>
    <time>2026-09-19T11:34:23Z</time>
   </trkpt>
   <trkpt lat="43.1285820" lon="-3.9970570">
    <ele>627.0</ele>
    <time>2026-09-19T11:34:24Z</time>
   </trkpt>
   <trkpt lat="43.1285820" lon="-3.9970560">
    <ele>627.0</ele>
    <time>2026-09-19T11:34:25Z</time>
   </trkpt>
   <trkpt lat="43.1285810" lon="-3.9970570">
    <ele>627.0</ele>
    <time>2026-09-19T11:34:26Z</time>
   </trkpt>
   <trkpt lat="43.1285840" lon="-3.9970690">
    <ele>627.3</ele>
    <time>2026-09-19T11:34:27Z</time>
   </trkpt>
   <trkpt lat="43.1285860" lon="-3.9970720">
    <ele>627.3</ele>
    <time>2026-09-19T11:34:28Z</time>
   </trkpt>
   <trkpt lat="43.1285880" lon="-3.9970730">
    <ele>627.3</ele>
    <time>2026-09-19T11:34:29Z</time>
   </trkpt>
   <trkpt lat="43.1285890" lon="-3.9970700">
    <ele>627.3</ele>
    <time>2026-09-19T11:34:30Z</time>
   </trkpt>
   <trkpt lat="43.1285890" lon="-3.9971040">
    <ele>626.4</ele>
    <time>2026-09-19T11:34:41Z</time>
   </trkpt>
   <trkpt lat="43.1286050" lon="-3.9971160">
    <ele>626.4</ele>
    <time>2026-09-19T11:34:42Z</time>
   </trkpt>
   <trkpt lat="43.1286230" lon="-3.9971260">
    <ele>626.7</ele>
    <time>2026-09-19T11:34:43Z</time>
   </trkpt>
   <trkpt lat="43.1286360" lon="-3.9971310">
    <ele>626.7</ele>
    <time>2026-09-19T11:34:44Z</time>
   </trkpt>
   <trkpt lat="43.1286470" lon="-3.9971290">
    <ele>627.0</ele>
    <time>2026-09-19T11:34:45Z</time>
   </trkpt>
   <trkpt lat="43.1286410" lon="-3.9971250">
    <ele>626.7</ele>
    <time>2026-09-19T11:34:46Z</time>
   </trkpt>
   <trkpt lat="43.1286370" lon="-3.9971210">
    <ele>626.7</ele>
    <time>2026-09-19T11:34:47Z</time>
   </trkpt>
   <trkpt lat="43.1286350" lon="-3.9971250">
    <ele>626.7</ele>
    <time>2026-09-19T11:34:48Z</time>
   </trkpt>
   <trkpt lat="43.1286340" lon="-3.9971250">
    <ele>626.7</ele>
    <time>2026-09-19T11:34:49Z</time>
   </trkpt>
   <trkpt lat="43.1286380" lon="-3.9971290">
    <ele>626.7</ele>
    <time>2026-09-19T11:34:50Z</time>
   </trkpt>
   <trkpt lat="43.1286430" lon="-3.9971300">
    <ele>626.7</ele>
    <time>2026-09-19T11:34:51Z</time>
   </trkpt>
   <trkpt lat="43.1286420" lon="-3.9971260">
    <ele>626.7</ele>
    <time>2026-09-19T11:34:52Z</time>
   </trkpt>
   <trkpt lat="43.1286400" lon="-3.9971250">
    <ele>626.7</ele>
    <time>2026-09-19T11:34:53Z</time>
   </trkpt>
   <trkpt lat="43.1286380" lon="-3.9971230">
    <ele>626.7</ele>
    <time>2026-09-19T11:34:54Z</time>
   </trkpt>
   <trkpt lat="43.1286360" lon="-3.9971280">
    <ele>626.7</ele>
    <time>2026-09-19T11:34:55Z</time>
   </trkpt>
   <trkpt lat="43.1286440" lon="-3.9971270">
    <ele>626.7</ele>
    <time>2026-09-19T11:34:56Z</time>
   </trkpt>
   <trkpt lat="43.1286580" lon="-3.9971330">
    <ele>627.0</ele>
    <time>2026-09-19T11:34:57Z</time>
   </trkpt>
   <trkpt lat="43.1286610" lon="-3.9971280">
    <ele>627.0</ele>
    <time>2026-09-19T11:34:58Z</time>
   </trkpt>
   <trkpt lat="43.1286560" lon="-3.9971270">
    <ele>627.0</ele>
    <time>2026-09-19T11:34:59Z</time>
   </trkpt>
   <trkpt lat="43.1286540" lon="-3.9971290">
    <ele>627.0</ele>
    <time>2026-09-19T11:35:00Z</time>
   </trkpt>
   <trkpt lat="43.1286530" lon="-3.9971340">
    <ele>627.0</ele>
    <time>2026-09-19T11:35:01Z</time>
   </trkpt>
   <trkpt lat="43.1286530" lon="-3.9971330">
    <ele>627.0</ele>
    <time>2026-09-19T11:35:02Z</time>
   </trkpt>
   <trkpt lat="43.1286530" lon="-3.9971330">
    <ele>627.0</ele>
    <time>2026-09-19T11:35:03Z</time>
   </trkpt>
   <trkpt lat="43.1286520" lon="-3.9971280">
    <ele>627.0</ele>
    <time>2026-09-19T11:35:04Z</time>
   </trkpt>
   <trkpt lat="43.1286500" lon="-3.9971260">
    <ele>627.0</ele>
    <time>2026-09-19T11:35:05Z</time>
   </trkpt>
   <trkpt lat="43.1286500" lon="-3.9971170">
    <ele>627.0</ele>
    <time>2026-09-19T11:35:06Z</time>
   </trkpt>
   <trkpt lat="43.1286510" lon="-3.9971150">
    <ele>627.0</ele>
    <time>2026-09-19T11:35:07Z</time>
   </trkpt>
   <trkpt lat="43.1286510" lon="-3.9971140">
    <ele>627.0</ele>
    <time>2026-09-19T11:35:08Z</time>
   </trkpt>
   <trkpt lat="43.1286390" lon="-3.9971000">
    <ele>626.7</ele>
    <time>2026-09-19T11:35:35Z</time>
   </trkpt>
   <trkpt lat="43.1286280" lon="-3.9971020">
    <ele>626.7</ele>
    <time>2026-09-19T11:35:36Z</time>
   </trkpt>
   <trkpt lat="43.1286190" lon="-3.9971150">
    <ele>626.7</ele>
    <time>2026-09-19T11:35:37Z</time>
   </trkpt>
   <trkpt lat="43.1286080" lon="-3.9971110">
    <ele>626.4</ele>
    <time>2026-09-19T11:35:38Z</time>
   </trkpt>
   <trkpt lat="43.1286010" lon="-3.9971200">
    <ele>626.4</ele>
    <time>2026-09-19T11:35:39Z</time>
   </trkpt>
   <trkpt lat="43.1286060" lon="-3.9971290">
    <ele>626.4</ele>
    <time>2026-09-19T11:35:40Z</time>
   </trkpt>
   <trkpt lat="43.1286110" lon="-3.9971290">
    <ele>626.4</ele>
    <time>2026-09-19T11:35:41Z</time>
   </trkpt>
   <trkpt lat="43.1286150" lon="-3.9971240">
    <ele>626.7</ele>
    <time>2026-09-19T11:35:42Z</time>
   </trkpt>
   <trkpt lat="43.1286140" lon="-3.9971230">
    <ele>626.7</ele>
    <time>2026-09-19T11:35:43Z</time>
   </trkpt>
   <trkpt lat="43.1285980" lon="-3.9971210">
    <ele>626.4</ele>
    <time>2026-09-19T11:35:44Z</time>
   </trkpt>
   <trkpt lat="43.1285920" lon="-3.9971190">
    <ele>626.4</ele>
    <time>2026-09-19T11:35:45Z</time>
   </trkpt>
   <trkpt lat="43.1285730" lon="-3.9971410">
    <ele>625.2</ele>
    <time>2026-09-19T11:35:46Z</time>
   </trkpt>
   <trkpt lat="43.1285650" lon="-3.9971460">
    <ele>625.2</ele>
    <time>2026-09-19T11:35:47Z</time>
   </trkpt>
   <trkpt lat="43.1285730" lon="-3.9971410">
    <ele>625.2</ele>
    <time>2026-09-19T11:35:48Z</time>
   </trkpt>
   <trkpt lat="43.1285800" lon="-3.9971350">
    <ele>626.1</ele>
    <time>2026-09-19T11:35:49Z</time>
   </trkpt>
   <trkpt lat="43.1285820" lon="-3.9971410">
    <ele>625.2</ele>
    <time>2026-09-19T11:35:50Z</time>
   </trkpt>
   <trkpt lat="43.1285810" lon="-3.9971510">
    <ele>625.2</ele>
    <time>2026-09-19T11:35:51Z</time>
   </trkpt>
   <trkpt lat="43.1285790" lon="-3.9971510">
    <ele>625.2</ele>
    <time>2026-09-19T11:35:52Z</time>
   </trkpt>
   <trkpt lat="43.1285760" lon="-3.9971410">
    <ele>625.2</ele>
    <time>2026-09-19T11:35:53Z</time>
   </trkpt>
   <trkpt lat="43.1285750" lon="-3.9971370">
    <ele>625.2</ele>
    <time>2026-09-19T11:35:54Z</time>
   </trkpt>
   <trkpt lat="43.1285630" lon="-3.9971280">
    <ele>626.1</ele>
    <time>2026-09-19T11:35:55Z</time>
   </trkpt>
   <trkpt lat="43.1285660" lon="-3.9971280">
    <ele>626.1</ele>
    <time>2026-09-19T11:35:56Z</time>
   </trkpt>
   <trkpt lat="43.1285670" lon="-3.9971270">
    <ele>626.1</ele>
    <time>2026-09-19T11:35:57Z</time>
   </trkpt>
   <trkpt lat="43.1285640" lon="-3.9971270">
    <ele>626.1</ele>
    <time>2026-09-19T11:35:58Z</time>
   </trkpt>
   <trkpt lat="43.1285610" lon="-3.9971330">
    <ele>626.1</ele>
    <time>2026-09-19T11:35:59Z</time>
   </trkpt>
   <trkpt lat="43.1285530" lon="-3.9971350">
    <ele>626.1</ele>
    <time>2026-09-19T11:36:00Z</time>
   </trkpt>
   <trkpt lat="43.1285560" lon="-3.9971440">
    <ele>625.2</ele>
    <time>2026-09-19T11:36:01Z</time>
   </trkpt>
   <trkpt lat="43.1285540" lon="-3.9971490">
    <ele>625.2</ele>
    <time>2026-09-19T11:36:02Z</time>
   </trkpt>
   <trkpt lat="43.1285500" lon="-3.9971560">
    <ele>624.9</ele>
    <time>2026-09-19T11:36:03Z</time>
   </trkpt>
   <trkpt lat="43.1285450" lon="-3.9971560">
    <ele>624.9</ele>
    <time>2026-09-19T11:36:04Z</time>
   </trkpt>
   <trkpt lat="43.1285330" lon="-3.9971630">
    <ele>624.9</ele>
    <time>2026-09-19T11:36:05Z</time>
   </trkpt>
   <trkpt lat="43.1285320" lon="-3.9971630">
    <ele>624.9</ele>
    <time>2026-09-19T11:36:06Z</time>
   </trkpt>
   <trkpt lat="43.1285310" lon="-3.9971670">
    <ele>624.9</ele>
    <time>2026-09-19T11:36:07Z</time>
   </trkpt>
   <trkpt lat="43.1285390" lon="-3.9971710">
    <ele>624.9</ele>
    <time>2026-09-19T11:36:08Z</time>
   </trkpt>
   <trkpt lat="43.1285370" lon="-3.9971680">
    <ele>624.9</ele>
    <time>2026-09-19T11:36:09Z</time>
   </trkpt>
   <trkpt lat="43.1285330" lon="-3.9971660">
    <ele>624.9</ele>
    <time>2026-09-19T11:36:10Z</time>
   </trkpt>
   <trkpt lat="43.1285260" lon="-3.9971650">
    <ele>624.9</ele>
    <time>2026-09-19T11:36:11Z</time>
   </trkpt>
   <trkpt lat="43.1285110" lon="-3.9971650">
    <ele>624.6</ele>
    <time>2026-09-19T11:36:12Z</time>
   </trkpt>
   <trkpt lat="43.1285060" lon="-3.9971650">
    <ele>624.6</ele>
    <time>2026-09-19T11:36:13Z</time>
   </trkpt>
   <trkpt lat="43.1285020" lon="-3.9971670">
    <ele>624.6</ele>
    <time>2026-09-19T11:36:14Z</time>
   </trkpt>
   <trkpt lat="43.1284990" lon="-3.9971690">
    <ele>624.6</ele>
    <time>2026-09-19T11:36:15Z</time>
   </trkpt>
   <trkpt lat="43.1284990" lon="-3.9971680">
    <ele>624.6</ele>
    <time>2026-09-19T11:36:16Z</time>
   </trkpt>
   <trkpt lat="43.1285000" lon="-3.9971650">
    <ele>624.6</ele>
    <time>2026-09-19T11:36:17Z</time>
   </trkpt>
   <trkpt lat="43.1285000" lon="-3.9971630">
    <ele>624.6</ele>
    <time>2026-09-19T11:36:18Z</time>
   </trkpt>
   <trkpt lat="43.1284950" lon="-3.9971620">
    <ele>624.6</ele>
    <time>2026-09-19T11:36:19Z</time>
   </trkpt>
   <trkpt lat="43.1284910" lon="-3.9971610">
    <ele>624.6</ele>
    <time>2026-09-19T11:36:20Z</time>
   </trkpt>
   <trkpt lat="43.1284850" lon="-3.9971620">
    <ele>624.3</ele>
    <time>2026-09-19T11:36:21Z</time>
   </trkpt>
   <trkpt lat="43.1284840" lon="-3.9971630">
    <ele>624.3</ele>
    <time>2026-09-19T11:36:22Z</time>
   </trkpt>
   <trkpt lat="43.1284870" lon="-3.9971730">
    <ele>624.3</ele>
    <time>2026-09-19T11:36:23Z</time>
   </trkpt>
   <trkpt lat="43.1284960" lon="-3.9971820">
    <ele>623.7</ele>
    <time>2026-09-19T11:36:24Z</time>
   </trkpt>
   <trkpt lat="43.1285090" lon="-3.9971910">
    <ele>623.7</ele>
    <time>2026-09-19T11:36:25Z</time>
   </trkpt>
   <trkpt lat="43.1285250" lon="-3.9971960">
    <ele>624.0</ele>
    <time>2026-09-19T11:36:26Z</time>
   </trkpt>
   <trkpt lat="43.1285360" lon="-3.9971980">
    <ele>624.0</ele>
    <time>2026-09-19T11:36:27Z</time>
   </trkpt>
   <trkpt lat="43.1285470" lon="-3.9971950">
    <ele>624.0</ele>
    <time>2026-09-19T11:36:28Z</time>
   </trkpt>
   <trkpt lat="43.1285520" lon="-3.9971880">
    <ele>624.3</ele>
    <time>2026-09-19T11:36:29Z</time>
   </trkpt>
   <trkpt lat="43.1285540" lon="-3.9971780">
    <ele>625.2</ele>
    <time>2026-09-19T11:36:30Z</time>
   </trkpt>
   <trkpt lat="43.1285550" lon="-3.9971710">
    <ele>625.2</ele>
    <time>2026-09-19T11:36:31Z</time>
   </trkpt>
   <trkpt lat="43.1285560" lon="-3.9971700">
    <ele>625.2</ele>
    <time>2026-09-19T11:36:32Z</time>
   </trkpt>
   <trkpt lat="43.1285580" lon="-3.9971730">
    <ele>625.2</ele>
    <time>2026-09-19T11:36:33Z</time>
   </trkpt>
   <trkpt lat="43.1285580" lon="-3.9971740">
    <ele>625.2</ele>
    <time>2026-09-19T11:36:34Z</time>
   </trkpt>
   <trkpt lat="43.1285600" lon="-3.9971750">
    <ele>625.2</ele>
    <time>2026-09-19T11:36:35Z</time>
   </trkpt>
   <trkpt lat="43.1285610" lon="-3.9971780">
    <ele>625.2</ele>
    <time>2026-09-19T11:36:36Z</time>
   </trkpt>
   <trkpt lat="43.1285610" lon="-3.9971800">
    <ele>624.4</ele>
    <time>2026-09-19T11:36:37Z</time>
   </trkpt>
   <trkpt lat="43.1285600" lon="-3.9971830">
    <ele>624.4</ele>
    <time>2026-09-19T11:36:38Z</time>
   </trkpt>
   <trkpt lat="43.1285590" lon="-3.9971850">
    <ele>624.4</ele>
    <time>2026-09-19T11:36:39Z</time>
   </trkpt>
   <trkpt lat="43.1285590" lon="-3.9971840">
    <ele>624.4</ele>
    <time>2026-09-19T11:36:40Z</time>
   </trkpt>
   <trkpt lat="43.1285580" lon="-3.9971860">
    <ele>624.4</ele>
    <time>2026-09-19T11:36:41Z</time>
   </trkpt>
   <trkpt lat="43.1285610" lon="-3.9971790">
    <ele>624.4</ele>
    <time>2026-09-19T11:36:42Z</time>
   </trkpt>
   <trkpt lat="43.1285670" lon="-3.9971640">
    <ele>625.2</ele>
    <time>2026-09-19T11:36:43Z</time>
   </trkpt>
   <trkpt lat="43.1285720" lon="-3.9971540">
    <ele>625.2</ele>
    <time>2026-09-19T11:36:44Z</time>
   </trkpt>
   <trkpt lat="43.1285790" lon="-3.9971510">
    <ele>625.2</ele>
    <time>2026-09-19T11:36:45Z</time>
   </trkpt>
   <trkpt lat="43.1285850" lon="-3.9971540">
    <ele>625.5</ele>
    <time>2026-09-19T11:36:46Z</time>
   </trkpt>
   <trkpt lat="43.1285840" lon="-3.9971580">
    <ele>625.5</ele>
    <time>2026-09-19T11:36:47Z</time>
   </trkpt>
   <trkpt lat="43.1285810" lon="-3.9971600">
    <ele>625.2</ele>
    <time>2026-09-19T11:36:48Z</time>
   </trkpt>
   <trkpt lat="43.1285780" lon="-3.9971580">
    <ele>625.2</ele>
    <time>2026-09-19T11:36:49Z</time>
   </trkpt>
   <trkpt lat="43.1285760" lon="-3.9971590">
    <ele>625.2</ele>
    <time>2026-09-19T11:36:50Z</time>
   </trkpt>
   <trkpt lat="43.1285760" lon="-3.9971630">
    <ele>625.2</ele>
    <time>2026-09-19T11:36:51Z</time>
   </trkpt>
   <trkpt lat="43.1285790" lon="-3.9971680">
    <ele>625.2</ele>
    <time>2026-09-19T11:36:52Z</time>
   </trkpt>
   <trkpt lat="43.1285810" lon="-3.9971720">
    <ele>625.2</ele>
    <time>2026-09-19T11:36:53Z</time>
   </trkpt>
   <trkpt lat="43.1285860" lon="-3.9971720">
    <ele>625.5</ele>
    <time>2026-09-19T11:36:54Z</time>
   </trkpt>
   <trkpt lat="43.1285930" lon="-3.9971690">
    <ele>625.5</ele>
    <time>2026-09-19T11:36:55Z</time>
   </trkpt>
   <trkpt lat="43.1286010" lon="-3.9971640">
    <ele>625.5</ele>
    <time>2026-09-19T11:36:56Z</time>
   </trkpt>
   <trkpt lat="43.1286140" lon="-3.9971630">
    <ele>625.9</ele>
    <time>2026-09-19T11:36:57Z</time>
   </trkpt>
   <trkpt lat="43.1286240" lon="-3.9971610">
    <ele>625.9</ele>
    <time>2026-09-19T11:36:58Z</time>
   </trkpt>
   <trkpt lat="43.1286310" lon="-3.9971550">
    <ele>625.9</ele>
    <time>2026-09-19T11:36:59Z</time>
   </trkpt>
   <trkpt lat="43.1286370" lon="-3.9971500">
    <ele>625.9</ele>
    <time>2026-09-19T11:37:00Z</time>
   </trkpt>
   <trkpt lat="43.1286490" lon="-3.9971430">
    <ele>626.2</ele>
    <time>2026-09-19T11:37:01Z</time>
   </trkpt>
   <trkpt lat="43.1286580" lon="-3.9971380">
    <ele>626.2</ele>
    <time>2026-09-19T11:37:02Z</time>
   </trkpt>
   <trkpt lat="43.1286620" lon="-3.9971340">
    <ele>627.0</ele>
    <time>2026-09-19T11:37:03Z</time>
   </trkpt>
   <trkpt lat="43.1286630" lon="-3.9971320">
    <ele>627.0</ele>
    <time>2026-09-19T11:37:04Z</time>
   </trkpt>
   <trkpt lat="43.1286620" lon="-3.9971310">
    <ele>627.0</ele>
    <time>2026-09-19T11:37:05Z</time>
   </trkpt>
   <trkpt lat="43.1286620" lon="-3.9971320">
    <ele>627.0</ele>
    <time>2026-09-19T11:37:06Z</time>
   </trkpt>
   <trkpt lat="43.1286620" lon="-3.9971320">
    <ele>627.0</ele>
    <time>2026-09-19T11:37:07Z</time>
   </trkpt>
   <trkpt lat="43.1286610" lon="-3.9971320">
    <ele>627.0</ele>
    <time>2026-09-19T11:37:08Z</time>
   </trkpt>
   <trkpt lat="43.1286600" lon="-3.9971320">
    <ele>627.0</ele>
    <time>2026-09-19T11:37:09Z</time>
   </trkpt>
   <trkpt lat="43.1286580" lon="-3.9971330">
    <ele>627.0</ele>
    <time>2026-09-19T11:37:10Z</time>
   </trkpt>
   <trkpt lat="43.1286570" lon="-3.9971330">
    <ele>627.0</ele>
    <time>2026-09-19T11:37:11Z</time>
   </trkpt>
   <trkpt lat="43.1286530" lon="-3.9971330">
    <ele>627.0</ele>
    <time>2026-09-19T11:37:12Z</time>
   </trkpt>
   <trkpt lat="43.1286530" lon="-3.9971330">
    <ele>627.0</ele>
    <time>2026-09-19T11:37:13Z</time>
   </trkpt>
   <trkpt lat="43.1286500" lon="-3.9971320">
    <ele>627.0</ele>
    <time>2026-09-19T11:37:14Z</time>
   </trkpt>
   <trkpt lat="43.1286090" lon="-3.9971480">
    <ele>625.6</ele>
    <time>2026-09-19T11:37:51Z</time>
   </trkpt>
   <trkpt lat="43.1285990" lon="-3.9971530">
    <ele>625.6</ele>
    <time>2026-09-19T11:37:52Z</time>
   </trkpt>
   <trkpt lat="43.1285850" lon="-3.9971550">
    <ele>625.6</ele>
    <time>2026-09-19T11:37:53Z</time>
   </trkpt>
   <trkpt lat="43.1285760" lon="-3.9971530">
    <ele>625.2</ele>
    <time>2026-09-19T11:37:54Z</time>
   </trkpt>
   <trkpt lat="43.1285710" lon="-3.9971500">
    <ele>625.2</ele>
    <time>2026-09-19T11:37:55Z</time>
   </trkpt>
   <trkpt lat="43.1285690" lon="-3.9971460">
    <ele>625.2</ele>
    <time>2026-09-19T11:37:56Z</time>
   </trkpt>
   <trkpt lat="43.1285680" lon="-3.9971430">
    <ele>625.2</ele>
    <time>2026-09-19T11:37:57Z</time>
   </trkpt>
   <trkpt lat="43.1285660" lon="-3.9971420">
    <ele>625.2</ele>
    <time>2026-09-19T11:37:58Z</time>
   </trkpt>
   <trkpt lat="43.1285640" lon="-3.9971420">
    <ele>625.2</ele>
    <time>2026-09-19T11:37:59Z</time>
   </trkpt>
   <trkpt lat="43.1285620" lon="-3.9971420">
    <ele>625.2</ele>
    <time>2026-09-19T11:38:00Z</time>
   </trkpt>
   <trkpt lat="43.1285610" lon="-3.9971420">
    <ele>625.2</ele>
    <time>2026-09-19T11:38:01Z</time>
   </trkpt>
   <trkpt lat="43.1285520" lon="-3.9971410">
    <ele>625.2</ele>
    <time>2026-09-19T11:38:02Z</time>
   </trkpt>
   <trkpt lat="43.1285510" lon="-3.9971450">
    <ele>624.9</ele>
    <time>2026-09-19T11:38:03Z</time>
   </trkpt>
   <trkpt lat="43.1285490" lon="-3.9971480">
    <ele>624.9</ele>
    <time>2026-09-19T11:38:04Z</time>
   </trkpt>
   <trkpt lat="43.1285470" lon="-3.9971500">
    <ele>624.9</ele>
    <time>2026-09-19T11:38:05Z</time>
   </trkpt>
   <trkpt lat="43.1285440" lon="-3.9971490">
    <ele>624.9</ele>
    <time>2026-09-19T11:38:06Z</time>
   </trkpt>
   <trkpt lat="43.1285450" lon="-3.9971460">
    <ele>624.9</ele>
    <time>2026-09-19T11:38:07Z</time>
   </trkpt>
   <trkpt lat="43.1285450" lon="-3.9971500">
    <ele>624.9</ele>
    <time>2026-09-19T11:38:08Z</time>
   </trkpt>
   <trkpt lat="43.1285450" lon="-3.9971510">
    <ele>624.9</ele>
    <time>2026-09-19T11:38:09Z</time>
   </trkpt>
   <trkpt lat="43.1285440" lon="-3.9971580">
    <ele>624.9</ele>
    <time>2026-09-19T11:38:10Z</time>
   </trkpt>
   <trkpt lat="43.1285450" lon="-3.9971580">
    <ele>624.9</ele>
    <time>2026-09-19T11:38:11Z</time>
   </trkpt>
   <trkpt lat="43.1285470" lon="-3.9971520">
    <ele>624.9</ele>
    <time>2026-09-19T11:38:12Z</time>
   </trkpt>
   <trkpt lat="43.1285380" lon="-3.9971510">
    <ele>624.9</ele>
    <time>2026-09-19T11:38:13Z</time>
   </trkpt>
   <trkpt lat="43.1285310" lon="-3.9971570">
    <ele>624.9</ele>
    <time>2026-09-19T11:38:14Z</time>
   </trkpt>
   <trkpt lat="43.1285220" lon="-3.9971680">
    <ele>624.9</ele>
    <time>2026-09-19T11:38:15Z</time>
   </trkpt>
   <trkpt lat="43.1285170" lon="-3.9971780">
    <ele>624.6</ele>
    <time>2026-09-19T11:38:16Z</time>
   </trkpt>
   <trkpt lat="43.1285150" lon="-3.9971830">
    <ele>623.7</ele>
    <time>2026-09-19T11:38:17Z</time>
   </trkpt>
   <trkpt lat="43.1285110" lon="-3.9971830">
    <ele>623.7</ele>
    <time>2026-09-19T11:38:18Z</time>
   </trkpt>
   <trkpt lat="43.1285060" lon="-3.9971780">
    <ele>624.6</ele>
    <time>2026-09-19T11:38:19Z</time>
   </trkpt>
   <trkpt lat="43.1284880" lon="-3.9971830">
    <ele>623.5</ele>
    <time>2026-09-19T11:38:20Z</time>
   </trkpt>
   <trkpt lat="43.1284730" lon="-3.9971930">
    <ele>623.5</ele>
    <time>2026-09-19T11:38:21Z</time>
   </trkpt>
   <trkpt lat="43.1284670" lon="-3.9971960">
    <ele>623.5</ele>
    <time>2026-09-19T11:38:22Z</time>
   </trkpt>
   <trkpt lat="43.1284640" lon="-3.9972040">
    <ele>623.5</ele>
    <time>2026-09-19T11:38:23Z</time>
   </trkpt>
   <trkpt lat="43.1284610" lon="-3.9972000">
    <ele>623.5</ele>
    <time>2026-09-19T11:38:24Z</time>
   </trkpt>
   <trkpt lat="43.1284600" lon="-3.9971980">
    <ele>623.5</ele>
    <time>2026-09-19T11:38:25Z</time>
   </trkpt>
   <trkpt lat="43.1284590" lon="-3.9971980">
    <ele>623.5</ele>
    <time>2026-09-19T11:38:26Z</time>
   </trkpt>
   <trkpt lat="43.1284560" lon="-3.9971950">
    <ele>623.2</ele>
    <time>2026-09-19T11:38:27Z</time>
   </trkpt>
   <trkpt lat="43.1284510" lon="-3.9971960">
    <ele>623.2</ele>
    <time>2026-09-19T11:38:28Z</time>
   </trkpt>
   <trkpt lat="43.1284540" lon="-3.9971980">
    <ele>623.2</ele>
    <time>2026-09-19T11:38:29Z</time>
   </trkpt>
   <trkpt lat="43.1284560" lon="-3.9971990">
    <ele>623.2</ele>
    <time>2026-09-19T11:38:30Z</time>
   </trkpt>
   <trkpt lat="43.1284530" lon="-3.9971960">
    <ele>623.2</ele>
    <time>2026-09-19T11:38:31Z</time>
   </trkpt>
   <trkpt lat="43.1284600" lon="-3.9971990">
    <ele>623.5</ele>
    <time>2026-09-19T11:38:32Z</time>
   </trkpt>
   <trkpt lat="43.1284620" lon="-3.9972010">
    <ele>623.5</ele>
    <time>2026-09-19T11:38:33Z</time>
   </trkpt>
   <trkpt lat="43.1284600" lon="-3.9971980">
    <ele>623.5</ele>
    <time>2026-09-19T11:38:34Z</time>
   </trkpt>
   <trkpt lat="43.1284600" lon="-3.9972000">
    <ele>623.5</ele>
    <time>2026-09-19T11:38:35Z</time>
   </trkpt>
   <trkpt lat="43.1284630" lon="-3.9972090">
    <ele>623.5</ele>
    <time>2026-09-19T11:38:36Z</time>
   </trkpt>
   <trkpt lat="43.1284680" lon="-3.9972110">
    <ele>623.5</ele>
    <time>2026-09-19T11:38:37Z</time>
   </trkpt>
   <trkpt lat="43.1284680" lon="-3.9972040">
    <ele>623.5</ele>
    <time>2026-09-19T11:38:38Z</time>
   </trkpt>
   <trkpt lat="43.1284730" lon="-3.9972410">
    <ele>622.6</ele>
    <time>2026-09-19T11:38:56Z</time>
   </trkpt>
   <trkpt lat="43.1284730" lon="-3.9972380">
    <ele>622.6</ele>
    <time>2026-09-19T11:38:57Z</time>
   </trkpt>
   <trkpt lat="43.1284670" lon="-3.9972320">
    <ele>622.6</ele>
    <time>2026-09-19T11:38:58Z</time>
   </trkpt>
   <trkpt lat="43.1284640" lon="-3.9972280">
    <ele>622.6</ele>
    <time>2026-09-19T11:38:59Z</time>
   </trkpt>
   <trkpt lat="43.1284640" lon="-3.9972290">
    <ele>622.6</ele>
    <time>2026-09-19T11:39:00Z</time>
   </trkpt>
   <trkpt lat="43.1284630" lon="-3.9972280">
    <ele>622.6</ele>
    <time>2026-09-19T11:39:01Z</time>
   </trkpt>
   <trkpt lat="43.1284680" lon="-3.9972340">
    <ele>622.6</ele>
    <time>2026-09-19T11:39:02Z</time>
   </trkpt>
   <trkpt lat="43.1284640" lon="-3.9972420">
    <ele>622.6</ele>
    <time>2026-09-19T11:39:03Z</time>
   </trkpt>
   <trkpt lat="43.1284650" lon="-3.9972450">
    <ele>622.6</ele>
    <time>2026-09-19T11:39:04Z</time>
   </trkpt>
   <trkpt lat="43.1284710" lon="-3.9972460">
    <ele>622.6</ele>
    <time>2026-09-19T11:39:05Z</time>
   </trkpt>
   <trkpt lat="43.1284770" lon="-3.9972540">
    <ele>622.6</ele>
    <time>2026-09-19T11:39:06Z</time>
   </trkpt>
   <trkpt lat="43.1284790" lon="-3.9972570">
    <ele>622.6</ele>
    <time>2026-09-19T11:39:07Z</time>
   </trkpt>
   <trkpt lat="43.1284820" lon="-3.9972620">
    <ele>622.6</ele>
    <time>2026-09-19T11:39:08Z</time>
   </trkpt>
   <trkpt lat="43.1284870" lon="-3.9972710">
    <ele>621.7</ele>
    <time>2026-09-19T11:39:09Z</time>
   </trkpt>
   <trkpt lat="43.1284890" lon="-3.9972760">
    <ele>622.0</ele>
    <time>2026-09-19T11:39:10Z</time>
   </trkpt>
   <trkpt lat="43.1284850" lon="-3.9972730">
    <ele>621.7</ele>
    <time>2026-09-19T11:39:11Z</time>
   </trkpt>
   <trkpt lat="43.1284840" lon="-3.9972700">
    <ele>621.7</ele>
    <time>2026-09-19T11:39:12Z</time>
   </trkpt>
   <trkpt lat="43.1284900" lon="-3.9972730">
    <ele>622.0</ele>
    <time>2026-09-19T11:39:13Z</time>
   </trkpt>
   <trkpt lat="43.1284930" lon="-3.9972790">
    <ele>622.0</ele>
    <time>2026-09-19T11:39:14Z</time>
   </trkpt>
   <trkpt lat="43.1284890" lon="-3.9972860">
    <ele>622.0</ele>
    <time>2026-09-19T11:39:15Z</time>
   </trkpt>
   <trkpt lat="43.1284870" lon="-3.9972940">
    <ele>621.7</ele>
    <time>2026-09-19T11:39:16Z</time>
   </trkpt>
   <trkpt lat="43.1284820" lon="-3.9972950">
    <ele>621.7</ele>
    <time>2026-09-19T11:39:17Z</time>
   </trkpt>
   <trkpt lat="43.1284770" lon="-3.9973030">
    <ele>621.7</ele>
    <time>2026-09-19T11:39:18Z</time>
   </trkpt>
   <trkpt lat="43.1284740" lon="-3.9973060">
    <ele>621.7</ele>
    <time>2026-09-19T11:39:19Z</time>
   </trkpt>
   <trkpt lat="43.1284760" lon="-3.9973110">
    <ele>620.8</ele>
    <time>2026-09-19T11:39:20Z</time>
   </trkpt>
   <trkpt lat="43.1284780" lon="-3.9973210">
    <ele>620.8</ele>
    <time>2026-09-19T11:39:21Z</time>
   </trkpt>
   <trkpt lat="43.1284800" lon="-3.9973240">
    <ele>620.8</ele>
    <time>2026-09-19T11:39:22Z</time>
   </trkpt>
   <trkpt lat="43.1284750" lon="-3.9973270">
    <ele>620.8</ele>
    <time>2026-09-19T11:39:23Z</time>
   </trkpt>
   <trkpt lat="43.1284680" lon="-3.9973240">
    <ele>620.8</ele>
    <time>2026-09-19T11:39:24Z</time>
   </trkpt>
   <trkpt lat="43.1284500" lon="-3.9973200">
    <ele>620.5</ele>
    <time>2026-09-19T11:39:25Z</time>
   </trkpt>
   <trkpt lat="43.1284270" lon="-3.9973320">
    <ele>620.5</ele>
    <time>2026-09-19T11:39:26Z</time>
   </trkpt>
   <trkpt lat="43.1284110" lon="-3.9973460">
    <ele>620.2</ele>
    <time>2026-09-19T11:39:27Z</time>
   </trkpt>
   <trkpt lat="43.1284000" lon="-3.9973520">
    <ele>619.3</ele>
    <time>2026-09-19T11:39:28Z</time>
   </trkpt>
   <trkpt lat="43.1283840" lon="-3.9973550">
    <ele>618.9</ele>
    <time>2026-09-19T11:39:29Z</time>
   </trkpt>
   <trkpt lat="43.1283690" lon="-3.9973540">
    <ele>618.9</ele>
    <time>2026-09-19T11:39:30Z</time>
   </trkpt>
   <trkpt lat="43.1283600" lon="-3.9973550">
    <ele>618.6</ele>
    <time>2026-09-19T11:39:31Z</time>
   </trkpt>
   <trkpt lat="43.1283450" lon="-3.9973490">
    <ele>619.5</ele>
    <time>2026-09-19T11:39:32Z</time>
   </trkpt>
   <trkpt lat="43.1283290" lon="-3.9973440">
    <ele>619.2</ele>
    <time>2026-09-19T11:39:33Z</time>
   </trkpt>
   <trkpt lat="43.1282920" lon="-3.9973430">
    <ele>618.8</ele>
    <time>2026-09-19T11:39:34Z</time>
   </trkpt>
   <trkpt lat="43.1282610" lon="-3.9973500">
    <ele>617.4</ele>
    <time>2026-09-19T11:39:35Z</time>
   </trkpt>
   <trkpt lat="43.1282480" lon="-3.9973600">
    <ele>617.4</ele>
    <time>2026-09-19T11:39:36Z</time>
   </trkpt>
   <trkpt lat="43.1282540" lon="-3.9973650">
    <ele>617.4</ele>
    <time>2026-09-19T11:39:37Z</time>
   </trkpt>
   <trkpt lat="43.1282490" lon="-3.9973740">
    <ele>617.4</ele>
    <time>2026-09-19T11:39:38Z</time>
   </trkpt>
   <trkpt lat="43.1282500" lon="-3.9973710">
    <ele>617.4</ele>
    <time>2026-09-19T11:39:39Z</time>
   </trkpt>
   <trkpt lat="43.1282480" lon="-3.9973660">
    <ele>617.4</ele>
    <time>2026-09-19T11:39:40Z</time>
   </trkpt>
   <trkpt lat="43.1282350" lon="-3.9973700">
    <ele>617.1</ele>
    <time>2026-09-19T11:39:41Z</time>
   </trkpt>
   <trkpt lat="43.1282240" lon="-3.9973630">
    <ele>617.1</ele>
    <time>2026-09-19T11:39:42Z</time>
   </trkpt>
   <trkpt lat="43.1282110" lon="-3.9973670">
    <ele>617.1</ele>
    <time>2026-09-19T11:39:43Z</time>
   </trkpt>
   <trkpt lat="43.1282000" lon="-3.9973730">
    <ele>616.7</ele>
    <time>2026-09-19T11:39:44Z</time>
   </trkpt>
   <trkpt lat="43.1281820" lon="-3.9973800">
    <ele>616.7</ele>
    <time>2026-09-19T11:39:45Z</time>
   </trkpt>
   <trkpt lat="43.1281660" lon="-3.9973780">
    <ele>616.4</ele>
    <time>2026-09-19T11:39:46Z</time>
   </trkpt>
   <trkpt lat="43.1281570" lon="-3.9973720">
    <ele>616.4</ele>
    <time>2026-09-19T11:39:47Z</time>
   </trkpt>
   <trkpt lat="43.1281470" lon="-3.9973700">
    <ele>616.4</ele>
    <time>2026-09-19T11:39:48Z</time>
   </trkpt>
   <trkpt lat="43.1281320" lon="-3.9973780">
    <ele>616.0</ele>
    <time>2026-09-19T11:39:49Z</time>
   </trkpt>
   <trkpt lat="43.1281210" lon="-3.9973830">
    <ele>616.0</ele>
    <time>2026-09-19T11:39:50Z</time>
   </trkpt>
   <trkpt lat="43.1281190" lon="-3.9973840">
    <ele>616.0</ele>
    <time>2026-09-19T11:39:51Z</time>
   </trkpt>
   <trkpt lat="43.1281160" lon="-3.9973830">
    <ele>616.0</ele>
    <time>2026-09-19T11:39:52Z</time>
   </trkpt>
   <trkpt lat="43.1281080" lon="-3.9973810">
    <ele>615.6</ele>
    <time>2026-09-19T11:39:53Z</time>
   </trkpt>
   <trkpt lat="43.1281020" lon="-3.9973780">
    <ele>615.6</ele>
    <time>2026-09-19T11:39:54Z</time>
   </trkpt>
   <trkpt lat="43.1280930" lon="-3.9973810">
    <ele>615.6</ele>
    <time>2026-09-19T11:39:55Z</time>
   </trkpt>
   <trkpt lat="43.1280960" lon="-3.9973720">
    <ele>615.6</ele>
    <time>2026-09-19T11:39:56Z</time>
   </trkpt>
   <trkpt lat="43.1281010" lon="-3.9973640">
    <ele>615.6</ele>
    <time>2026-09-19T11:39:57Z</time>
   </trkpt>
   <trkpt lat="43.1280980" lon="-3.9973580">
    <ele>615.6</ele>
    <time>2026-09-19T11:39:58Z</time>
   </trkpt>
   <trkpt lat="43.1280820" lon="-3.9973490">
    <ele>616.5</ele>
    <time>2026-09-19T11:39:59Z</time>
   </trkpt>
   <trkpt lat="43.1280730" lon="-3.9973470">
    <ele>616.1</ele>
    <time>2026-09-19T11:40:00Z</time>
   </trkpt>
   <trkpt lat="43.1280630" lon="-3.9973480">
    <ele>616.1</ele>
    <time>2026-09-19T11:40:01Z</time>
   </trkpt>
   <trkpt lat="43.1280590" lon="-3.9973420">
    <ele>616.1</ele>
    <time>2026-09-19T11:40:02Z</time>
   </trkpt>
   <trkpt lat="43.1280590" lon="-3.9973320">
    <ele>616.1</ele>
    <time>2026-09-19T11:40:03Z</time>
   </trkpt>
   <trkpt lat="43.1280580" lon="-3.9973380">
    <ele>616.1</ele>
    <time>2026-09-19T11:40:04Z</time>
   </trkpt>
   <trkpt lat="43.1280570" lon="-3.9973440">
    <ele>616.1</ele>
    <time>2026-09-19T11:40:05Z</time>
   </trkpt>
   <trkpt lat="43.1280570" lon="-3.9973480">
    <ele>616.1</ele>
    <time>2026-09-19T11:40:06Z</time>
   </trkpt>
   <trkpt lat="43.1280610" lon="-3.9973510">
    <ele>615.1</ele>
    <time>2026-09-19T11:40:07Z</time>
   </trkpt>
   <trkpt lat="43.1280650" lon="-3.9973490">
    <ele>616.1</ele>
    <time>2026-09-19T11:40:08Z</time>
   </trkpt>
   <trkpt lat="43.1280710" lon="-3.9973580">
    <ele>615.1</ele>
    <time>2026-09-19T11:40:09Z</time>
   </trkpt>
   <trkpt lat="43.1280710" lon="-3.9973580">
    <ele>615.1</ele>
    <time>2026-09-19T11:40:10Z</time>
   </trkpt>
   <trkpt lat="43.1280720" lon="-3.9973520">
    <ele>615.1</ele>
    <time>2026-09-19T11:40:11Z</time>
   </trkpt>
   <trkpt lat="43.1280640" lon="-3.9973320">
    <ele>616.1</ele>
    <time>2026-09-19T11:40:12Z</time>
   </trkpt>
   <trkpt lat="43.1280520" lon="-3.9973350">
    <ele>616.1</ele>
    <time>2026-09-19T11:40:13Z</time>
   </trkpt>
   <trkpt lat="43.1280430" lon="-3.9973340">
    <ele>615.6</ele>
    <time>2026-09-19T11:40:14Z</time>
   </trkpt>
   <trkpt lat="43.1280480" lon="-3.9973330">
    <ele>615.6</ele>
    <time>2026-09-19T11:40:15Z</time>
   </trkpt>
   <trkpt lat="43.1280480" lon="-3.9973380">
    <ele>615.6</ele>
    <time>2026-09-19T11:40:16Z</time>
   </trkpt>
   <trkpt lat="43.1280520" lon="-3.9973380">
    <ele>616.1</ele>
    <time>2026-09-19T11:40:17Z</time>
   </trkpt>
   <trkpt lat="43.1280560" lon="-3.9973360">
    <ele>616.1</ele>
    <time>2026-09-19T11:40:18Z</time>
   </trkpt>
   <trkpt lat="43.1280640" lon="-3.9973340">
    <ele>616.1</ele>
    <time>2026-09-19T11:40:19Z</time>
   </trkpt>
   <trkpt lat="43.1280690" lon="-3.9973340">
    <ele>616.1</ele>
    <time>2026-09-19T11:40:20Z</time>
   </trkpt>
   <trkpt lat="43.1280690" lon="-3.9973350">
    <ele>616.1</ele>
    <time>2026-09-19T11:40:21Z</time>
   </trkpt>
   <trkpt lat="43.1280690" lon="-3.9973390">
    <ele>616.1</ele>
    <time>2026-09-19T11:40:22Z</time>
   </trkpt>
   <trkpt lat="43.1280500" lon="-3.9973370">
    <ele>615.6</ele>
    <time>2026-09-19T11:40:23Z</time>
   </trkpt>
   <trkpt lat="43.1280390" lon="-3.9973370">
    <ele>615.6</ele>
    <time>2026-09-19T11:40:24Z</time>
   </trkpt>
   <trkpt lat="43.1280300" lon="-3.9973330">
    <ele>615.6</ele>
    <time>2026-09-19T11:40:25Z</time>
   </trkpt>
   <trkpt lat="43.1280300" lon="-3.9973240">
    <ele>615.6</ele>
    <time>2026-09-19T11:40:26Z</time>
   </trkpt>
   <trkpt lat="43.1280340" lon="-3.9973210">
    <ele>615.6</ele>
    <time>2026-09-19T11:40:27Z</time>
   </trkpt>
   <trkpt lat="43.1280390" lon="-3.9973160">
    <ele>615.6</ele>
    <time>2026-09-19T11:40:28Z</time>
   </trkpt>
   <trkpt lat="43.1280370" lon="-3.9973120">
    <ele>615.6</ele>
    <time>2026-09-19T11:40:29Z</time>
   </trkpt>
   <trkpt lat="43.1280330" lon="-3.9973060">
    <ele>616.5</ele>
    <time>2026-09-19T11:40:30Z</time>
   </trkpt>
   <trkpt lat="43.1280180" lon="-3.9973020">
    <ele>616.0</ele>
    <time>2026-09-19T11:40:31Z</time>
   </trkpt>
   <trkpt lat="43.1280130" lon="-3.9972980">
    <ele>616.0</ele>
    <time>2026-09-19T11:40:32Z</time>
   </trkpt>
   <trkpt lat="43.1280130" lon="-3.9972900">
    <ele>616.0</ele>
    <time>2026-09-19T11:40:33Z</time>
   </trkpt>
   <trkpt lat="43.1280070" lon="-3.9972790">
    <ele>616.0</ele>
    <time>2026-09-19T11:40:34Z</time>
   </trkpt>
   <trkpt lat="43.1280110" lon="-3.9972770">
    <ele>616.0</ele>
    <time>2026-09-19T11:40:35Z</time>
   </trkpt>
   <trkpt lat="43.1280090" lon="-3.9972780">
    <ele>616.0</ele>
    <time>2026-09-19T11:40:36Z</time>
   </trkpt>
   <trkpt lat="43.1280080" lon="-3.9972830">
    <ele>616.0</ele>
    <time>2026-09-19T11:40:37Z</time>
   </trkpt>
   <trkpt lat="43.1280090" lon="-3.9972830">
    <ele>616.0</ele>
    <time>2026-09-19T11:40:38Z</time>
   </trkpt>
   <trkpt lat="43.1280070" lon="-3.9972730">
    <ele>616.0</ele>
    <time>2026-09-19T11:40:39Z</time>
   </trkpt>
   <trkpt lat="43.1280100" lon="-3.9972530">
    <ele>616.9</ele>
    <time>2026-09-19T11:40:40Z</time>
   </trkpt>
   <trkpt lat="43.1280120" lon="-3.9972440">
    <ele>616.9</ele>
    <time>2026-09-19T11:40:41Z</time>
   </trkpt>
   <trkpt lat="43.1280150" lon="-3.9972430">
    <ele>616.9</ele>
    <time>2026-09-19T11:40:42Z</time>
   </trkpt>
   <trkpt lat="43.1280130" lon="-3.9972420">
    <ele>616.9</ele>
    <time>2026-09-19T11:40:43Z</time>
   </trkpt>
   <trkpt lat="43.1280110" lon="-3.9972370">
    <ele>616.9</ele>
    <time>2026-09-19T11:40:44Z</time>
   </trkpt>
   <trkpt lat="43.1280090" lon="-3.9972240">
    <ele>616.9</ele>
    <time>2026-09-19T11:40:45Z</time>
   </trkpt>
   <trkpt lat="43.1280070" lon="-3.9972140">
    <ele>617.8</ele>
    <time>2026-09-19T11:40:46Z</time>
   </trkpt>
   <trkpt lat="43.1280140" lon="-3.9972150">
    <ele>617.8</ele>
    <time>2026-09-19T11:40:47Z</time>
   </trkpt>
   <trkpt lat="43.1280180" lon="-3.9972170">
    <ele>617.8</ele>
    <time>2026-09-19T11:40:48Z</time>
   </trkpt>
   <trkpt lat="43.1280190" lon="-3.9972100">
    <ele>618.3</ele>
    <time>2026-09-19T11:40:49Z</time>
   </trkpt>
   <trkpt lat="43.1280170" lon="-3.9972020">
    <ele>617.8</ele>
    <time>2026-09-19T11:40:50Z</time>
   </trkpt>
   <trkpt lat="43.1280040" lon="-3.9972020">
    <ele>617.8</ele>
    <time>2026-09-19T11:40:51Z</time>
   </trkpt>
   <trkpt lat="43.1280050" lon="-3.9972030">
    <ele>617.8</ele>
    <time>2026-09-19T11:40:52Z</time>
   </trkpt>
   <trkpt lat="43.1280070" lon="-3.9972050">
    <ele>617.8</ele>
    <time>2026-09-19T11:40:53Z</time>
   </trkpt>
   <trkpt lat="43.1280010" lon="-3.9972090">
    <ele>617.8</ele>
    <time>2026-09-19T11:40:54Z</time>
   </trkpt>
   <trkpt lat="43.1280000" lon="-3.9972150">
    <ele>617.8</ele>
    <time>2026-09-19T11:40:55Z</time>
   </trkpt>
   <trkpt lat="43.1280000" lon="-3.9972310">
    <ele>616.9</ele>
    <time>2026-09-19T11:40:56Z</time>
   </trkpt>
   <trkpt lat="43.1279980" lon="-3.9972350">
    <ele>616.9</ele>
    <time>2026-09-19T11:40:57Z</time>
   </trkpt>
   <trkpt lat="43.1279980" lon="-3.9972400">
    <ele>616.9</ele>
    <time>2026-09-19T11:40:58Z</time>
   </trkpt>
   <trkpt lat="43.1279980" lon="-3.9972370">
    <ele>616.9</ele>
    <time>2026-09-19T11:40:59Z</time>
   </trkpt>
   <trkpt lat="43.1280030" lon="-3.9972350">
    <ele>616.9</ele>
    <time>2026-09-19T11:41:00Z</time>
   </trkpt>
   <trkpt lat="43.1279990" lon="-3.9972310">
    <ele>616.9</ele>
    <time>2026-09-19T11:41:01Z</time>
   </trkpt>
   <trkpt lat="43.1279990" lon="-3.9972250">
    <ele>616.9</ele>
    <time>2026-09-19T11:41:02Z</time>
   </trkpt>
   <trkpt lat="43.1280000" lon="-3.9972280">
    <ele>616.9</ele>
    <time>2026-09-19T11:41:03Z</time>
   </trkpt>
   <trkpt lat="43.1280010" lon="-3.9972330">
    <ele>616.9</ele>
    <time>2026-09-19T11:41:04Z</time>
   </trkpt>
   <trkpt lat="43.1280010" lon="-3.9972340">
    <ele>616.9</ele>
    <time>2026-09-19T11:41:05Z</time>
   </trkpt>
   <trkpt lat="43.1279990" lon="-3.9972250">
    <ele>616.9</ele>
    <time>2026-09-19T11:41:06Z</time>
   </trkpt>
   <trkpt lat="43.1280010" lon="-3.9971810">
    <ele>617.8</ele>
    <time>2026-09-19T11:41:36Z</time>
   </trkpt>
   <trkpt lat="43.1280030" lon="-3.9971750">
    <ele>618.7</ele>
    <time>2026-09-19T11:41:37Z</time>
   </trkpt>
   <trkpt lat="43.1279920" lon="-3.9971740">
    <ele>618.7</ele>
    <time>2026-09-19T11:41:38Z</time>
   </trkpt>
   <trkpt lat="43.1279960" lon="-3.9971720">
    <ele>618.7</ele>
    <time>2026-09-19T11:41:39Z</time>
   </trkpt>
   <trkpt lat="43.1280090" lon="-3.9971630">
    <ele>618.7</ele>
    <time>2026-09-19T11:41:40Z</time>
   </trkpt>
   <trkpt lat="43.1280170" lon="-3.9971620">
    <ele>618.7</ele>
    <time>2026-09-19T11:41:41Z</time>
   </trkpt>
   <trkpt lat="43.1280220" lon="-3.9971640">
    <ele>619.2</ele>
    <time>2026-09-19T11:41:42Z</time>
   </trkpt>
   <trkpt lat="43.1280260" lon="-3.9971650">
    <ele>619.2</ele>
    <time>2026-09-19T11:41:43Z</time>
   </trkpt>
   <trkpt lat="43.1280230" lon="-3.9971680">
    <ele>619.2</ele>
    <time>2026-09-19T11:41:44Z</time>
   </trkpt>
   <trkpt lat="43.1280180" lon="-3.9971700">
    <ele>618.7</ele>
    <time>2026-09-19T11:41:45Z</time>
   </trkpt>
   <trkpt lat="43.1280210" lon="-3.9971760">
    <ele>619.2</ele>
    <time>2026-09-19T11:41:46Z</time>
   </trkpt>
   <trkpt lat="43.1280240" lon="-3.9971790">
    <ele>618.3</ele>
    <time>2026-09-19T11:41:47Z</time>
   </trkpt>
   <trkpt lat="43.1280240" lon="-3.9971820">
    <ele>618.3</ele>
    <time>2026-09-19T11:41:48Z</time>
   </trkpt>
   <trkpt lat="43.1280130" lon="-3.9971890">
    <ele>617.8</ele>
    <time>2026-09-19T11:41:49Z</time>
   </trkpt>
   <trkpt lat="43.1280060" lon="-3.9971880">
    <ele>617.8</ele>
    <time>2026-09-19T11:41:50Z</time>
   </trkpt>
   <trkpt lat="43.1280000" lon="-3.9971890">
    <ele>617.8</ele>
    <time>2026-09-19T11:41:51Z</time>
   </trkpt>
   <trkpt lat="43.1280010" lon="-3.9971930">
    <ele>617.8</ele>
    <time>2026-09-19T11:41:52Z</time>
   </trkpt>
   <trkpt lat="43.1279990" lon="-3.9971840">
    <ele>617.8</ele>
    <time>2026-09-19T11:41:53Z</time>
   </trkpt>
   <trkpt lat="43.1280000" lon="-3.9971920">
    <ele>617.8</ele>
    <time>2026-09-19T11:41:54Z</time>
   </trkpt>
   <trkpt lat="43.1280020" lon="-3.9971970">
    <ele>617.8</ele>
    <time>2026-09-19T11:41:55Z</time>
   </trkpt>
   <trkpt lat="43.1279980" lon="-3.9971830">
    <ele>617.8</ele>
    <time>2026-09-19T11:41:56Z</time>
   </trkpt>
   <trkpt lat="43.1280030" lon="-3.9971760">
    <ele>618.7</ele>
    <time>2026-09-19T11:41:57Z</time>
   </trkpt>
   <trkpt lat="43.1280030" lon="-3.9971830">
    <ele>617.8</ele>
    <time>2026-09-19T11:41:58Z</time>
   </trkpt>
   <trkpt lat="43.1280090" lon="-3.9971790">
    <ele>617.8</ele>
    <time>2026-09-19T11:41:59Z</time>
   </trkpt>
   <trkpt lat="43.1280140" lon="-3.9971750">
    <ele>618.7</ele>
    <time>2026-09-19T11:42:00Z</time>
   </trkpt>
   <trkpt lat="43.1280080" lon="-3.9971770">
    <ele>618.7</ele>
    <time>2026-09-19T11:42:01Z</time>
   </trkpt>
   <trkpt lat="43.1280070" lon="-3.9971770">
    <ele>618.7</ele>
    <time>2026-09-19T11:42:02Z</time>
   </trkpt>
   <trkpt lat="43.1280050" lon="-3.9971640">
    <ele>618.7</ele>
    <time>2026-09-19T11:42:03Z</time>
   </trkpt>
   <trkpt lat="43.1280110" lon="-3.9971630">
    <ele>618.7</ele>
    <time>2026-09-19T11:42:04Z</time>
   </trkpt>
   <trkpt lat="43.1280130" lon="-3.9971620">
    <ele>618.7</ele>
    <time>2026-09-19T11:42:05Z</time>
   </trkpt>
   <trkpt lat="43.1280070" lon="-3.9971690">
    <ele>618.7</ele>
    <time>2026-09-19T11:42:06Z</time>
   </trkpt>
   <trkpt lat="43.1280020" lon="-3.9971670">
    <ele>618.7</ele>
    <time>2026-09-19T11:42:07Z</time>
   </trkpt>
   <trkpt lat="43.1280010" lon="-3.9971770">
    <ele>618.7</ele>
    <time>2026-09-19T11:42:08Z</time>
   </trkpt>
   <trkpt lat="43.1279970" lon="-3.9971720">
    <ele>618.7</ele>
    <time>2026-09-19T11:42:09Z</time>
   </trkpt>
   <trkpt lat="43.1279980" lon="-3.9971740">
    <ele>618.7</ele>
    <time>2026-09-19T11:42:10Z</time>
   </trkpt>
   <trkpt lat="43.1280020" lon="-3.9971740">
    <ele>618.7</ele>
    <time>2026-09-19T11:42:11Z</time>
   </trkpt>
   <trkpt lat="43.1279970" lon="-3.9971640">
    <ele>618.7</ele>
    <time>2026-09-19T11:42:12Z</time>
   </trkpt>
   <trkpt lat="43.1280030" lon="-3.9971620">
    <ele>618.7</ele>
    <time>2026-09-19T11:42:13Z</time>
   </trkpt>
   <trkpt lat="43.1279970" lon="-3.9971720">
    <ele>618.7</ele>
    <time>2026-09-19T11:42:14Z</time>
   </trkpt>
   <trkpt lat="43.1279990" lon="-3.9971860">
    <ele>617.8</ele>
    <time>2026-09-19T11:42:15Z</time>
   </trkpt>
   <trkpt lat="43.1280030" lon="-3.9971830">
    <ele>617.8</ele>
    <time>2026-09-19T11:42:16Z</time>
   </trkpt>
   <trkpt lat="43.1280060" lon="-3.9971760">
    <ele>618.7</ele>
    <time>2026-09-19T11:42:17Z</time>
   </trkpt>
   <trkpt lat="43.1279990" lon="-3.9971670">
    <ele>618.7</ele>
    <time>2026-09-19T11:42:18Z</time>
   </trkpt>
   <trkpt lat="43.1279980" lon="-3.9971530">
    <ele>618.7</ele>
    <time>2026-09-19T11:42:19Z</time>
   </trkpt>
   <trkpt lat="43.1279950" lon="-3.9971500">
    <ele>618.7</ele>
    <time>2026-09-19T11:42:20Z</time>
   </trkpt>
   <trkpt lat="43.1279950" lon="-3.9971510">
    <ele>618.7</ele>
    <time>2026-09-19T11:42:21Z</time>
   </trkpt>
   <trkpt lat="43.1279960" lon="-3.9971480">
    <ele>618.7</ele>
    <time>2026-09-19T11:42:22Z</time>
   </trkpt>
   <trkpt lat="43.1279920" lon="-3.9971500">
    <ele>618.7</ele>
    <time>2026-09-19T11:42:23Z</time>
   </trkpt>
   <trkpt lat="43.1279930" lon="-3.9971520">
    <ele>618.7</ele>
    <time>2026-09-19T11:42:24Z</time>
   </trkpt>
   <trkpt lat="43.1279890" lon="-3.9971490">
    <ele>618.7</ele>
    <time>2026-09-19T11:42:25Z</time>
   </trkpt>
   <trkpt lat="43.1279890" lon="-3.9971470">
    <ele>618.7</ele>
    <time>2026-09-19T11:42:26Z</time>
   </trkpt>
   <trkpt lat="43.1279910" lon="-3.9971480">
    <ele>618.7</ele>
    <time>2026-09-19T11:42:27Z</time>
   </trkpt>
   <trkpt lat="43.1279900" lon="-3.9971500">
    <ele>618.7</ele>
    <time>2026-09-19T11:42:28Z</time>
   </trkpt>
   <trkpt lat="43.1279900" lon="-3.9971490">
    <ele>618.7</ele>
    <time>2026-09-19T11:42:29Z</time>
   </trkpt>
   <trkpt lat="43.1279890" lon="-3.9971500">
    <ele>618.7</ele>
    <time>2026-09-19T11:42:30Z</time>
   </trkpt>
   <trkpt lat="43.1279850" lon="-3.9971490">
    <ele>618.2</ele>
    <time>2026-09-19T11:42:31Z</time>
   </trkpt>
   <trkpt lat="43.1279860" lon="-3.9971480">
    <ele>618.2</ele>
    <time>2026-09-19T11:42:32Z</time>
   </trkpt>
   <trkpt lat="43.1279870" lon="-3.9971490">
    <ele>618.2</ele>
    <time>2026-09-19T11:42:33Z</time>
   </trkpt>
   <trkpt lat="43.1279850" lon="-3.9971530">
    <ele>618.2</ele>
    <time>2026-09-19T11:42:34Z</time>
   </trkpt>
   <trkpt lat="43.1279850" lon="-3.9971490">
    <ele>618.2</ele>
    <time>2026-09-19T11:42:35Z</time>
   </trkpt>
   <trkpt lat="43.1279860" lon="-3.9971480">
    <ele>618.2</ele>
    <time>2026-09-19T11:42:36Z</time>
   </trkpt>
   <trkpt lat="43.1279850" lon="-3.9971480">
    <ele>618.2</ele>
    <time>2026-09-19T11:42:37Z</time>
   </trkpt>
   <trkpt lat="43.1279840" lon="-3.9971460">
    <ele>618.2</ele>
    <time>2026-09-19T11:42:38Z</time>
   </trkpt>
   <trkpt lat="43.1279870" lon="-3.9971510">
    <ele>618.2</ele>
    <time>2026-09-19T11:42:39Z</time>
   </trkpt>
   <trkpt lat="43.1279870" lon="-3.9971460">
    <ele>618.2</ele>
    <time>2026-09-19T11:42:40Z</time>
   </trkpt>
   <trkpt lat="43.1279870" lon="-3.9971470">
    <ele>618.2</ele>
    <time>2026-09-19T11:42:41Z</time>
   </trkpt>
   <trkpt lat="43.1279870" lon="-3.9971460">
    <ele>618.2</ele>
    <time>2026-09-19T11:42:42Z</time>
   </trkpt>
   <trkpt lat="43.1279890" lon="-3.9971470">
    <ele>618.7</ele>
    <time>2026-09-19T11:42:43Z</time>
   </trkpt>
   <trkpt lat="43.1279880" lon="-3.9971480">
    <ele>618.7</ele>
    <time>2026-09-19T11:42:44Z</time>
   </trkpt>
   <trkpt lat="43.1279910" lon="-3.9971440">
    <ele>618.7</ele>
    <time>2026-09-19T11:42:45Z</time>
   </trkpt>
   <trkpt lat="43.1279900" lon="-3.9971440">
    <ele>618.7</ele>
    <time>2026-09-19T11:42:46Z</time>
   </trkpt>
   <trkpt lat="43.1279900" lon="-3.9971440">
    <ele>618.7</ele>
    <time>2026-09-19T11:42:47Z</time>
   </trkpt>
   <trkpt lat="43.1279890" lon="-3.9971440">
    <ele>618.7</ele>
    <time>2026-09-19T11:42:48Z</time>
   </trkpt>
   <trkpt lat="43.1279850" lon="-3.9971500">
    <ele>618.2</ele>
    <time>2026-09-19T11:42:49Z</time>
   </trkpt>
   <trkpt lat="43.1279870" lon="-3.9971440">
    <ele>618.2</ele>
    <time>2026-09-19T11:42:50Z</time>
   </trkpt>
   <trkpt lat="43.1279840" lon="-3.9971460">
    <ele>618.2</ele>
    <time>2026-09-19T11:42:51Z</time>
   </trkpt>
   <trkpt lat="43.1279850" lon="-3.9971520">
    <ele>618.2</ele>
    <time>2026-09-19T11:42:52Z</time>
   </trkpt>
   <trkpt lat="43.1279850" lon="-3.9971510">
    <ele>618.2</ele>
    <time>2026-09-19T11:42:53Z</time>
   </trkpt>
   <trkpt lat="43.1279840" lon="-3.9971510">
    <ele>618.2</ele>
    <time>2026-09-19T11:42:54Z</time>
   </trkpt>
   <trkpt lat="43.1279860" lon="-3.9971510">
    <ele>618.2</ele>
    <time>2026-09-19T11:42:55Z</time>
   </trkpt>
   <trkpt lat="43.1279800" lon="-3.9971570">
    <ele>618.2</ele>
    <time>2026-09-19T11:42:56Z</time>
   </trkpt>
   <trkpt lat="43.1279850" lon="-3.9971540">
    <ele>618.2</ele>
    <time>2026-09-19T11:42:57Z</time>
   </trkpt>
   <trkpt lat="43.1279840" lon="-3.9971540">
    <ele>618.2</ele>
    <time>2026-09-19T11:42:58Z</time>
   </trkpt>
   <trkpt lat="43.1279840" lon="-3.9971520">
    <ele>618.2</ele>
    <time>2026-09-19T11:42:59Z</time>
   </trkpt>
   <trkpt lat="43.1279880" lon="-3.9971470">
    <ele>618.7</ele>
    <time>2026-09-19T11:43:00Z</time>
   </trkpt>
   <trkpt lat="43.1279880" lon="-3.9971500">
    <ele>618.7</ele>
    <time>2026-09-19T11:43:01Z</time>
   </trkpt>
   <trkpt lat="43.1279870" lon="-3.9971500">
    <ele>618.2</ele>
    <time>2026-09-19T11:43:02Z</time>
   </trkpt>
   <trkpt lat="43.1279850" lon="-3.9971480">
    <ele>618.2</ele>
    <time>2026-09-19T11:43:03Z</time>
   </trkpt>
   <trkpt lat="43.1279850" lon="-3.9971480">
    <ele>618.2</ele>
    <time>2026-09-19T11:43:04Z</time>
   </trkpt>
   <trkpt lat="43.1279830" lon="-3.9971480">
    <ele>618.2</ele>
    <time>2026-09-19T11:43:05Z</time>
   </trkpt>
   <trkpt lat="43.1279830" lon="-3.9971480">
    <ele>618.2</ele>
    <time>2026-09-19T11:43:06Z</time>
   </trkpt>
   <trkpt lat="43.1279840" lon="-3.9971480">
    <ele>618.2</ele>
    <time>2026-09-19T11:43:07Z</time>
   </trkpt>
   <trkpt lat="43.1279880" lon="-3.9971400">
    <ele>618.7</ele>
    <time>2026-09-19T11:43:08Z</time>
   </trkpt>
   <trkpt lat="43.1279990" lon="-3.9971270">
    <ele>619.6</ele>
    <time>2026-09-19T11:43:09Z</time>
   </trkpt>
   <trkpt lat="43.1280030" lon="-3.9971240">
    <ele>619.6</ele>
    <time>2026-09-19T11:43:10Z</time>
   </trkpt>
   <trkpt lat="43.1280070" lon="-3.9971330">
    <ele>619.6</ele>
    <time>2026-09-19T11:43:11Z</time>
   </trkpt>
   <trkpt lat="43.1280070" lon="-3.9971380">
    <ele>618.7</ele>
    <time>2026-09-19T11:43:12Z</time>
   </trkpt>
   <trkpt lat="43.1280090" lon="-3.9971370">
    <ele>618.7</ele>
    <time>2026-09-19T11:43:13Z</time>
   </trkpt>
   <trkpt lat="43.1280080" lon="-3.9971390">
    <ele>618.7</ele>
    <time>2026-09-19T11:43:14Z</time>
   </trkpt>
   <trkpt lat="43.1280040" lon="-3.9971420">
    <ele>618.7</ele>
    <time>2026-09-19T11:43:15Z</time>
   </trkpt>
   <trkpt lat="43.1280050" lon="-3.9971400">
    <ele>618.7</ele>
    <time>2026-09-19T11:43:16Z</time>
   </trkpt>
   <trkpt lat="43.1280000" lon="-3.9971450">
    <ele>618.7</ele>
    <time>2026-09-19T11:43:17Z</time>
   </trkpt>
   <trkpt lat="43.1279990" lon="-3.9971440">
    <ele>618.7</ele>
    <time>2026-09-19T11:43:18Z</time>
   </trkpt>
   <trkpt lat="43.1279980" lon="-3.9971480">
    <ele>618.7</ele>
    <time>2026-09-19T11:43:19Z</time>
   </trkpt>
   <trkpt lat="43.1279990" lon="-3.9971510">
    <ele>618.7</ele>
    <time>2026-09-19T11:43:20Z</time>
   </trkpt>
   <trkpt lat="43.1279980" lon="-3.9971520">
    <ele>618.7</ele>
    <time>2026-09-19T11:43:21Z</time>
   </trkpt>
   <trkpt lat="43.1279950" lon="-3.9971570">
    <ele>618.7</ele>
    <time>2026-09-19T11:43:22Z</time>
   </trkpt>
   <trkpt lat="43.1279970" lon="-3.9971570">
    <ele>618.7</ele>
    <time>2026-09-19T11:43:23Z</time>
   </trkpt>
   <trkpt lat="43.1279970" lon="-3.9971600">
    <ele>618.7</ele>
    <time>2026-09-19T11:43:24Z</time>
   </trkpt>
   <trkpt lat="43.1279970" lon="-3.9971600">
    <ele>618.7</ele>
    <time>2026-09-19T11:43:25Z</time>
   </trkpt>
   <trkpt lat="43.1279990" lon="-3.9971600">
    <ele>618.7</ele>
    <time>2026-09-19T11:43:26Z</time>
   </trkpt>
   <trkpt lat="43.1280000" lon="-3.9971610">
    <ele>618.7</ele>
    <time>2026-09-19T11:43:27Z</time>
   </trkpt>
   <trkpt lat="43.1279970" lon="-3.9971590">
    <ele>618.7</ele>
    <time>2026-09-19T11:43:28Z</time>
   </trkpt>
   <trkpt lat="43.1279980" lon="-3.9971580">
    <ele>618.7</ele>
    <time>2026-09-19T11:43:29Z</time>
   </trkpt>
   <trkpt lat="43.1279970" lon="-3.9971600">
    <ele>618.7</ele>
    <time>2026-09-19T11:43:30Z</time>
   </trkpt>
   <trkpt lat="43.1279950" lon="-3.9971590">
    <ele>618.7</ele>
    <time>2026-09-19T11:43:31Z</time>
   </trkpt>
   <trkpt lat="43.1279940" lon="-3.9971630">
    <ele>618.7</ele>
    <time>2026-09-19T11:43:32Z</time>
   </trkpt>
   <trkpt lat="43.1279930" lon="-3.9971530">
    <ele>618.7</ele>
    <time>2026-09-19T11:44:04Z</time>
   </trkpt>
   <trkpt lat="43.1279900" lon="-3.9971470">
    <ele>618.7</ele>
    <time>2026-09-19T11:44:05Z</time>
   </trkpt>
   <trkpt lat="43.1279970" lon="-3.9971530">
    <ele>618.7</ele>
    <time>2026-09-19T11:44:06Z</time>
   </trkpt>
   <trkpt lat="43.1280010" lon="-3.9971580">
    <ele>618.7</ele>
    <time>2026-09-19T11:44:07Z</time>
   </trkpt>
   <trkpt lat="43.1279960" lon="-3.9971580">
    <ele>618.7</ele>
    <time>2026-09-19T11:44:08Z</time>
   </trkpt>
   <trkpt lat="43.1279860" lon="-3.9971570">
    <ele>618.2</ele>
    <time>2026-09-19T11:44:09Z</time>
   </trkpt>
   <trkpt lat="43.1279820" lon="-3.9971580">
    <ele>618.2</ele>
    <time>2026-09-19T11:44:10Z</time>
   </trkpt>
   <trkpt lat="43.1279790" lon="-3.9971550">
    <ele>618.2</ele>
    <time>2026-09-19T11:44:11Z</time>
   </trkpt>
   <trkpt lat="43.1279830" lon="-3.9971630">
    <ele>618.2</ele>
    <time>2026-09-19T11:44:12Z</time>
   </trkpt>
   <trkpt lat="43.1279870" lon="-3.9971670">
    <ele>618.2</ele>
    <time>2026-09-19T11:44:13Z</time>
   </trkpt>
   <trkpt lat="43.1279880" lon="-3.9971630">
    <ele>618.7</ele>
    <time>2026-09-19T11:44:14Z</time>
   </trkpt>
   <trkpt lat="43.1279920" lon="-3.9971580">
    <ele>618.7</ele>
    <time>2026-09-19T11:44:15Z</time>
   </trkpt>
   <trkpt lat="43.1279950" lon="-3.9971620">
    <ele>618.7</ele>
    <time>2026-09-19T11:44:16Z</time>
   </trkpt>
   <trkpt lat="43.1279920" lon="-3.9971660">
    <ele>618.7</ele>
    <time>2026-09-19T11:44:17Z</time>
   </trkpt>
   <trkpt lat="43.1279950" lon="-3.9971730">
    <ele>618.7</ele>
    <time>2026-09-19T11:44:18Z</time>
   </trkpt>
   <trkpt lat="43.1279930" lon="-3.9971740">
    <ele>618.7</ele>
    <time>2026-09-19T11:44:19Z</time>
   </trkpt>
   <trkpt lat="43.1279860" lon="-3.9971970">
    <ele>617.3</ele>
    <time>2026-09-19T11:44:22Z</time>
   </trkpt>
   <trkpt lat="43.1279840" lon="-3.9971960">
    <ele>617.3</ele>
    <time>2026-09-19T11:44:23Z</time>
   </trkpt>
   <trkpt lat="43.1279850" lon="-3.9971980">
    <ele>617.3</ele>
    <time>2026-09-19T11:44:24Z</time>
   </trkpt>
   <trkpt lat="43.1279850" lon="-3.9971970">
    <ele>617.3</ele>
    <time>2026-09-19T11:44:25Z</time>
   </trkpt>
   <trkpt lat="43.1279820" lon="-3.9971900">
    <ele>617.3</ele>
    <time>2026-09-19T11:44:26Z</time>
   </trkpt>
   <trkpt lat="43.1279880" lon="-3.9971750">
    <ele>618.7</ele>
    <time>2026-09-19T11:44:27Z</time>
   </trkpt>
   <trkpt lat="43.1279800" lon="-3.9971810">
    <ele>617.4</ele>
    <time>2026-09-19T11:44:28Z</time>
   </trkpt>
   <trkpt lat="43.1279800" lon="-3.9971790">
    <ele>617.4</ele>
    <time>2026-09-19T11:44:29Z</time>
   </trkpt>
   <trkpt lat="43.1279860" lon="-3.9971740">
    <ele>618.2</ele>
    <time>2026-09-19T11:44:30Z</time>
   </trkpt>
   <trkpt lat="43.1279840" lon="-3.9971730">
    <ele>618.2</ele>
    <time>2026-09-19T11:44:31Z</time>
   </trkpt>
   <trkpt lat="43.1279880" lon="-3.9971630">
    <ele>618.7</ele>
    <time>2026-09-19T11:44:32Z</time>
   </trkpt>
   <trkpt lat="43.1279910" lon="-3.9971510">
    <ele>618.7</ele>
    <time>2026-09-19T11:44:33Z</time>
   </trkpt>
   <trkpt lat="43.1279890" lon="-3.9971490">
    <ele>618.7</ele>
    <time>2026-09-19T11:44:34Z</time>
   </trkpt>
   <trkpt lat="43.1279900" lon="-3.9971500">
    <ele>618.7</ele>
    <time>2026-09-19T11:44:35Z</time>
   </trkpt>
   <trkpt lat="43.1279910" lon="-3.9971540">
    <ele>618.7</ele>
    <time>2026-09-19T11:44:36Z</time>
   </trkpt>
   <trkpt lat="43.1279870" lon="-3.9971580">
    <ele>618.2</ele>
    <time>2026-09-19T11:44:37Z</time>
   </trkpt>
   <trkpt lat="43.1279820" lon="-3.9971660">
    <ele>618.2</ele>
    <time>2026-09-19T11:44:38Z</time>
   </trkpt>
   <trkpt lat="43.1279740" lon="-3.9971770">
    <ele>618.2</ele>
    <time>2026-09-19T11:44:39Z</time>
   </trkpt>
   <trkpt lat="43.1279690" lon="-3.9971830">
    <ele>617.4</ele>
    <time>2026-09-19T11:44:40Z</time>
   </trkpt>
   <trkpt lat="43.1279580" lon="-3.9971840">
    <ele>617.4</ele>
    <time>2026-09-19T11:44:41Z</time>
   </trkpt>
   <trkpt lat="43.1279550" lon="-3.9971840">
    <ele>616.9</ele>
    <time>2026-09-19T11:44:42Z</time>
   </trkpt>
   <trkpt lat="43.1279700" lon="-3.9971730">
    <ele>618.2</ele>
    <time>2026-09-19T11:44:43Z</time>
   </trkpt>
   <trkpt lat="43.1279750" lon="-3.9971720">
    <ele>618.2</ele>
    <time>2026-09-19T11:44:44Z</time>
   </trkpt>
   <trkpt lat="43.1279710" lon="-3.9971730">
    <ele>618.2</ele>
    <time>2026-09-19T11:44:45Z</time>
   </trkpt>
   <trkpt lat="43.1279680" lon="-3.9971740">
    <ele>618.2</ele>
    <time>2026-09-19T11:44:46Z</time>
   </trkpt>
   <trkpt lat="43.1279760" lon="-3.9971650">
    <ele>618.2</ele>
    <time>2026-09-19T11:44:47Z</time>
   </trkpt>
   <trkpt lat="43.1279770" lon="-3.9971630">
    <ele>618.2</ele>
    <time>2026-09-19T11:44:48Z</time>
   </trkpt>
   <trkpt lat="43.1279750" lon="-3.9971740">
    <ele>618.2</ele>
    <time>2026-09-19T11:44:49Z</time>
   </trkpt>
   <trkpt lat="43.1279790" lon="-3.9971790">
    <ele>617.4</ele>
    <time>2026-09-19T11:44:50Z</time>
   </trkpt>
   <trkpt lat="43.1279740" lon="-3.9971810">
    <ele>617.4</ele>
    <time>2026-09-19T11:44:51Z</time>
   </trkpt>
   <trkpt lat="43.1279820" lon="-3.9971790">
    <ele>617.4</ele>
    <time>2026-09-19T11:44:52Z</time>
   </trkpt>
   <trkpt lat="43.1279820" lon="-3.9971730">
    <ele>618.2</ele>
    <time>2026-09-19T11:44:53Z</time>
   </trkpt>
   <trkpt lat="43.1279820" lon="-3.9971680">
    <ele>618.2</ele>
    <time>2026-09-19T11:44:54Z</time>
   </trkpt>
   <trkpt lat="43.1279840" lon="-3.9971640">
    <ele>618.2</ele>
    <time>2026-09-19T11:44:55Z</time>
   </trkpt>
   <trkpt lat="43.1279900" lon="-3.9971600">
    <ele>618.7</ele>
    <time>2026-09-19T11:44:56Z</time>
   </trkpt>
   <trkpt lat="43.1279930" lon="-3.9971600">
    <ele>618.7</ele>
    <time>2026-09-19T11:44:57Z</time>
   </trkpt>
   <trkpt lat="43.1279960" lon="-3.9971610">
    <ele>618.7</ele>
    <time>2026-09-19T11:44:58Z</time>
   </trkpt>
   <trkpt lat="43.1280010" lon="-3.9971650">
    <ele>618.7</ele>
    <time>2026-09-19T11:44:59Z</time>
   </trkpt>
   <trkpt lat="43.1280000" lon="-3.9971710">
    <ele>618.7</ele>
    <time>2026-09-19T11:45:00Z</time>
   </trkpt>
   <trkpt lat="43.1280010" lon="-3.9971790">
    <ele>617.8</ele>
    <time>2026-09-19T11:45:01Z</time>
   </trkpt>
   <trkpt lat="43.1279940" lon="-3.9971870">
    <ele>617.8</ele>
    <time>2026-09-19T11:45:02Z</time>
   </trkpt>
   <trkpt lat="43.1279900" lon="-3.9971880">
    <ele>617.8</ele>
    <time>2026-09-19T11:45:03Z</time>
   </trkpt>
   <trkpt lat="43.1279790" lon="-3.9971840">
    <ele>617.4</ele>
    <time>2026-09-19T11:45:04Z</time>
   </trkpt>
   <trkpt lat="43.1279780" lon="-3.9971790">
    <ele>617.4</ele>
    <time>2026-09-19T11:45:05Z</time>
   </trkpt>
   <trkpt lat="43.1279750" lon="-3.9971690">
    <ele>618.2</ele>
    <time>2026-09-19T11:45:06Z</time>
   </trkpt>
   <trkpt lat="43.1279740" lon="-3.9971770">
    <ele>618.2</ele>
    <time>2026-09-19T11:45:07Z</time>
   </trkpt>
   <trkpt lat="43.1279710" lon="-3.9971810">
    <ele>617.4</ele>
    <time>2026-09-19T11:45:08Z</time>
   </trkpt>
   <trkpt lat="43.1279710" lon="-3.9971880">
    <ele>617.4</ele>
    <time>2026-09-19T11:45:09Z</time>
   </trkpt>
   <trkpt lat="43.1279640" lon="-3.9971740">
    <ele>618.2</ele>
    <time>2026-09-19T11:45:10Z</time>
   </trkpt>
   <trkpt lat="43.1279640" lon="-3.9971670">
    <ele>618.2</ele>
    <time>2026-09-19T11:45:11Z</time>
   </trkpt>
   <trkpt lat="43.1279650" lon="-3.9971660">
    <ele>618.2</ele>
    <time>2026-09-19T11:45:12Z</time>
   </trkpt>
   <trkpt lat="43.1279660" lon="-3.9971820">
    <ele>617.4</ele>
    <time>2026-09-19T11:45:13Z</time>
   </trkpt>
   <trkpt lat="43.1279680" lon="-3.9971860">
    <ele>617.4</ele>
    <time>2026-09-19T11:45:14Z</time>
   </trkpt>
   <trkpt lat="43.1279670" lon="-3.9971910">
    <ele>617.4</ele>
    <time>2026-09-19T11:45:15Z</time>
   </trkpt>
   <trkpt lat="43.1279750" lon="-3.9971890">
    <ele>617.4</ele>
    <time>2026-09-19T11:45:16Z</time>
   </trkpt>
   <trkpt lat="43.1279760" lon="-3.9971900">
    <ele>617.4</ele>
    <time>2026-09-19T11:45:17Z</time>
   </trkpt>
   <trkpt lat="43.1279760" lon="-3.9971820">
    <ele>617.4</ele>
    <time>2026-09-19T11:45:18Z</time>
   </trkpt>
   <trkpt lat="43.1279810" lon="-3.9971790">
    <ele>617.4</ele>
    <time>2026-09-19T11:45:19Z</time>
   </trkpt>
   <trkpt lat="43.1279800" lon="-3.9971660">
    <ele>618.2</ele>
    <time>2026-09-19T11:45:20Z</time>
   </trkpt>
   <trkpt lat="43.1279780" lon="-3.9971680">
    <ele>618.2</ele>
    <time>2026-09-19T11:45:21Z</time>
   </trkpt>
   <trkpt lat="43.1279790" lon="-3.9971680">
    <ele>618.2</ele>
    <time>2026-09-19T11:45:22Z</time>
   </trkpt>
   <trkpt lat="43.1279850" lon="-3.9971670">
    <ele>618.2</ele>
    <time>2026-09-19T11:45:23Z</time>
   </trkpt>
   <trkpt lat="43.1279890" lon="-3.9971670">
    <ele>618.7</ele>
    <time>2026-09-19T11:45:24Z</time>
   </trkpt>
   <trkpt lat="43.1279990" lon="-3.9971710">
    <ele>618.7</ele>
    <time>2026-09-19T11:45:25Z</time>
   </trkpt>
   <trkpt lat="43.1280040" lon="-3.9971770">
    <ele>618.7</ele>
    <time>2026-09-19T11:45:26Z</time>
   </trkpt>
   <trkpt lat="43.1279920" lon="-3.9971620">
    <ele>618.7</ele>
    <time>2026-09-19T11:45:27Z</time>
   </trkpt>
   <trkpt lat="43.1279820" lon="-3.9971570">
    <ele>618.2</ele>
    <time>2026-09-19T11:45:28Z</time>
   </trkpt>
   <trkpt lat="43.1279850" lon="-3.9971570">
    <ele>618.2</ele>
    <time>2026-09-19T11:45:29Z</time>
   </trkpt>
   <trkpt lat="43.1279950" lon="-3.9971500">
    <ele>618.7</ele>
    <time>2026-09-19T11:45:30Z</time>
   </trkpt>
   <trkpt lat="43.1279920" lon="-3.9971600">
    <ele>618.7</ele>
    <time>2026-09-19T11:45:31Z</time>
   </trkpt>
   <trkpt lat="43.1279920" lon="-3.9971710">
    <ele>618.7</ele>
    <time>2026-09-19T11:45:32Z</time>
   </trkpt>
   <trkpt lat="43.1280040" lon="-3.9971820">
    <ele>617.8</ele>
    <time>2026-09-19T11:45:33Z</time>
   </trkpt>
   <trkpt lat="43.1280060" lon="-3.9971930">
    <ele>617.8</ele>
    <time>2026-09-19T11:45:34Z</time>
   </trkpt>
   <trkpt lat="43.1280160" lon="-3.9972050">
    <ele>617.8</ele>
    <time>2026-09-19T11:45:35Z</time>
   </trkpt>
   <trkpt lat="43.1280160" lon="-3.9971990">
    <ele>617.8</ele>
    <time>2026-09-19T11:45:36Z</time>
   </trkpt>
   <trkpt lat="43.1280180" lon="-3.9971930">
    <ele>617.8</ele>
    <time>2026-09-19T11:45:37Z</time>
   </trkpt>
   <trkpt lat="43.1280070" lon="-3.9971820">
    <ele>617.8</ele>
    <time>2026-09-19T11:45:38Z</time>
   </trkpt>
   <trkpt lat="43.1279980" lon="-3.9971810">
    <ele>617.8</ele>
    <time>2026-09-19T11:45:39Z</time>
   </trkpt>
   <trkpt lat="43.1279990" lon="-3.9971790">
    <ele>617.8</ele>
    <time>2026-09-19T11:45:40Z</time>
   </trkpt>
   <trkpt lat="43.1279920" lon="-3.9971830">
    <ele>617.8</ele>
    <time>2026-09-19T11:45:41Z</time>
   </trkpt>
   <trkpt lat="43.1279830" lon="-3.9971850">
    <ele>617.4</ele>
    <time>2026-09-19T11:45:42Z</time>
   </trkpt>
   <trkpt lat="43.1279850" lon="-3.9971780">
    <ele>618.2</ele>
    <time>2026-09-19T11:45:43Z</time>
   </trkpt>
   <trkpt lat="43.1279880" lon="-3.9971670">
    <ele>618.7</ele>
    <time>2026-09-19T11:45:44Z</time>
   </trkpt>
   <trkpt lat="43.1279910" lon="-3.9971680">
    <ele>618.7</ele>
    <time>2026-09-19T11:45:45Z</time>
   </trkpt>
   <trkpt lat="43.1279920" lon="-3.9971640">
    <ele>618.7</ele>
    <time>2026-09-19T11:45:46Z</time>
   </trkpt>
   <trkpt lat="43.1279940" lon="-3.9971750">
    <ele>618.7</ele>
    <time>2026-09-19T11:45:47Z</time>
   </trkpt>
   <trkpt lat="43.1279910" lon="-3.9971790">
    <ele>617.8</ele>
    <time>2026-09-19T11:45:48Z</time>
   </trkpt>
   <trkpt lat="43.1279850" lon="-3.9971800">
    <ele>617.4</ele>
    <time>2026-09-19T11:45:49Z</time>
   </trkpt>
   <trkpt lat="43.1279760" lon="-3.9971730">
    <ele>618.3</ele>
    <time>2026-09-19T11:45:50Z</time>
   </trkpt>
   <trkpt lat="43.1279730" lon="-3.9971680">
    <ele>618.3</ele>
    <time>2026-09-19T11:45:51Z</time>
   </trkpt>
   <trkpt lat="43.1279780" lon="-3.9971590">
    <ele>618.3</ele>
    <time>2026-09-19T11:45:52Z</time>
   </trkpt>
   <trkpt lat="43.1279870" lon="-3.9971540">
    <ele>618.3</ele>
    <time>2026-09-19T11:45:53Z</time>
   </trkpt>
   <trkpt lat="43.1279890" lon="-3.9971500">
    <ele>618.7</ele>
    <time>2026-09-19T11:45:54Z</time>
   </trkpt>
   <trkpt lat="43.1279800" lon="-3.9971380">
    <ele>618.3</ele>
    <time>2026-09-19T11:45:55Z</time>
   </trkpt>
   <trkpt lat="43.1279750" lon="-3.9971350">
    <ele>619.1</ele>
    <time>2026-09-19T11:45:56Z</time>
   </trkpt>
   <trkpt lat="43.1279720" lon="-3.9971330">
    <ele>619.1</ele>
    <time>2026-09-19T11:45:57Z</time>
   </trkpt>
   <trkpt lat="43.1279700" lon="-3.9971370">
    <ele>618.3</ele>
    <time>2026-09-19T11:45:58Z</time>
   </trkpt>
   <trkpt lat="43.1279760" lon="-3.9971390">
    <ele>618.3</ele>
    <time>2026-09-19T11:45:59Z</time>
   </trkpt>
   <trkpt lat="43.1279790" lon="-3.9971460">
    <ele>618.3</ele>
    <time>2026-09-19T11:46:00Z</time>
   </trkpt>
   <trkpt lat="43.1279780" lon="-3.9971620">
    <ele>618.3</ele>
    <time>2026-09-19T11:46:01Z</time>
   </trkpt>
   <trkpt lat="43.1279740" lon="-3.9971700">
    <ele>618.3</ele>
    <time>2026-09-19T11:46:02Z</time>
   </trkpt>
   <trkpt lat="43.1279700" lon="-3.9971750">
    <ele>618.3</ele>
    <time>2026-09-19T11:46:03Z</time>
   </trkpt>
   <trkpt lat="43.1279750" lon="-3.9971660">
    <ele>618.3</ele>
    <time>2026-09-19T11:46:04Z</time>
   </trkpt>
   <trkpt lat="43.1279710" lon="-3.9971670">
    <ele>618.3</ele>
    <time>2026-09-19T11:46:05Z</time>
   </trkpt>
   <trkpt lat="43.1279680" lon="-3.9971600">
    <ele>618.3</ele>
    <time>2026-09-19T11:46:06Z</time>
   </trkpt>
   <trkpt lat="43.1279770" lon="-3.9971580">
    <ele>618.3</ele>
    <time>2026-09-19T11:46:07Z</time>
   </trkpt>
   <trkpt lat="43.1279790" lon="-3.9971580">
    <ele>618.3</ele>
    <time>2026-09-19T11:46:08Z</time>
   </trkpt>
   <trkpt lat="43.1279760" lon="-3.9971630">
    <ele>618.3</ele>
    <time>2026-09-19T11:46:09Z</time>
   </trkpt>
   <trkpt lat="43.1279750" lon="-3.9971580">
    <ele>618.3</ele>
    <time>2026-09-19T11:46:10Z</time>
   </trkpt>
   <trkpt lat="43.1279780" lon="-3.9971590">
    <ele>618.3</ele>
    <time>2026-09-19T11:46:11Z</time>
   </trkpt>
   <trkpt lat="43.1279780" lon="-3.9971680">
    <ele>618.3</ele>
    <time>2026-09-19T11:46:12Z</time>
   </trkpt>
   <trkpt lat="43.1279800" lon="-3.9971660">
    <ele>618.3</ele>
    <time>2026-09-19T11:46:13Z</time>
   </trkpt>
   <trkpt lat="43.1279840" lon="-3.9971620">
    <ele>618.3</ele>
    <time>2026-09-19T11:46:14Z</time>
   </trkpt>
   <trkpt lat="43.1279840" lon="-3.9971580">
    <ele>618.3</ele>
    <time>2026-09-19T11:46:15Z</time>
   </trkpt>
   <trkpt lat="43.1279830" lon="-3.9971540">
    <ele>618.3</ele>
    <time>2026-09-19T11:46:16Z</time>
   </trkpt>
   <trkpt lat="43.1279840" lon="-3.9971520">
    <ele>618.3</ele>
    <time>2026-09-19T11:46:17Z</time>
   </trkpt>
   <trkpt lat="43.1279880" lon="-3.9971520">
    <ele>618.7</ele>
    <time>2026-09-19T11:46:18Z</time>
   </trkpt>
   <trkpt lat="43.1279640" lon="-3.9972160">
    <ele>617.4</ele>
    <time>2026-09-19T11:46:33Z</time>
   </trkpt>
   <trkpt lat="43.1279660" lon="-3.9972120">
    <ele>617.4</ele>
    <time>2026-09-19T11:46:34Z</time>
   </trkpt>
   <trkpt lat="43.1279730" lon="-3.9972030">
    <ele>617.4</ele>
    <time>2026-09-19T11:46:35Z</time>
   </trkpt>
   <trkpt lat="43.1279660" lon="-3.9972090">
    <ele>617.4</ele>
    <time>2026-09-19T11:46:36Z</time>
   </trkpt>
   <trkpt lat="43.1279480" lon="-3.9972160">
    <ele>617.0</ele>
    <time>2026-09-19T11:46:37Z</time>
   </trkpt>
   <trkpt lat="43.1279420" lon="-3.9972260">
    <ele>616.1</ele>
    <time>2026-09-19T11:46:38Z</time>
   </trkpt>
   <trkpt lat="43.1279410" lon="-3.9972300">
    <ele>616.1</ele>
    <time>2026-09-19T11:46:39Z</time>
   </trkpt>
   <trkpt lat="43.1279380" lon="-3.9972360">
    <ele>616.1</ele>
    <time>2026-09-19T11:46:40Z</time>
   </trkpt>
   <trkpt lat="43.1279430" lon="-3.9972420">
    <ele>616.1</ele>
    <time>2026-09-19T11:46:41Z</time>
   </trkpt>
   <trkpt lat="43.1279500" lon="-3.9972400">
    <ele>616.1</ele>
    <time>2026-09-19T11:46:42Z</time>
   </trkpt>
   <trkpt lat="43.1279550" lon="-3.9972460">
    <ele>616.1</ele>
    <time>2026-09-19T11:46:43Z</time>
   </trkpt>
   <trkpt lat="43.1279520" lon="-3.9972480">
    <ele>616.1</ele>
    <time>2026-09-19T11:46:44Z</time>
   </trkpt>
   <trkpt lat="43.1279530" lon="-3.9972530">
    <ele>616.1</ele>
    <time>2026-09-19T11:46:45Z</time>
   </trkpt>
   <trkpt lat="43.1279550" lon="-3.9972460">
    <ele>616.1</ele>
    <time>2026-09-19T11:46:46Z</time>
   </trkpt>
   <trkpt lat="43.1279570" lon="-3.9972460">
    <ele>616.5</ele>
    <time>2026-09-19T11:46:47Z</time>
   </trkpt>
   <trkpt lat="43.1279590" lon="-3.9972350">
    <ele>616.5</ele>
    <time>2026-09-19T11:46:48Z</time>
   </trkpt>
   <trkpt lat="43.1279650" lon="-3.9972320">
    <ele>616.5</ele>
    <time>2026-09-19T11:46:49Z</time>
   </trkpt>
   <trkpt lat="43.1279770" lon="-3.9972310">
    <ele>616.5</ele>
    <time>2026-09-19T11:46:50Z</time>
   </trkpt>
   <trkpt lat="43.1279590" lon="-3.9972320">
    <ele>616.5</ele>
    <time>2026-09-19T11:46:51Z</time>
   </trkpt>
   <trkpt lat="43.1279530" lon="-3.9972410">
    <ele>616.1</ele>
    <time>2026-09-19T11:46:52Z</time>
   </trkpt>
   <trkpt lat="43.1279480" lon="-3.9972500">
    <ele>616.1</ele>
    <time>2026-09-19T11:46:53Z</time>
   </trkpt>
   <trkpt lat="43.1279480" lon="-3.9972570">
    <ele>616.1</ele>
    <time>2026-09-19T11:46:54Z</time>
   </trkpt>
   <trkpt lat="43.1279530" lon="-3.9972590">
    <ele>616.1</ele>
    <time>2026-09-19T11:46:55Z</time>
   </trkpt>
   <trkpt lat="43.1279500" lon="-3.9972650">
    <ele>615.2</ele>
    <time>2026-09-19T11:46:56Z</time>
   </trkpt>
   <trkpt lat="43.1279450" lon="-3.9972620">
    <ele>616.1</ele>
    <time>2026-09-19T11:46:57Z</time>
   </trkpt>
   <trkpt lat="43.1279460" lon="-3.9972530">
    <ele>616.1</ele>
    <time>2026-09-19T11:46:58Z</time>
   </trkpt>
   <trkpt lat="43.1279490" lon="-3.9972440">
    <ele>616.1</ele>
    <time>2026-09-19T11:46:59Z</time>
   </trkpt>
   <trkpt lat="43.1279530" lon="-3.9972400">
    <ele>616.1</ele>
    <time>2026-09-19T11:47:00Z</time>
   </trkpt>
   <trkpt lat="43.1279500" lon="-3.9972370">
    <ele>616.1</ele>
    <time>2026-09-19T11:47:01Z</time>
   </trkpt>
   <trkpt lat="43.1279440" lon="-3.9972450">
    <ele>616.1</ele>
    <time>2026-09-19T11:47:02Z</time>
   </trkpt>
   <trkpt lat="43.1279480" lon="-3.9972540">
    <ele>616.1</ele>
    <time>2026-09-19T11:47:03Z</time>
   </trkpt>
   <trkpt lat="43.1279400" lon="-3.9972690">
    <ele>615.2</ele>
    <time>2026-09-19T11:47:04Z</time>
   </trkpt>
   <trkpt lat="43.1279310" lon="-3.9972700">
    <ele>615.2</ele>
    <time>2026-09-19T11:47:05Z</time>
   </trkpt>
   <trkpt lat="43.1279320" lon="-3.9972770">
    <ele>615.2</ele>
    <time>2026-09-19T11:47:06Z</time>
   </trkpt>
   <trkpt lat="43.1279360" lon="-3.9972880">
    <ele>615.2</ele>
    <time>2026-09-19T11:47:07Z</time>
   </trkpt>
   <trkpt lat="43.1279400" lon="-3.9972700">
    <ele>615.2</ele>
    <time>2026-09-19T11:47:08Z</time>
   </trkpt>
   <trkpt lat="43.1279390" lon="-3.9972310">
    <ele>616.1</ele>
    <time>2026-09-19T11:47:09Z</time>
   </trkpt>
   <trkpt lat="43.1279440" lon="-3.9971990">
    <ele>617.0</ele>
    <time>2026-09-19T11:47:10Z</time>
   </trkpt>
   <trkpt lat="43.1279450" lon="-3.9971870">
    <ele>617.0</ele>
    <time>2026-09-19T11:47:11Z</time>
   </trkpt>
   <trkpt lat="43.1279350" lon="-3.9971840">
    <ele>617.0</ele>
    <time>2026-09-19T11:47:12Z</time>
   </trkpt>
   <trkpt lat="43.1279360" lon="-3.9971730">
    <ele>617.8</ele>
    <time>2026-09-19T11:47:13Z</time>
   </trkpt>
   <trkpt lat="43.1279220" lon="-3.9971730">
    <ele>617.4</ele>
    <time>2026-09-19T11:47:14Z</time>
   </trkpt>
   <trkpt lat="43.1279170" lon="-3.9971570">
    <ele>617.4</ele>
    <time>2026-09-19T11:47:15Z</time>
   </trkpt>
   <trkpt lat="43.1279210" lon="-3.9971470">
    <ele>617.4</ele>
    <time>2026-09-19T11:47:16Z</time>
   </trkpt>
   <trkpt lat="43.1279270" lon="-3.9971410">
    <ele>617.8</ele>
    <time>2026-09-19T11:47:17Z</time>
   </trkpt>
   <trkpt lat="43.1279240" lon="-3.9971330">
    <ele>618.3</ele>
    <time>2026-09-19T11:47:18Z</time>
   </trkpt>
   <trkpt lat="43.1279160" lon="-3.9971330">
    <ele>618.3</ele>
    <time>2026-09-19T11:47:19Z</time>
   </trkpt>
   <trkpt lat="43.1279120" lon="-3.9971350">
    <ele>618.3</ele>
    <time>2026-09-19T11:47:20Z</time>
   </trkpt>
   <trkpt lat="43.1279150" lon="-3.9971330">
    <ele>618.3</ele>
    <time>2026-09-19T11:47:21Z</time>
   </trkpt>
   <trkpt lat="43.1279180" lon="-3.9971320">
    <ele>618.3</ele>
    <time>2026-09-19T11:47:22Z</time>
   </trkpt>
   <trkpt lat="43.1279240" lon="-3.9971300">
    <ele>618.3</ele>
    <time>2026-09-19T11:47:23Z</time>
   </trkpt>
   <trkpt lat="43.1279310" lon="-3.9971330">
    <ele>618.7</ele>
    <time>2026-09-19T11:47:24Z</time>
   </trkpt>
   <trkpt lat="43.1279440" lon="-3.9971470">
    <ele>617.8</ele>
    <time>2026-09-19T11:47:26Z</time>
   </trkpt>
   <trkpt lat="43.1279510" lon="-3.9971540">
    <ele>617.8</ele>
    <time>2026-09-19T11:47:27Z</time>
   </trkpt>
   <trkpt lat="43.1279580" lon="-3.9971560">
    <ele>618.3</ele>
    <time>2026-09-19T11:47:28Z</time>
   </trkpt>
   <trkpt lat="43.1279580" lon="-3.9971600">
    <ele>618.3</ele>
    <time>2026-09-19T11:47:29Z</time>
   </trkpt>
   <trkpt lat="43.1279520" lon="-3.9971590">
    <ele>617.8</ele>
    <time>2026-09-19T11:47:30Z</time>
   </trkpt>
   <trkpt lat="43.1279310" lon="-3.9971450">
    <ele>617.8</ele>
    <time>2026-09-19T11:47:31Z</time>
   </trkpt>
   <trkpt lat="43.1279100" lon="-3.9971240">
    <ele>618.3</ele>
    <time>2026-09-19T11:47:32Z</time>
   </trkpt>
   <trkpt lat="43.1279090" lon="-3.9971180">
    <ele>618.3</ele>
    <time>2026-09-19T11:47:33Z</time>
   </trkpt>
   <trkpt lat="43.1279090" lon="-3.9971310">
    <ele>618.3</ele>
    <time>2026-09-19T11:47:34Z</time>
   </trkpt>
   <trkpt lat="43.1279130" lon="-3.9971250">
    <ele>618.3</ele>
    <time>2026-09-19T11:47:35Z</time>
   </trkpt>
   <trkpt lat="43.1279140" lon="-3.9971200">
    <ele>618.3</ele>
    <time>2026-09-19T11:47:36Z</time>
   </trkpt>
   <trkpt lat="43.1279280" lon="-3.9971340">
    <ele>618.7</ele>
    <time>2026-09-19T11:47:37Z</time>
   </trkpt>
   <trkpt lat="43.1279250" lon="-3.9971320">
    <ele>618.7</ele>
    <time>2026-09-19T11:47:38Z</time>
   </trkpt>
   <trkpt lat="43.1279320" lon="-3.9971300">
    <ele>618.7</ele>
    <time>2026-09-19T11:47:39Z</time>
   </trkpt>
   <trkpt lat="43.1279300" lon="-3.9971200">
    <ele>618.7</ele>
    <time>2026-09-19T11:47:40Z</time>
   </trkpt>
   <trkpt lat="43.1279370" lon="-3.9971260">
    <ele>618.7</ele>
    <time>2026-09-19T11:47:41Z</time>
   </trkpt>
   <trkpt lat="43.1279440" lon="-3.9971300">
    <ele>618.7</ele>
    <time>2026-09-19T11:47:42Z</time>
   </trkpt>
   <trkpt lat="43.1279460" lon="-3.9971320">
    <ele>618.7</ele>
    <time>2026-09-19T11:47:43Z</time>
   </trkpt>
   <trkpt lat="43.1279450" lon="-3.9971250">
    <ele>618.7</ele>
    <time>2026-09-19T11:47:44Z</time>
   </trkpt>
   <trkpt lat="43.1279510" lon="-3.9971220">
    <ele>618.7</ele>
    <time>2026-09-19T11:47:45Z</time>
   </trkpt>
   <trkpt lat="43.1279430" lon="-3.9971190">
    <ele>618.7</ele>
    <time>2026-09-19T11:47:46Z</time>
   </trkpt>
   <trkpt lat="43.1279330" lon="-3.9971120">
    <ele>618.7</ele>
    <time>2026-09-19T11:47:47Z</time>
   </trkpt>
   <trkpt lat="43.1279370" lon="-3.9971170">
    <ele>618.7</ele>
    <time>2026-09-19T11:47:48Z</time>
   </trkpt>
   <trkpt lat="43.1279400" lon="-3.9971240">
    <ele>618.7</ele>
    <time>2026-09-19T11:47:49Z</time>
   </trkpt>
   <trkpt lat="43.1279350" lon="-3.9971320">
    <ele>618.7</ele>
    <time>2026-09-19T11:47:50Z</time>
   </trkpt>
   <trkpt lat="43.1279200" lon="-3.9971430">
    <ele>617.4</ele>
    <time>2026-09-19T11:47:51Z</time>
   </trkpt>
   <trkpt lat="43.1279140" lon="-3.9971520">
    <ele>617.4</ele>
    <time>2026-09-19T11:47:52Z</time>
   </trkpt>
   <trkpt lat="43.1279260" lon="-3.9971530">
    <ele>617.8</ele>
    <time>2026-09-19T11:47:53Z</time>
   </trkpt>
   <trkpt lat="43.1279350" lon="-3.9971480">
    <ele>617.8</ele>
    <time>2026-09-19T11:47:54Z</time>
   </trkpt>
   <trkpt lat="43.1279440" lon="-3.9971400">
    <ele>617.8</ele>
    <time>2026-09-19T11:47:55Z</time>
   </trkpt>
   <trkpt lat="43.1279570" lon="-3.9971380">
    <ele>618.3</ele>
    <time>2026-09-19T11:47:56Z</time>
   </trkpt>
   <trkpt lat="43.1279420" lon="-3.9971390">
    <ele>617.8</ele>
    <time>2026-09-19T11:47:57Z</time>
   </trkpt>
   <trkpt lat="43.1279260" lon="-3.9971290">
    <ele>618.7</ele>
    <time>2026-09-19T11:47:58Z</time>
   </trkpt>
   <trkpt lat="43.1279090" lon="-3.9971110">
    <ele>618.3</ele>
    <time>2026-09-19T11:47:59Z</time>
   </trkpt>
   <trkpt lat="43.1279100" lon="-3.9971130">
    <ele>618.3</ele>
    <time>2026-09-19T11:48:00Z</time>
   </trkpt>
   <trkpt lat="43.1279100" lon="-3.9971090">
    <ele>618.3</ele>
    <time>2026-09-19T11:48:01Z</time>
   </trkpt>
   <trkpt lat="43.1279250" lon="-3.9971170">
    <ele>618.7</ele>
    <time>2026-09-19T11:48:02Z</time>
   </trkpt>
   <trkpt lat="43.1279280" lon="-3.9971270">
    <ele>618.7</ele>
    <time>2026-09-19T11:48:03Z</time>
   </trkpt>
   <trkpt lat="43.1279300" lon="-3.9971310">
    <ele>618.7</ele>
    <time>2026-09-19T11:48:04Z</time>
   </trkpt>
   <trkpt lat="43.1279220" lon="-3.9971260">
    <ele>618.3</ele>
    <time>2026-09-19T11:48:05Z</time>
   </trkpt>
   <trkpt lat="43.1279250" lon="-3.9971260">
    <ele>618.7</ele>
    <time>2026-09-19T11:48:06Z</time>
   </trkpt>
   <trkpt lat="43.1279200" lon="-3.9971210">
    <ele>618.3</ele>
    <time>2026-09-19T11:48:07Z</time>
   </trkpt>
   <trkpt lat="43.1279120" lon="-3.9971120">
    <ele>618.3</ele>
    <time>2026-09-19T11:48:08Z</time>
   </trkpt>
   <trkpt lat="43.1279050" lon="-3.9971030">
    <ele>618.3</ele>
    <time>2026-09-19T11:48:09Z</time>
   </trkpt>
   <trkpt lat="43.1279050" lon="-3.9971110">
    <ele>618.3</ele>
    <time>2026-09-19T11:48:10Z</time>
   </trkpt>
   <trkpt lat="43.1279110" lon="-3.9971280">
    <ele>618.3</ele>
    <time>2026-09-19T11:48:11Z</time>
   </trkpt>
   <trkpt lat="43.1279190" lon="-3.9971400">
    <ele>617.4</ele>
    <time>2026-09-19T11:48:12Z</time>
   </trkpt>
   <trkpt lat="43.1279240" lon="-3.9971450">
    <ele>617.4</ele>
    <time>2026-09-19T11:48:13Z</time>
   </trkpt>
   <trkpt lat="43.1279420" lon="-3.9971600">
    <ele>617.9</ele>
    <time>2026-09-19T11:48:14Z</time>
   </trkpt>
   <trkpt lat="43.1279470" lon="-3.9971590">
    <ele>617.9</ele>
    <time>2026-09-19T11:48:15Z</time>
   </trkpt>
   <trkpt lat="43.1279430" lon="-3.9971450">
    <ele>617.9</ele>
    <time>2026-09-19T11:48:16Z</time>
   </trkpt>
   <trkpt lat="43.1279450" lon="-3.9971550">
    <ele>617.9</ele>
    <time>2026-09-19T11:48:17Z</time>
   </trkpt>
   <trkpt lat="43.1279310" lon="-3.9971650">
    <ele>617.9</ele>
    <time>2026-09-19T11:48:18Z</time>
   </trkpt>
   <trkpt lat="43.1279270" lon="-3.9971690">
    <ele>617.9</ele>
    <time>2026-09-19T11:48:19Z</time>
   </trkpt>
   <trkpt lat="43.1279280" lon="-3.9971720">
    <ele>617.9</ele>
    <time>2026-09-19T11:48:20Z</time>
   </trkpt>
   <trkpt lat="43.1279400" lon="-3.9971770">
    <ele>617.9</ele>
    <time>2026-09-19T11:48:21Z</time>
   </trkpt>
   <trkpt lat="43.1279370" lon="-3.9971790">
    <ele>617.0</ele>
    <time>2026-09-19T11:48:22Z</time>
   </trkpt>
   <trkpt lat="43.1279400" lon="-3.9971710">
    <ele>617.9</ele>
    <time>2026-09-19T11:48:23Z</time>
   </trkpt>
   <trkpt lat="43.1279430" lon="-3.9971670">
    <ele>617.9</ele>
    <time>2026-09-19T11:48:24Z</time>
   </trkpt>
   <trkpt lat="43.1279450" lon="-3.9971600">
    <ele>617.9</ele>
    <time>2026-09-19T11:48:25Z</time>
   </trkpt>
   <trkpt lat="43.1279470" lon="-3.9971610">
    <ele>617.9</ele>
    <time>2026-09-19T11:48:26Z</time>
   </trkpt>
   <trkpt lat="43.1279410" lon="-3.9971640">
    <ele>617.9</ele>
    <time>2026-09-19T11:48:27Z</time>
   </trkpt>
   <trkpt lat="43.1279420" lon="-3.9971670">
    <ele>617.9</ele>
    <time>2026-09-19T11:48:28Z</time>
   </trkpt>
   <trkpt lat="43.1279420" lon="-3.9971660">
    <ele>617.9</ele>
    <time>2026-09-19T11:48:29Z</time>
   </trkpt>
   <trkpt lat="43.1279420" lon="-3.9971660">
    <ele>617.9</ele>
    <time>2026-09-19T11:48:30Z</time>
   </trkpt>
   <trkpt lat="43.1279400" lon="-3.9971740">
    <ele>617.9</ele>
    <time>2026-09-19T11:48:31Z</time>
   </trkpt>
   <trkpt lat="43.1279230" lon="-3.9971450">
    <ele>617.4</ele>
    <time>2026-09-19T11:48:36Z</time>
   </trkpt>
   <trkpt lat="43.1279240" lon="-3.9971510">
    <ele>617.4</ele>
    <time>2026-09-19T11:48:37Z</time>
   </trkpt>
   <trkpt lat="43.1279110" lon="-3.9971600">
    <ele>617.4</ele>
    <time>2026-09-19T11:48:38Z</time>
   </trkpt>
   <trkpt lat="43.1279050" lon="-3.9971620">
    <ele>617.4</ele>
    <time>2026-09-19T11:48:39Z</time>
   </trkpt>
   <trkpt lat="43.1278970" lon="-3.9971620">
    <ele>617.4</ele>
    <time>2026-09-19T11:48:40Z</time>
   </trkpt>
   <trkpt lat="43.1278960" lon="-3.9971680">
    <ele>617.4</ele>
    <time>2026-09-19T11:48:41Z</time>
   </trkpt>
   <trkpt lat="43.1279050" lon="-3.9971660">
    <ele>617.4</ele>
    <time>2026-09-19T11:48:42Z</time>
   </trkpt>
   <trkpt lat="43.1279140" lon="-3.9971400">
    <ele>617.4</ele>
    <time>2026-09-19T11:48:43Z</time>
   </trkpt>
   <trkpt lat="43.1279020" lon="-3.9971340">
    <ele>618.3</ele>
    <time>2026-09-19T11:48:44Z</time>
   </trkpt>
   <trkpt lat="43.1278980" lon="-3.9971360">
    <ele>617.4</ele>
    <time>2026-09-19T11:48:45Z</time>
   </trkpt>
   <trkpt lat="43.1278910" lon="-3.9971500">
    <ele>617.0</ele>
    <time>2026-09-19T11:48:46Z</time>
   </trkpt>
   <trkpt lat="43.1279030" lon="-3.9971810">
    <ele>616.6</ele>
    <time>2026-09-19T11:48:47Z</time>
   </trkpt>
   <trkpt lat="43.1279340" lon="-3.9972080">
    <ele>617.0</ele>
    <time>2026-09-19T11:48:48Z</time>
   </trkpt>
   <trkpt lat="43.1279670" lon="-3.9972320">
    <ele>616.6</ele>
    <time>2026-09-19T11:48:49Z</time>
   </trkpt>
   <trkpt lat="43.1279720" lon="-3.9972410">
    <ele>616.6</ele>
    <time>2026-09-19T11:48:50Z</time>
   </trkpt>
   <trkpt lat="43.1279690" lon="-3.9972440">
    <ele>616.6</ele>
    <time>2026-09-19T11:48:51Z</time>
   </trkpt>
   <trkpt lat="43.1279750" lon="-3.9972470">
    <ele>616.6</ele>
    <time>2026-09-19T11:48:52Z</time>
   </trkpt>
   <trkpt lat="43.1279780" lon="-3.9972400">
    <ele>616.6</ele>
    <time>2026-09-19T11:48:53Z</time>
   </trkpt>
   <trkpt lat="43.1279790" lon="-3.9972280">
    <ele>616.6</ele>
    <time>2026-09-19T11:48:54Z</time>
   </trkpt>
   <trkpt lat="43.1279820" lon="-3.9972190">
    <ele>617.4</ele>
    <time>2026-09-19T11:48:55Z</time>
   </trkpt>
   <trkpt lat="43.1279780" lon="-3.9972180">
    <ele>617.4</ele>
    <time>2026-09-19T11:48:56Z</time>
   </trkpt>
   <trkpt lat="43.1279720" lon="-3.9972220">
    <ele>616.6</ele>
    <time>2026-09-19T11:48:57Z</time>
   </trkpt>
   <trkpt lat="43.1279660" lon="-3.9972350">
    <ele>616.6</ele>
    <time>2026-09-19T11:48:58Z</time>
   </trkpt>
   <trkpt lat="43.1279680" lon="-3.9972360">
    <ele>616.6</ele>
    <time>2026-09-19T11:48:59Z</time>
   </trkpt>
   <trkpt lat="43.1279670" lon="-3.9972350">
    <ele>616.6</ele>
    <time>2026-09-19T11:49:00Z</time>
   </trkpt>
   <trkpt lat="43.1279640" lon="-3.9972370">
    <ele>616.6</ele>
    <time>2026-09-19T11:49:01Z</time>
   </trkpt>
   <trkpt lat="43.1279600" lon="-3.9972450">
    <ele>616.6</ele>
    <time>2026-09-19T11:49:02Z</time>
   </trkpt>
   <trkpt lat="43.1279550" lon="-3.9972490">
    <ele>616.1</ele>
    <time>2026-09-19T11:49:03Z</time>
   </trkpt>
   <trkpt lat="43.1279530" lon="-3.9972520">
    <ele>616.1</ele>
    <time>2026-09-19T11:49:04Z</time>
   </trkpt>
   <trkpt lat="43.1279490" lon="-3.9972530">
    <ele>616.1</ele>
    <time>2026-09-19T11:49:05Z</time>
   </trkpt>
   <trkpt lat="43.1279550" lon="-3.9972370">
    <ele>616.1</ele>
    <time>2026-09-19T11:49:06Z</time>
   </trkpt>
   <trkpt lat="43.1279540" lon="-3.9972330">
    <ele>616.1</ele>
    <time>2026-09-19T11:49:07Z</time>
   </trkpt>
   <trkpt lat="43.1279550" lon="-3.9972280">
    <ele>616.1</ele>
    <time>2026-09-19T11:49:08Z</time>
   </trkpt>
   <trkpt lat="43.1279490" lon="-3.9972370">
    <ele>616.1</ele>
    <time>2026-09-19T11:49:09Z</time>
   </trkpt>
   <trkpt lat="43.1279470" lon="-3.9972440">
    <ele>616.1</ele>
    <time>2026-09-19T11:49:10Z</time>
   </trkpt>
   <trkpt lat="43.1279440" lon="-3.9972450">
    <ele>616.1</ele>
    <time>2026-09-19T11:49:11Z</time>
   </trkpt>
   <trkpt lat="43.1279440" lon="-3.9972380">
    <ele>616.1</ele>
    <time>2026-09-19T11:49:12Z</time>
   </trkpt>
   <trkpt lat="43.1279470" lon="-3.9972350">
    <ele>616.1</ele>
    <time>2026-09-19T11:49:13Z</time>
   </trkpt>
   <trkpt lat="43.1279450" lon="-3.9972360">
    <ele>616.1</ele>
    <time>2026-09-19T11:49:14Z</time>
   </trkpt>
   <trkpt lat="43.1279470" lon="-3.9972410">
    <ele>616.1</ele>
    <time>2026-09-19T11:49:15Z</time>
   </trkpt>
   <trkpt lat="43.1279530" lon="-3.9972480">
    <ele>616.1</ele>
    <time>2026-09-19T11:49:16Z</time>
   </trkpt>
   <trkpt lat="43.1279530" lon="-3.9972450">
    <ele>616.1</ele>
    <time>2026-09-19T11:49:17Z</time>
   </trkpt>
   <trkpt lat="43.1279580" lon="-3.9972390">
    <ele>616.6</ele>
    <time>2026-09-19T11:49:18Z</time>
   </trkpt>
   <trkpt lat="43.1279530" lon="-3.9972350">
    <ele>616.1</ele>
    <time>2026-09-19T11:49:19Z</time>
   </trkpt>
   <trkpt lat="43.1279540" lon="-3.9972410">
    <ele>616.1</ele>
    <time>2026-09-19T11:49:20Z</time>
   </trkpt>
   <trkpt lat="43.1279490" lon="-3.9972460">
    <ele>616.1</ele>
    <time>2026-09-19T11:49:21Z</time>
   </trkpt>
   <trkpt lat="43.1279560" lon="-3.9972290">
    <ele>616.1</ele>
    <time>2026-09-19T11:49:22Z</time>
   </trkpt>
   <trkpt lat="43.1279640" lon="-3.9972210">
    <ele>616.6</ele>
    <time>2026-09-19T11:49:23Z</time>
   </trkpt>
   <trkpt lat="43.1279630" lon="-3.9972150">
    <ele>617.4</ele>
    <time>2026-09-19T11:49:24Z</time>
   </trkpt>
   <trkpt lat="43.1279630" lon="-3.9972220">
    <ele>616.6</ele>
    <time>2026-09-19T11:49:25Z</time>
   </trkpt>
   <trkpt lat="43.1279570" lon="-3.9972320">
    <ele>616.6</ele>
    <time>2026-09-19T11:49:26Z</time>
   </trkpt>
   <trkpt lat="43.1279630" lon="-3.9972230">
    <ele>616.6</ele>
    <time>2026-09-19T11:49:27Z</time>
   </trkpt>
   <trkpt lat="43.1279650" lon="-3.9972290">
    <ele>616.6</ele>
    <time>2026-09-19T11:49:28Z</time>
   </trkpt>
   <trkpt lat="43.1279560" lon="-3.9972200">
    <ele>617.0</ele>
    <time>2026-09-19T11:49:29Z</time>
   </trkpt>
   <trkpt lat="43.1279480" lon="-3.9972090">
    <ele>617.0</ele>
    <time>2026-09-19T11:49:30Z</time>
   </trkpt>
   <trkpt lat="43.1279520" lon="-3.9972020">
    <ele>617.0</ele>
    <time>2026-09-19T11:49:31Z</time>
   </trkpt>
   <trkpt lat="43.1279580" lon="-3.9971950">
    <ele>617.4</ele>
    <time>2026-09-19T11:49:32Z</time>
   </trkpt>
   <trkpt lat="43.1279600" lon="-3.9971840">
    <ele>617.4</ele>
    <time>2026-09-19T11:49:33Z</time>
   </trkpt>
   <trkpt lat="43.1279570" lon="-3.9971700">
    <ele>618.3</ele>
    <time>2026-09-19T11:49:34Z</time>
   </trkpt>
   <trkpt lat="43.1279560" lon="-3.9971670">
    <ele>617.9</ele>
    <time>2026-09-19T11:49:35Z</time>
   </trkpt>
   <trkpt lat="43.1279560" lon="-3.9971760">
    <ele>617.9</ele>
    <time>2026-09-19T11:49:36Z</time>
   </trkpt>
   <trkpt lat="43.1279600" lon="-3.9971760">
    <ele>618.3</ele>
    <time>2026-09-19T11:49:37Z</time>
   </trkpt>
   <trkpt lat="43.1279630" lon="-3.9971780">
    <ele>618.3</ele>
    <time>2026-09-19T11:49:38Z</time>
   </trkpt>
   <trkpt lat="43.1279560" lon="-3.9971800">
    <ele>617.0</ele>
    <time>2026-09-19T11:49:39Z</time>
   </trkpt>
   <trkpt lat="43.1279590" lon="-3.9971840">
    <ele>617.4</ele>
    <time>2026-09-19T11:49:40Z</time>
   </trkpt>
   <trkpt lat="43.1279560" lon="-3.9971830">
    <ele>617.0</ele>
    <time>2026-09-19T11:49:41Z</time>
   </trkpt>
   <trkpt lat="43.1279480" lon="-3.9971850">
    <ele>617.0</ele>
    <time>2026-09-19T11:49:42Z</time>
   </trkpt>
   <trkpt lat="43.1279470" lon="-3.9971750">
    <ele>617.9</ele>
    <time>2026-09-19T11:49:43Z</time>
   </trkpt>
   <trkpt lat="43.1279450" lon="-3.9971700">
    <ele>617.9</ele>
    <time>2026-09-19T11:49:44Z</time>
   </trkpt>
   <trkpt lat="43.1279530" lon="-3.9971730">
    <ele>617.9</ele>
    <time>2026-09-19T11:49:45Z</time>
   </trkpt>
   <trkpt lat="43.1279560" lon="-3.9971720">
    <ele>617.9</ele>
    <time>2026-09-19T11:49:46Z</time>
   </trkpt>
   <trkpt lat="43.1279570" lon="-3.9971720">
    <ele>618.3</ele>
    <time>2026-09-19T11:49:47Z</time>
   </trkpt>
   <trkpt lat="43.1279570" lon="-3.9971780">
    <ele>618.3</ele>
    <time>2026-09-19T11:49:48Z</time>
   </trkpt>
   <trkpt lat="43.1279520" lon="-3.9971700">
    <ele>617.9</ele>
    <time>2026-09-19T11:49:49Z</time>
   </trkpt>
   <trkpt lat="43.1279500" lon="-3.9971680">
    <ele>617.9</ele>
    <time>2026-09-19T11:49:50Z</time>
   </trkpt>
   <trkpt lat="43.1279550" lon="-3.9971730">
    <ele>617.9</ele>
    <time>2026-09-19T11:49:51Z</time>
   </trkpt>
   <trkpt lat="43.1279590" lon="-3.9971720">
    <ele>618.3</ele>
    <time>2026-09-19T11:49:52Z</time>
   </trkpt>
   <trkpt lat="43.1279510" lon="-3.9971640">
    <ele>617.9</ele>
    <time>2026-09-19T11:49:53Z</time>
   </trkpt>
   <trkpt lat="43.1279440" lon="-3.9971660">
    <ele>617.9</ele>
    <time>2026-09-19T11:49:54Z</time>
   </trkpt>
   <trkpt lat="43.1279530" lon="-3.9971710">
    <ele>617.9</ele>
    <time>2026-09-19T11:49:55Z</time>
   </trkpt>
   <trkpt lat="43.1279420" lon="-3.9971840">
    <ele>617.0</ele>
    <time>2026-09-19T11:49:56Z</time>
   </trkpt>
   <trkpt lat="43.1279470" lon="-3.9971890">
    <ele>617.0</ele>
    <time>2026-09-19T11:49:57Z</time>
   </trkpt>
   <trkpt lat="43.1279560" lon="-3.9971980">
    <ele>617.0</ele>
    <time>2026-09-19T11:49:58Z</time>
   </trkpt>
   <trkpt lat="43.1279510" lon="-3.9971880">
    <ele>617.0</ele>
    <time>2026-09-19T11:49:59Z</time>
   </trkpt>
   <trkpt lat="43.1279540" lon="-3.9971710">
    <ele>617.9</ele>
    <time>2026-09-19T11:50:00Z</time>
   </trkpt>
   <trkpt lat="43.1279390" lon="-3.9971640">
    <ele>617.9</ele>
    <time>2026-09-19T11:50:01Z</time>
   </trkpt>
   <trkpt lat="43.1279400" lon="-3.9971670">
    <ele>617.9</ele>
    <time>2026-09-19T11:50:02Z</time>
   </trkpt>
   <trkpt lat="43.1279410" lon="-3.9971760">
    <ele>617.9</ele>
    <time>2026-09-19T11:50:03Z</time>
   </trkpt>
   <trkpt lat="43.1279470" lon="-3.9971720">
    <ele>617.9</ele>
    <time>2026-09-19T11:50:04Z</time>
   </trkpt>
   <trkpt lat="43.1279460" lon="-3.9971680">
    <ele>617.9</ele>
    <time>2026-09-19T11:50:05Z</time>
   </trkpt>
   <trkpt lat="43.1279390" lon="-3.9971680">
    <ele>617.9</ele>
    <time>2026-09-19T11:50:06Z</time>
   </trkpt>
   <trkpt lat="43.1279440" lon="-3.9971700">
    <ele>617.9</ele>
    <time>2026-09-19T11:50:07Z</time>
   </trkpt>
   <trkpt lat="43.1279450" lon="-3.9971710">
    <ele>617.9</ele>
    <time>2026-09-19T11:50:08Z</time>
   </trkpt>
   <trkpt lat="43.1279430" lon="-3.9971670">
    <ele>617.9</ele>
    <time>2026-09-19T11:50:09Z</time>
   </trkpt>
   <trkpt lat="43.1279450" lon="-3.9971670">
    <ele>617.9</ele>
    <time>2026-09-19T11:50:10Z</time>
   </trkpt>
   <trkpt lat="43.1279430" lon="-3.9971710">
    <ele>617.9</ele>
    <time>2026-09-19T11:50:11Z</time>
   </trkpt>
   <trkpt lat="43.1279700" lon="-3.9971680">
    <ele>618.3</ele>
    <time>2026-09-19T11:50:25Z</time>
   </trkpt>
   <trkpt lat="43.1279750" lon="-3.9971680">
    <ele>618.3</ele>
    <time>2026-09-19T11:50:26Z</time>
   </trkpt>
   <trkpt lat="43.1279640" lon="-3.9971620">
    <ele>618.3</ele>
    <time>2026-09-19T11:50:27Z</time>
   </trkpt>
   <trkpt lat="43.1279590" lon="-3.9971650">
    <ele>618.3</ele>
    <time>2026-09-19T11:50:28Z</time>
   </trkpt>
   <trkpt lat="43.1279420" lon="-3.9971690">
    <ele>617.9</ele>
    <time>2026-09-19T11:50:29Z</time>
   </trkpt>
   <trkpt lat="43.1279380" lon="-3.9971720">
    <ele>617.9</ele>
    <time>2026-09-19T11:50:30Z</time>
   </trkpt>
   <trkpt lat="43.1279270" lon="-3.9971720">
    <ele>617.9</ele>
    <time>2026-09-19T11:50:31Z</time>
   </trkpt>
   <trkpt lat="43.1279300" lon="-3.9971700">
    <ele>617.9</ele>
    <time>2026-09-19T11:50:32Z</time>
   </trkpt>
   <trkpt lat="43.1279410" lon="-3.9971530">
    <ele>617.9</ele>
    <time>2026-09-19T11:50:33Z</time>
   </trkpt>
   <trkpt lat="43.1279350" lon="-3.9971440">
    <ele>617.9</ele>
    <time>2026-09-19T11:50:34Z</time>
   </trkpt>
   <trkpt lat="43.1279360" lon="-3.9971360">
    <ele>617.9</ele>
    <time>2026-09-19T11:50:35Z</time>
   </trkpt>
   <trkpt lat="43.1279440" lon="-3.9971230">
    <ele>618.8</ele>
    <time>2026-09-19T11:50:36Z</time>
   </trkpt>
   <trkpt lat="43.1279480" lon="-3.9971130">
    <ele>618.8</ele>
    <time>2026-09-19T11:50:37Z</time>
   </trkpt>
   <trkpt lat="43.1279540" lon="-3.9971110">
    <ele>618.8</ele>
    <time>2026-09-19T11:50:38Z</time>
   </trkpt>
   <trkpt lat="43.1279650" lon="-3.9971160">
    <ele>619.2</ele>
    <time>2026-09-19T11:50:39Z</time>
   </trkpt>
   <trkpt lat="43.1279700" lon="-3.9971180">
    <ele>619.2</ele>
    <time>2026-09-19T11:50:40Z</time>
   </trkpt>
   <trkpt lat="43.1279770" lon="-3.9971500">
    <ele>618.3</ele>
    <time>2026-09-19T11:50:41Z</time>
   </trkpt>
   <trkpt lat="43.1279670" lon="-3.9971520">
    <ele>618.3</ele>
    <time>2026-09-19T11:50:42Z</time>
   </trkpt>
   <trkpt lat="43.1279590" lon="-3.9971480">
    <ele>618.3</ele>
    <time>2026-09-19T11:50:43Z</time>
   </trkpt>
   <trkpt lat="43.1279560" lon="-3.9971480">
    <ele>617.9</ele>
    <time>2026-09-19T11:50:44Z</time>
   </trkpt>
   <trkpt lat="43.1279490" lon="-3.9971390">
    <ele>617.9</ele>
    <time>2026-09-19T11:50:45Z</time>
   </trkpt>
   <trkpt lat="43.1279460" lon="-3.9971340">
    <ele>618.8</ele>
    <time>2026-09-19T11:50:46Z</time>
   </trkpt>
   <trkpt lat="43.1279530" lon="-3.9971320">
    <ele>618.8</ele>
    <time>2026-09-19T11:50:47Z</time>
   </trkpt>
   <trkpt lat="43.1279580" lon="-3.9971280">
    <ele>619.2</ele>
    <time>2026-09-19T11:50:48Z</time>
   </trkpt>
   <trkpt lat="43.1279690" lon="-3.9971350">
    <ele>619.2</ele>
    <time>2026-09-19T11:50:49Z</time>
   </trkpt>
   <trkpt lat="43.1279690" lon="-3.9971280">
    <ele>619.2</ele>
    <time>2026-09-19T11:50:50Z</time>
   </trkpt>
   <trkpt lat="43.1279630" lon="-3.9971230">
    <ele>619.2</ele>
    <time>2026-09-19T11:50:51Z</time>
   </trkpt>
   <trkpt lat="43.1279650" lon="-3.9971210">
    <ele>619.2</ele>
    <time>2026-09-19T11:50:52Z</time>
   </trkpt>
   <trkpt lat="43.1279580" lon="-3.9971280">
    <ele>619.2</ele>
    <time>2026-09-19T11:50:53Z</time>
   </trkpt>
   <trkpt lat="43.1279440" lon="-3.9971310">
    <ele>618.8</ele>
    <time>2026-09-19T11:50:54Z</time>
   </trkpt>
   <trkpt lat="43.1279320" lon="-3.9971360">
    <ele>617.9</ele>
    <time>2026-09-19T11:50:55Z</time>
   </trkpt>
   <trkpt lat="43.1279250" lon="-3.9971310">
    <ele>618.8</ele>
    <time>2026-09-19T11:50:56Z</time>
   </trkpt>
   <trkpt lat="43.1279130" lon="-3.9971120">
    <ele>618.4</ele>
    <time>2026-09-19T11:50:57Z</time>
   </trkpt>
   <trkpt lat="43.1279020" lon="-3.9971080">
    <ele>618.4</ele>
    <time>2026-09-19T11:50:58Z</time>
   </trkpt>
   <trkpt lat="43.1278950" lon="-3.9971090">
    <ele>618.4</ele>
    <time>2026-09-19T11:50:59Z</time>
   </trkpt>
   <trkpt lat="43.1279100" lon="-3.9971290">
    <ele>618.4</ele>
    <time>2026-09-19T11:51:00Z</time>
   </trkpt>
   <trkpt lat="43.1279150" lon="-3.9971380">
    <ele>617.5</ele>
    <time>2026-09-19T11:51:01Z</time>
   </trkpt>
   <trkpt lat="43.1279210" lon="-3.9971420">
    <ele>617.5</ele>
    <time>2026-09-19T11:51:02Z</time>
   </trkpt>
   <trkpt lat="43.1279270" lon="-3.9971290">
    <ele>618.8</ele>
    <time>2026-09-19T11:51:03Z</time>
   </trkpt>
   <trkpt lat="43.1279290" lon="-3.9971220">
    <ele>618.8</ele>
    <time>2026-09-19T11:51:04Z</time>
   </trkpt>
   <trkpt lat="43.1279280" lon="-3.9971090">
    <ele>618.8</ele>
    <time>2026-09-19T11:51:05Z</time>
   </trkpt>
   <trkpt lat="43.1279190" lon="-3.9971080">
    <ele>618.4</ele>
    <time>2026-09-19T11:51:06Z</time>
   </trkpt>
   <trkpt lat="43.1279200" lon="-3.9971090">
    <ele>618.4</ele>
    <time>2026-09-19T11:51:07Z</time>
   </trkpt>
   <trkpt lat="43.1279120" lon="-3.9971160">
    <ele>618.4</ele>
    <time>2026-09-19T11:51:08Z</time>
   </trkpt>
   <trkpt lat="43.1278980" lon="-3.9971070">
    <ele>618.4</ele>
    <time>2026-09-19T11:51:09Z</time>
   </trkpt>
   <trkpt lat="43.1278870" lon="-3.9971090">
    <ele>617.9</ele>
    <time>2026-09-19T11:51:10Z</time>
   </trkpt>
   <trkpt lat="43.1278930" lon="-3.9971130">
    <ele>617.9</ele>
    <time>2026-09-19T11:51:11Z</time>
   </trkpt>
   <trkpt lat="43.1279020" lon="-3.9971110">
    <ele>618.4</ele>
    <time>2026-09-19T11:51:12Z</time>
   </trkpt>
   <trkpt lat="43.1279100" lon="-3.9971050">
    <ele>618.4</ele>
    <time>2026-09-19T11:51:13Z</time>
   </trkpt>
   <trkpt lat="43.1279130" lon="-3.9971000">
    <ele>618.4</ele>
    <time>2026-09-19T11:51:14Z</time>
   </trkpt>
   <trkpt lat="43.1279240" lon="-3.9971050">
    <ele>618.4</ele>
    <time>2026-09-19T11:51:15Z</time>
   </trkpt>
   <trkpt lat="43.1279150" lon="-3.9971080">
    <ele>618.4</ele>
    <time>2026-09-19T11:51:16Z</time>
   </trkpt>
   <trkpt lat="43.1279210" lon="-3.9971110">
    <ele>618.4</ele>
    <time>2026-09-19T11:51:17Z</time>
   </trkpt>
   <trkpt lat="43.1279270" lon="-3.9971120">
    <ele>618.8</ele>
    <time>2026-09-19T11:51:18Z</time>
   </trkpt>
   <trkpt lat="43.1279320" lon="-3.9971030">
    <ele>618.8</ele>
    <time>2026-09-19T11:51:19Z</time>
   </trkpt>
   <trkpt lat="43.1279310" lon="-3.9971130">
    <ele>618.8</ele>
    <time>2026-09-19T11:51:20Z</time>
   </trkpt>
   <trkpt lat="43.1279330" lon="-3.9971060">
    <ele>618.8</ele>
    <time>2026-09-19T11:51:21Z</time>
   </trkpt>
   <trkpt lat="43.1279400" lon="-3.9971110">
    <ele>618.8</ele>
    <time>2026-09-19T11:51:22Z</time>
   </trkpt>
   <trkpt lat="43.1279350" lon="-3.9971150">
    <ele>618.8</ele>
    <time>2026-09-19T11:51:23Z</time>
   </trkpt>
   <trkpt lat="43.1279420" lon="-3.9971100">
    <ele>618.8</ele>
    <time>2026-09-19T11:51:24Z</time>
   </trkpt>
   <trkpt lat="43.1279360" lon="-3.9970990">
    <ele>618.8</ele>
    <time>2026-09-19T11:51:25Z</time>
   </trkpt>
   <trkpt lat="43.1279240" lon="-3.9971030">
    <ele>618.4</ele>
    <time>2026-09-19T11:51:26Z</time>
   </trkpt>
   <trkpt lat="43.1279220" lon="-3.9971100">
    <ele>618.4</ele>
    <time>2026-09-19T11:51:27Z</time>
   </trkpt>
   <trkpt lat="43.1279240" lon="-3.9971230">
    <ele>618.4</ele>
    <time>2026-09-19T11:51:28Z</time>
   </trkpt>
   <trkpt lat="43.1279320" lon="-3.9971270">
    <ele>618.8</ele>
    <time>2026-09-19T11:51:29Z</time>
   </trkpt>
   <trkpt lat="43.1279410" lon="-3.9971210">
    <ele>618.8</ele>
    <time>2026-09-19T11:51:30Z</time>
   </trkpt>
   <trkpt lat="43.1279490" lon="-3.9971170">
    <ele>618.8</ele>
    <time>2026-09-19T11:51:31Z</time>
   </trkpt>
   <trkpt lat="43.1279440" lon="-3.9971110">
    <ele>618.8</ele>
    <time>2026-09-19T11:51:32Z</time>
   </trkpt>
   <trkpt lat="43.1279420" lon="-3.9971100">
    <ele>618.8</ele>
    <time>2026-09-19T11:51:33Z</time>
   </trkpt>
   <trkpt lat="43.1279230" lon="-3.9971050">
    <ele>618.4</ele>
    <time>2026-09-19T11:51:34Z</time>
   </trkpt>
   <trkpt lat="43.1279340" lon="-3.9971130">
    <ele>618.8</ele>
    <time>2026-09-19T11:51:35Z</time>
   </trkpt>
   <trkpt lat="43.1279420" lon="-3.9971160">
    <ele>618.8</ele>
    <time>2026-09-19T11:51:36Z</time>
   </trkpt>
   <trkpt lat="43.1279390" lon="-3.9971270">
    <ele>618.8</ele>
    <time>2026-09-19T11:51:37Z</time>
   </trkpt>
   <trkpt lat="43.1279410" lon="-3.9971290">
    <ele>618.8</ele>
    <time>2026-09-19T11:51:38Z</time>
   </trkpt>
   <trkpt lat="43.1279440" lon="-3.9971240">
    <ele>618.8</ele>
    <time>2026-09-19T11:51:39Z</time>
   </trkpt>
   <trkpt lat="43.1279510" lon="-3.9971210">
    <ele>618.8</ele>
    <time>2026-09-19T11:51:40Z</time>
   </trkpt>
   <trkpt lat="43.1279440" lon="-3.9971290">
    <ele>618.8</ele>
    <time>2026-09-19T11:51:41Z</time>
   </trkpt>
   <trkpt lat="43.1279450" lon="-3.9971240">
    <ele>618.8</ele>
    <time>2026-09-19T11:51:42Z</time>
   </trkpt>
   <trkpt lat="43.1279350" lon="-3.9971270">
    <ele>618.8</ele>
    <time>2026-09-19T11:51:43Z</time>
   </trkpt>
   <trkpt lat="43.1279350" lon="-3.9971230">
    <ele>618.8</ele>
    <time>2026-09-19T11:51:44Z</time>
   </trkpt>
   <trkpt lat="43.1279360" lon="-3.9971230">
    <ele>618.8</ele>
    <time>2026-09-19T11:51:45Z</time>
   </trkpt>
   <trkpt lat="43.1279380" lon="-3.9971270">
    <ele>618.8</ele>
    <time>2026-09-19T11:51:46Z</time>
   </trkpt>
   <trkpt lat="43.1279360" lon="-3.9971280">
    <ele>618.8</ele>
    <time>2026-09-19T11:51:47Z</time>
   </trkpt>
   <trkpt lat="43.1279260" lon="-3.9971250">
    <ele>618.8</ele>
    <time>2026-09-19T11:51:48Z</time>
   </trkpt>
   <trkpt lat="43.1279210" lon="-3.9971280">
    <ele>618.4</ele>
    <time>2026-09-19T11:51:49Z</time>
   </trkpt>
   <trkpt lat="43.1279160" lon="-3.9971360">
    <ele>617.5</ele>
    <time>2026-09-19T11:51:50Z</time>
   </trkpt>
   <trkpt lat="43.1279220" lon="-3.9971360">
    <ele>617.5</ele>
    <time>2026-09-19T11:51:51Z</time>
   </trkpt>
   <trkpt lat="43.1279300" lon="-3.9971280">
    <ele>618.8</ele>
    <time>2026-09-19T11:51:52Z</time>
   </trkpt>
   <trkpt lat="43.1279280" lon="-3.9971240">
    <ele>618.8</ele>
    <time>2026-09-19T11:51:53Z</time>
   </trkpt>
   <trkpt lat="43.1279220" lon="-3.9971280">
    <ele>618.4</ele>
    <time>2026-09-19T11:51:54Z</time>
   </trkpt>
   <trkpt lat="43.1279220" lon="-3.9971270">
    <ele>618.4</ele>
    <time>2026-09-19T11:51:55Z</time>
   </trkpt>
   <trkpt lat="43.1279210" lon="-3.9971150">
    <ele>618.4</ele>
    <time>2026-09-19T11:51:56Z</time>
   </trkpt>
   <trkpt lat="43.1279120" lon="-3.9971110">
    <ele>618.4</ele>
    <time>2026-09-19T11:51:57Z</time>
   </trkpt>
   <trkpt lat="43.1279190" lon="-3.9971170">
    <ele>618.4</ele>
    <time>2026-09-19T11:51:58Z</time>
   </trkpt>
   <trkpt lat="43.1279220" lon="-3.9971210">
    <ele>618.4</ele>
    <time>2026-09-19T11:51:59Z</time>
   </trkpt>
   <trkpt lat="43.1279200" lon="-3.9971290">
    <ele>618.4</ele>
    <time>2026-09-19T11:52:00Z</time>
   </trkpt>
   <trkpt lat="43.1279180" lon="-3.9971220">
    <ele>618.4</ele>
    <time>2026-09-19T11:52:01Z</time>
   </trkpt>
   <trkpt lat="43.1279150" lon="-3.9971200">
    <ele>618.4</ele>
    <time>2026-09-19T11:52:02Z</time>
   </trkpt>
   <trkpt lat="43.1279180" lon="-3.9971220">
    <ele>618.4</ele>
    <time>2026-09-19T11:52:03Z</time>
   </trkpt>
   <trkpt lat="43.1279120" lon="-3.9971120">
    <ele>618.4</ele>
    <time>2026-09-19T11:52:04Z</time>
   </trkpt>
   <trkpt lat="43.1279130" lon="-3.9971030">
    <ele>618.4</ele>
    <time>2026-09-19T11:52:05Z</time>
   </trkpt>
   <trkpt lat="43.1279010" lon="-3.9970900">
    <ele>619.3</ele>
    <time>2026-09-19T11:52:06Z</time>
   </trkpt>
   <trkpt lat="43.1279020" lon="-3.9970900">
    <ele>619.3</ele>
    <time>2026-09-19T11:52:07Z</time>
   </trkpt>
   <trkpt lat="43.1279060" lon="-3.9971010">
    <ele>618.4</ele>
    <time>2026-09-19T11:52:08Z</time>
   </trkpt>
   <trkpt lat="43.1279030" lon="-3.9971020">
    <ele>618.4</ele>
    <time>2026-09-19T11:52:09Z</time>
   </trkpt>
   <trkpt lat="43.1279020" lon="-3.9971030">
    <ele>618.4</ele>
    <time>2026-09-19T11:52:10Z</time>
   </trkpt>
   <trkpt lat="43.1279030" lon="-3.9971060">
    <ele>618.4</ele>
    <time>2026-09-19T11:52:11Z</time>
   </trkpt>
   <trkpt lat="43.1279020" lon="-3.9971040">
    <ele>618.4</ele>
    <time>2026-09-19T11:52:12Z</time>
   </trkpt>
   <trkpt lat="43.1279070" lon="-3.9971050">
    <ele>618.4</ele>
    <time>2026-09-19T11:52:13Z</time>
   </trkpt>
   <trkpt lat="43.1279060" lon="-3.9971080">
    <ele>618.4</ele>
    <time>2026-09-19T11:52:14Z</time>
   </trkpt>
   <trkpt lat="43.1279090" lon="-3.9971040">
    <ele>618.4</ele>
    <time>2026-09-19T11:52:15Z</time>
   </trkpt>
   <trkpt lat="43.1279070" lon="-3.9971060">
    <ele>618.4</ele>
    <time>2026-09-19T11:52:16Z</time>
   </trkpt>
   <trkpt lat="43.1279070" lon="-3.9971060">
    <ele>618.4</ele>
    <time>2026-09-19T11:52:17Z</time>
   </trkpt>
   <trkpt lat="43.1279090" lon="-3.9971080">
    <ele>618.4</ele>
    <time>2026-09-19T11:52:18Z</time>
   </trkpt>
   <trkpt lat="43.1279110" lon="-3.9971090">
    <ele>618.4</ele>
    <time>2026-09-19T11:52:19Z</time>
   </trkpt>
   <trkpt lat="43.1279090" lon="-3.9971070">
    <ele>618.4</ele>
    <time>2026-09-19T11:52:20Z</time>
   </trkpt>
   <trkpt lat="43.1279060" lon="-3.9971050">
    <ele>618.4</ele>
    <time>2026-09-19T11:52:21Z</time>
   </trkpt>
   <trkpt lat="43.1279070" lon="-3.9971070">
    <ele>618.4</ele>
    <time>2026-09-19T11:52:22Z</time>
   </trkpt>
   <trkpt lat="43.1279080" lon="-3.9971100">
    <ele>618.4</ele>
    <time>2026-09-19T11:52:23Z</time>
   </trkpt>
   <trkpt lat="43.1279070" lon="-3.9971120">
    <ele>618.4</ele>
    <time>2026-09-19T11:52:24Z</time>
   </trkpt>
   <trkpt lat="43.1279070" lon="-3.9971110">
    <ele>618.4</ele>
    <time>2026-09-19T11:52:25Z</time>
   </trkpt>
   <trkpt lat="43.1278710" lon="-3.9971090">
    <ele>618.0</ele>
    <time>2026-09-19T11:57:30Z</time>
   </trkpt>
   <trkpt lat="43.1278730" lon="-3.9971090">
    <ele>618.0</ele>
    <time>2026-09-19T11:57:31Z</time>
   </trkpt>
   <trkpt lat="43.1278740" lon="-3.9971080">
    <ele>618.0</ele>
    <time>2026-09-19T11:57:32Z</time>
   </trkpt>
   <trkpt lat="43.1278730" lon="-3.9971090">
    <ele>618.0</ele>
    <time>2026-09-19T11:57:33Z</time>
   </trkpt>
   <trkpt lat="43.1278740" lon="-3.9971100">
    <ele>618.0</ele>
    <time>2026-09-19T11:57:34Z</time>
   </trkpt>
   <trkpt lat="43.1278750" lon="-3.9971100">
    <ele>618.0</ele>
    <time>2026-09-19T11:57:35Z</time>
   </trkpt>
   <trkpt lat="43.1278760" lon="-3.9971110">
    <ele>618.0</ele>
    <time>2026-09-19T11:57:36Z</time>
   </trkpt>
   <trkpt lat="43.1278760" lon="-3.9971100">
    <ele>618.0</ele>
    <time>2026-09-19T11:57:37Z</time>
   </trkpt>
   <trkpt lat="43.1278770" lon="-3.9971100">
    <ele>618.0</ele>
    <time>2026-09-19T11:57:38Z</time>
   </trkpt>
   <trkpt lat="43.1278780" lon="-3.9971110">
    <ele>618.0</ele>
    <time>2026-09-19T11:57:39Z</time>
   </trkpt>
   <trkpt lat="43.1278780" lon="-3.9971110">
    <ele>618.0</ele>
    <time>2026-09-19T11:57:40Z</time>
   </trkpt>
   <trkpt lat="43.1278760" lon="-3.9971090">
    <ele>618.0</ele>
    <time>2026-09-19T11:57:41Z</time>
   </trkpt>
   <trkpt lat="43.1278810" lon="-3.9971090">
    <ele>618.0</ele>
    <time>2026-09-19T11:57:42Z</time>
   </trkpt>
   <trkpt lat="43.1278810" lon="-3.9971090">
    <ele>618.0</ele>
    <time>2026-09-19T11:57:43Z</time>
   </trkpt>
   <trkpt lat="43.1278800" lon="-3.9971090">
    <ele>618.0</ele>
    <time>2026-09-19T11:57:44Z</time>
   </trkpt>
   <trkpt lat="43.1278820" lon="-3.9971100">
    <ele>618.0</ele>
    <time>2026-09-19T11:57:45Z</time>
   </trkpt>
   <trkpt lat="43.1278820" lon="-3.9971100">
    <ele>618.0</ele>
    <time>2026-09-19T11:57:46Z</time>
   </trkpt>
   <trkpt lat="43.1278820" lon="-3.9971110">
    <ele>618.0</ele>
    <time>2026-09-19T11:57:47Z</time>
   </trkpt>
   <trkpt lat="43.1278830" lon="-3.9971100">
    <ele>618.0</ele>
    <time>2026-09-19T11:57:48Z</time>
   </trkpt>
   <trkpt lat="43.1278840" lon="-3.9971100">
    <ele>618.0</ele>
    <time>2026-09-19T11:57:49Z</time>
   </trkpt>
   <trkpt lat="43.1278850" lon="-3.9971100">
    <ele>618.0</ele>
    <time>2026-09-19T11:57:50Z</time>
   </trkpt>
   <trkpt lat="43.1278850" lon="-3.9971100">
    <ele>618.0</ele>
    <time>2026-09-19T11:57:51Z</time>
   </trkpt>
   <trkpt lat="43.1278860" lon="-3.9971110">
    <ele>618.0</ele>
    <time>2026-09-19T11:57:52Z</time>
   </trkpt>
   <trkpt lat="43.1279020" lon="-3.9971050">
    <ele>618.4</ele>
    <time>2026-09-19T11:59:22Z</time>
   </trkpt>
   <trkpt lat="43.1279010" lon="-3.9971050">
    <ele>618.4</ele>
    <time>2026-09-19T11:59:23Z</time>
   </trkpt>
   <trkpt lat="43.1279010" lon="-3.9971060">
    <ele>618.4</ele>
    <time>2026-09-19T11:59:24Z</time>
   </trkpt>
   <trkpt lat="43.1278970" lon="-3.9971050">
    <ele>618.4</ele>
    <time>2026-09-19T11:59:25Z</time>
   </trkpt>
   <trkpt lat="43.1278970" lon="-3.9971060">
    <ele>618.4</ele>
    <time>2026-09-19T11:59:26Z</time>
   </trkpt>
   <trkpt lat="43.1279040" lon="-3.9971020">
    <ele>618.4</ele>
    <time>2026-09-19T11:59:27Z</time>
   </trkpt>
   <trkpt lat="43.1278980" lon="-3.9971020">
    <ele>618.4</ele>
    <time>2026-09-19T11:59:28Z</time>
   </trkpt>
   <trkpt lat="43.1279010" lon="-3.9971060">
    <ele>618.4</ele>
    <time>2026-09-19T11:59:29Z</time>
   </trkpt>
   <trkpt lat="43.1279000" lon="-3.9971040">
    <ele>618.4</ele>
    <time>2026-09-19T11:59:30Z</time>
   </trkpt>
   <trkpt lat="43.1279010" lon="-3.9971040">
    <ele>618.4</ele>
    <time>2026-09-19T11:59:31Z</time>
   </trkpt>
   <trkpt lat="43.1279010" lon="-3.9971040">
    <ele>618.4</ele>
    <time>2026-09-19T11:59:32Z</time>
   </trkpt>
   <trkpt lat="43.1279050" lon="-3.9971050">
    <ele>618.4</ele>
    <time>2026-09-19T11:59:33Z</time>
   </trkpt>
   <trkpt lat="43.1279050" lon="-3.9971070">
    <ele>618.4</ele>
    <time>2026-09-19T11:59:34Z</time>
   </trkpt>
   <trkpt lat="43.1279010" lon="-3.9971070">
    <ele>618.4</ele>
    <time>2026-09-19T11:59:35Z</time>
   </trkpt>
   <trkpt lat="43.1279040" lon="-3.9971010">
    <ele>618.4</ele>
    <time>2026-09-19T11:59:36Z</time>
   </trkpt>
   <trkpt lat="43.1279040" lon="-3.9971030">
    <ele>618.4</ele>
    <time>2026-09-19T11:59:37Z</time>
   </trkpt>
   <trkpt lat="43.1279060" lon="-3.9971060">
    <ele>618.4</ele>
    <time>2026-09-19T11:59:38Z</time>
   </trkpt>
   <trkpt lat="43.1279050" lon="-3.9971030">
    <ele>618.4</ele>
    <time>2026-09-19T11:59:39Z</time>
   </trkpt>
   <trkpt lat="43.1279080" lon="-3.9970990">
    <ele>618.4</ele>
    <time>2026-09-19T11:59:40Z</time>
   </trkpt>
   <trkpt lat="43.1279080" lon="-3.9970990">
    <ele>618.4</ele>
    <time>2026-09-19T11:59:41Z</time>
   </trkpt>
   <trkpt lat="43.1279100" lon="-3.9971030">
    <ele>618.4</ele>
    <time>2026-09-19T11:59:42Z</time>
   </trkpt>
   <trkpt lat="43.1279080" lon="-3.9971020">
    <ele>618.4</ele>
    <time>2026-09-19T11:59:43Z</time>
   </trkpt>
   <trkpt lat="43.1279090" lon="-3.9971020">
    <ele>618.4</ele>
    <time>2026-09-19T11:59:44Z</time>
   </trkpt>
   <trkpt lat="43.1279070" lon="-3.9971040">
    <ele>618.4</ele>
    <time>2026-09-19T11:59:45Z</time>
   </trkpt>
   <trkpt lat="43.1279070" lon="-3.9971040">
    <ele>618.4</ele>
    <time>2026-09-19T11:59:46Z</time>
   </trkpt>
   <trkpt lat="43.1279070" lon="-3.9971040">
    <ele>618.4</ele>
    <time>2026-09-19T11:59:47Z</time>
   </trkpt>
   <trkpt lat="43.1279080" lon="-3.9971040">
    <ele>618.4</ele>
    <time>2026-09-19T11:59:48Z</time>
   </trkpt>
   <trkpt lat="43.1279080" lon="-3.9971040">
    <ele>618.4</ele>
    <time>2026-09-19T11:59:49Z</time>
   </trkpt>
   <trkpt lat="43.1279080" lon="-3.9971050">
    <ele>618.4</ele>
    <time>2026-09-19T11:59:50Z</time>
   </trkpt>
   <trkpt lat="43.1279290" lon="-3.9971130">
    <ele>618.8</ele>
    <time>2026-09-19T12:03:38Z</time>
   </trkpt>
   <trkpt lat="43.1279280" lon="-3.9971100">
    <ele>618.8</ele>
    <time>2026-09-19T12:03:39Z</time>
   </trkpt>
   <trkpt lat="43.1279280" lon="-3.9971120">
    <ele>618.8</ele>
    <time>2026-09-19T12:03:40Z</time>
   </trkpt>
   <trkpt lat="43.1279270" lon="-3.9971110">
    <ele>618.8</ele>
    <time>2026-09-19T12:03:41Z</time>
   </trkpt>
   <trkpt lat="43.1279280" lon="-3.9971120">
    <ele>618.8</ele>
    <time>2026-09-19T12:03:42Z</time>
   </trkpt>
   <trkpt lat="43.1279280" lon="-3.9971110">
    <ele>618.8</ele>
    <time>2026-09-19T12:03:43Z</time>
   </trkpt>
   <trkpt lat="43.1279280" lon="-3.9971120">
    <ele>618.8</ele>
    <time>2026-09-19T12:03:44Z</time>
   </trkpt>
   <trkpt lat="43.1279280" lon="-3.9971120">
    <ele>618.8</ele>
    <time>2026-09-19T12:03:45Z</time>
   </trkpt>
   <trkpt lat="43.1279280" lon="-3.9971120">
    <ele>618.8</ele>
    <time>2026-09-19T12:03:46Z</time>
   </trkpt>
   <trkpt lat="43.1279280" lon="-3.9971110">
    <ele>618.8</ele>
    <time>2026-09-19T12:03:47Z</time>
   </trkpt>
   <trkpt lat="43.1279280" lon="-3.9971110">
    <ele>618.8</ele>
    <time>2026-09-19T12:03:48Z</time>
   </trkpt>
   <trkpt lat="43.1279280" lon="-3.9971110">
    <ele>618.8</ele>
    <time>2026-09-19T12:03:49Z</time>
   </trkpt>
   <trkpt lat="43.1279280" lon="-3.9971110">
    <ele>618.8</ele>
    <time>2026-09-19T12:03:50Z</time>
   </trkpt>
   <trkpt lat="43.1279280" lon="-3.9971110">
    <ele>618.8</ele>
    <time>2026-09-19T12:03:51Z</time>
   </trkpt>
   <trkpt lat="43.1279260" lon="-3.9971100">
    <ele>618.8</ele>
    <time>2026-09-19T12:03:52Z</time>
   </trkpt>
   <trkpt lat="43.1279270" lon="-3.9971110">
    <ele>618.8</ele>
    <time>2026-09-19T12:03:53Z</time>
   </trkpt>
   <trkpt lat="43.1279250" lon="-3.9971110">
    <ele>618.8</ele>
    <time>2026-09-19T12:03:54Z</time>
   </trkpt>
   <trkpt lat="43.1279250" lon="-3.9971120">
    <ele>618.8</ele>
    <time>2026-09-19T12:03:55Z</time>
   </trkpt>
   <trkpt lat="43.1279300" lon="-3.9971130">
    <ele>618.8</ele>
    <time>2026-09-19T12:03:56Z</time>
   </trkpt>
   <trkpt lat="43.1279290" lon="-3.9971120">
    <ele>618.8</ele>
    <time>2026-09-19T12:03:57Z</time>
   </trkpt>
   <trkpt lat="43.1279320" lon="-3.9971110">
    <ele>618.8</ele>
    <time>2026-09-19T12:03:58Z</time>
   </trkpt>
   <trkpt lat="43.1279320" lon="-3.9971110">
    <ele>618.8</ele>
    <time>2026-09-19T12:03:59Z</time>
   </trkpt>
   <trkpt lat="43.1279330" lon="-3.9971120">
    <ele>618.8</ele>
    <time>2026-09-19T12:04:00Z</time>
   </trkpt>
   <trkpt lat="43.1279330" lon="-3.9971120">
    <ele>618.8</ele>
    <time>2026-09-19T12:04:01Z</time>
   </trkpt>
   <trkpt lat="43.1279320" lon="-3.9971110">
    <ele>618.8</ele>
    <time>2026-09-19T12:04:02Z</time>
   </trkpt>
   <trkpt lat="43.1279330" lon="-3.9971130">
    <ele>618.8</ele>
    <time>2026-09-19T12:04:03Z</time>
   </trkpt>
   <trkpt lat="43.1279300" lon="-3.9971120">
    <ele>618.8</ele>
    <time>2026-09-19T12:04:04Z</time>
   </trkpt>
   <trkpt lat="43.1279280" lon="-3.9971120">
    <ele>618.8</ele>
    <time>2026-09-19T12:04:05Z</time>
   </trkpt>
   <trkpt lat="43.1279280" lon="-3.9971120">
    <ele>618.8</ele>
    <time>2026-09-19T12:04:06Z</time>
   </trkpt>
   <trkpt lat="43.1279280" lon="-3.9971120">
    <ele>618.8</ele>
    <time>2026-09-19T12:04:07Z</time>
   </trkpt>
   <trkpt lat="43.1279270" lon="-3.9971130">
    <ele>618.8</ele>
    <time>2026-09-19T12:04:08Z</time>
   </trkpt>
   <trkpt lat="43.1279290" lon="-3.9971130">
    <ele>618.8</ele>
    <time>2026-09-19T12:04:09Z</time>
   </trkpt>
   <trkpt lat="43.1279280" lon="-3.9971130">
    <ele>618.8</ele>
    <time>2026-09-19T12:04:10Z</time>
   </trkpt>
   <trkpt lat="43.1279280" lon="-3.9971130">
    <ele>618.8</ele>
    <time>2026-09-19T12:04:11Z</time>
   </trkpt>
   <trkpt lat="43.1279290" lon="-3.9971070">
    <ele>618.8</ele>
    <time>2026-09-19T12:04:12Z</time>
   </trkpt>
   <trkpt lat="43.1279280" lon="-3.9971090">
    <ele>618.8</ele>
    <time>2026-09-19T12:04:13Z</time>
   </trkpt>
   <trkpt lat="43.1279280" lon="-3.9971090">
    <ele>618.8</ele>
    <time>2026-09-19T12:04:14Z</time>
   </trkpt>
   <trkpt lat="43.1279280" lon="-3.9971090">
    <ele>618.8</ele>
    <time>2026-09-19T12:04:15Z</time>
   </trkpt>
   <trkpt lat="43.1279260" lon="-3.9971050">
    <ele>618.8</ele>
    <time>2026-09-19T12:04:16Z</time>
   </trkpt>
   <trkpt lat="43.1279270" lon="-3.9971060">
    <ele>618.8</ele>
    <time>2026-09-19T12:04:17Z</time>
   </trkpt>
   <trkpt lat="43.1279270" lon="-3.9971060">
    <ele>618.8</ele>
    <time>2026-09-19T12:04:18Z</time>
   </trkpt>
   <trkpt lat="43.1279280" lon="-3.9971060">
    <ele>618.8</ele>
    <time>2026-09-19T12:04:19Z</time>
   </trkpt>
   <trkpt lat="43.1279280" lon="-3.9971070">
    <ele>618.8</ele>
    <time>2026-09-19T12:04:20Z</time>
   </trkpt>
   <trkpt lat="43.1279270" lon="-3.9971070">
    <ele>618.8</ele>
    <time>2026-09-19T12:04:21Z</time>
   </trkpt>
   <trkpt lat="43.1279270" lon="-3.9971060">
    <ele>618.8</ele>
    <time>2026-09-19T12:04:22Z</time>
   </trkpt>
   <trkpt lat="43.1279300" lon="-3.9971070">
    <ele>618.8</ele>
    <time>2026-09-19T12:04:23Z</time>
   </trkpt>
   <trkpt lat="43.1279290" lon="-3.9971070">
    <ele>618.8</ele>
    <time>2026-09-19T12:04:24Z</time>
   </trkpt>
   <trkpt lat="43.1279300" lon="-3.9971070">
    <ele>618.8</ele>
    <time>2026-09-19T12:04:25Z</time>
   </trkpt>
   <trkpt lat="43.1279300" lon="-3.9971070">
    <ele>618.8</ele>
    <time>2026-09-19T12:04:26Z</time>
   </trkpt>
   <trkpt lat="43.1279300" lon="-3.9971080">
    <ele>618.8</ele>
    <time>2026-09-19T12:04:27Z</time>
   </trkpt>
   <trkpt lat="43.1279290" lon="-3.9971080">
    <ele>618.8</ele>
    <time>2026-09-19T12:04:28Z</time>
   </trkpt>
   <trkpt lat="43.1279300" lon="-3.9971070">
    <ele>618.8</ele>
    <time>2026-09-19T12:04:29Z</time>
   </trkpt>
   <trkpt lat="43.1279300" lon="-3.9971070">
    <ele>618.8</ele>
    <time>2026-09-19T12:04:30Z</time>
   </trkpt>
   <trkpt lat="43.1279310" lon="-3.9971070">
    <ele>618.8</ele>
    <time>2026-09-19T12:04:31Z</time>
   </trkpt>
   <trkpt lat="43.1279300" lon="-3.9971080">
    <ele>618.8</ele>
    <time>2026-09-19T12:04:32Z</time>
   </trkpt>
   <trkpt lat="43.1279300" lon="-3.9971080">
    <ele>618.8</ele>
    <time>2026-09-19T12:04:33Z</time>
   </trkpt>
   <trkpt lat="43.1279420" lon="-3.9970790">
    <ele>619.8</ele>
    <time>2026-09-19T12:07:07Z</time>
   </trkpt>
   <trkpt lat="43.1279450" lon="-3.9970740">
    <ele>619.8</ele>
    <time>2026-09-19T12:07:08Z</time>
   </trkpt>
   <trkpt lat="43.1279460" lon="-3.9970740">
    <ele>619.8</ele>
    <time>2026-09-19T12:07:09Z</time>
   </trkpt>
   <trkpt lat="43.1279450" lon="-3.9970750">
    <ele>619.8</ele>
    <time>2026-09-19T12:07:10Z</time>
   </trkpt>
   <trkpt lat="43.1279450" lon="-3.9970750">
    <ele>619.8</ele>
    <time>2026-09-19T12:07:11Z</time>
   </trkpt>
   <trkpt lat="43.1279450" lon="-3.9970740">
    <ele>619.8</ele>
    <time>2026-09-19T12:07:12Z</time>
   </trkpt>
   <trkpt lat="43.1279450" lon="-3.9970730">
    <ele>619.8</ele>
    <time>2026-09-19T12:07:13Z</time>
   </trkpt>
   <trkpt lat="43.1279450" lon="-3.9970730">
    <ele>619.8</ele>
    <time>2026-09-19T12:07:14Z</time>
   </trkpt>
   <trkpt lat="43.1279450" lon="-3.9970720">
    <ele>619.8</ele>
    <time>2026-09-19T12:07:15Z</time>
   </trkpt>
   <trkpt lat="43.1279440" lon="-3.9970680">
    <ele>619.8</ele>
    <time>2026-09-19T12:07:16Z</time>
   </trkpt>
   <trkpt lat="43.1279430" lon="-3.9970680">
    <ele>619.8</ele>
    <time>2026-09-19T12:07:17Z</time>
   </trkpt>
   <trkpt lat="43.1279420" lon="-3.9970670">
    <ele>619.8</ele>
    <time>2026-09-19T12:07:18Z</time>
   </trkpt>
   <trkpt lat="43.1279030" lon="-3.9971810">
    <ele>616.7</ele>
    <time>2026-09-19T12:10:03Z</time>
   </trkpt>
   <trkpt lat="43.1279010" lon="-3.9971860">
    <ele>616.7</ele>
    <time>2026-09-19T12:10:04Z</time>
   </trkpt>
   <trkpt lat="43.1279010" lon="-3.9971850">
    <ele>616.7</ele>
    <time>2026-09-19T12:10:05Z</time>
   </trkpt>
   <trkpt lat="43.1279010" lon="-3.9971860">
    <ele>616.7</ele>
    <time>2026-09-19T12:10:06Z</time>
   </trkpt>
   <trkpt lat="43.1279010" lon="-3.9971840">
    <ele>616.7</ele>
    <time>2026-09-19T12:10:07Z</time>
   </trkpt>
   <trkpt lat="43.1279010" lon="-3.9971850">
    <ele>616.7</ele>
    <time>2026-09-19T12:10:08Z</time>
   </trkpt>
   <trkpt lat="43.1279020" lon="-3.9971850">
    <ele>616.7</ele>
    <time>2026-09-19T12:10:09Z</time>
   </trkpt>
   <trkpt lat="43.1279030" lon="-3.9971840">
    <ele>616.7</ele>
    <time>2026-09-19T12:10:10Z</time>
   </trkpt>
   <trkpt lat="43.1279030" lon="-3.9971850">
    <ele>616.7</ele>
    <time>2026-09-19T12:10:11Z</time>
   </trkpt>
   <trkpt lat="43.1279050" lon="-3.9971860">
    <ele>616.7</ele>
    <time>2026-09-19T12:10:12Z</time>
   </trkpt>
   <trkpt lat="43.1279030" lon="-3.9971860">
    <ele>616.7</ele>
    <time>2026-09-19T12:10:13Z</time>
   </trkpt>
   <trkpt lat="43.1279030" lon="-3.9971860">
    <ele>616.7</ele>
    <time>2026-09-19T12:10:14Z</time>
   </trkpt>
   <trkpt lat="43.1278920" lon="-3.9971420">
    <ele>617.1</ele>
    <time>2026-09-19T12:10:57Z</time>
   </trkpt>
   <trkpt lat="43.1278960" lon="-3.9971460">
    <ele>617.5</ele>
    <time>2026-09-19T12:10:58Z</time>
   </trkpt>
   <trkpt lat="43.1278940" lon="-3.9971450">
    <ele>617.5</ele>
    <time>2026-09-19T12:10:59Z</time>
   </trkpt>
   <trkpt lat="43.1278940" lon="-3.9971450">
    <ele>617.5</ele>
    <time>2026-09-19T12:11:00Z</time>
   </trkpt>
   <trkpt lat="43.1278950" lon="-3.9971450">
    <ele>617.5</ele>
    <time>2026-09-19T12:11:01Z</time>
   </trkpt>
   <trkpt lat="43.1278950" lon="-3.9971450">
    <ele>617.5</ele>
    <time>2026-09-19T12:11:02Z</time>
   </trkpt>
   <trkpt lat="43.1278960" lon="-3.9971450">
    <ele>617.5</ele>
    <time>2026-09-19T12:11:03Z</time>
   </trkpt>
   <trkpt lat="43.1278970" lon="-3.9971460">
    <ele>617.5</ele>
    <time>2026-09-19T12:11:04Z</time>
   </trkpt>
   <trkpt lat="43.1278970" lon="-3.9971460">
    <ele>617.5</ele>
    <time>2026-09-19T12:11:05Z</time>
   </trkpt>
   <trkpt lat="43.1278980" lon="-3.9971460">
    <ele>617.5</ele>
    <time>2026-09-19T12:11:06Z</time>
   </trkpt>
   <trkpt lat="43.1279010" lon="-3.9971450">
    <ele>617.5</ele>
    <time>2026-09-19T12:11:07Z</time>
   </trkpt>
   <trkpt lat="43.1279020" lon="-3.9971440">
    <ele>617.5</ele>
    <time>2026-09-19T12:11:08Z</time>
   </trkpt>
   <trkpt lat="43.1279120" lon="-3.9970990">
    <ele>618.4</ele>
    <time>2026-09-19T12:11:17Z</time>
   </trkpt>
   <trkpt lat="43.1279140" lon="-3.9970850">
    <ele>619.3</ele>
    <time>2026-09-19T12:11:18Z</time>
   </trkpt>
   <trkpt lat="43.1279130" lon="-3.9970840">
    <ele>619.3</ele>
    <time>2026-09-19T12:11:19Z</time>
   </trkpt>
   <trkpt lat="43.1279020" lon="-3.9970680">
    <ele>619.3</ele>
    <time>2026-09-19T12:11:20Z</time>
   </trkpt>
   <trkpt lat="43.1278960" lon="-3.9970570">
    <ele>619.3</ele>
    <time>2026-09-19T12:11:21Z</time>
   </trkpt>
   <trkpt lat="43.1278970" lon="-3.9970580">
    <ele>619.3</ele>
    <time>2026-09-19T12:11:22Z</time>
   </trkpt>
   <trkpt lat="43.1278970" lon="-3.9970520">
    <ele>619.3</ele>
    <time>2026-09-19T12:11:23Z</time>
   </trkpt>
   <trkpt lat="43.1279000" lon="-3.9970310">
    <ele>620.3</ele>
    <time>2026-09-19T12:11:24Z</time>
   </trkpt>
   <trkpt lat="43.1279070" lon="-3.9970160">
    <ele>620.3</ele>
    <time>2026-09-19T12:11:25Z</time>
   </trkpt>
   <trkpt lat="43.1279020" lon="-3.9970110">
    <ele>620.3</ele>
    <time>2026-09-19T12:11:26Z</time>
   </trkpt>
   <trkpt lat="43.1278990" lon="-3.9970130">
    <ele>620.3</ele>
    <time>2026-09-19T12:11:27Z</time>
   </trkpt>
   <trkpt lat="43.1278980" lon="-3.9970160">
    <ele>620.3</ele>
    <time>2026-09-19T12:11:28Z</time>
   </trkpt>
   <trkpt lat="43.1278970" lon="-3.9970190">
    <ele>620.3</ele>
    <time>2026-09-19T12:11:29Z</time>
   </trkpt>
   <trkpt lat="43.1278950" lon="-3.9970200">
    <ele>620.3</ele>
    <time>2026-09-19T12:11:30Z</time>
   </trkpt>
   <trkpt lat="43.1278930" lon="-3.9970250">
    <ele>619.9</ele>
    <time>2026-09-19T12:11:31Z</time>
   </trkpt>
   <trkpt lat="43.1278940" lon="-3.9970230">
    <ele>620.3</ele>
    <time>2026-09-19T12:11:32Z</time>
   </trkpt>
   <trkpt lat="43.1278950" lon="-3.9970220">
    <ele>620.3</ele>
    <time>2026-09-19T12:11:33Z</time>
   </trkpt>
   <trkpt lat="43.1278960" lon="-3.9970220">
    <ele>620.3</ele>
    <time>2026-09-19T12:11:34Z</time>
   </trkpt>
   <trkpt lat="43.1279000" lon="-3.9970170">
    <ele>620.3</ele>
    <time>2026-09-19T12:11:35Z</time>
   </trkpt>
   <trkpt lat="43.1279010" lon="-3.9970090">
    <ele>620.3</ele>
    <time>2026-09-19T12:11:36Z</time>
   </trkpt>
   <trkpt lat="43.1279020" lon="-3.9970120">
    <ele>620.3</ele>
    <time>2026-09-19T12:11:37Z</time>
   </trkpt>
   <trkpt lat="43.1279030" lon="-3.9970110">
    <ele>620.3</ele>
    <time>2026-09-19T12:11:38Z</time>
   </trkpt>
   <trkpt lat="43.1279050" lon="-3.9970100">
    <ele>620.3</ele>
    <time>2026-09-19T12:11:39Z</time>
   </trkpt>
   <trkpt lat="43.1279040" lon="-3.9970080">
    <ele>620.3</ele>
    <time>2026-09-19T12:11:40Z</time>
   </trkpt>
   <trkpt lat="43.1279030" lon="-3.9970070">
    <ele>620.3</ele>
    <time>2026-09-19T12:11:41Z</time>
   </trkpt>
   <trkpt lat="43.1279010" lon="-3.9970070">
    <ele>620.3</ele>
    <time>2026-09-19T12:11:42Z</time>
   </trkpt>
   <trkpt lat="43.1279030" lon="-3.9970080">
    <ele>620.3</ele>
    <time>2026-09-19T12:11:43Z</time>
   </trkpt>
   <trkpt lat="43.1279040" lon="-3.9970000">
    <ele>621.3</ele>
    <time>2026-09-19T12:11:44Z</time>
   </trkpt>
   <trkpt lat="43.1279090" lon="-3.9970080">
    <ele>620.3</ele>
    <time>2026-09-19T12:11:45Z</time>
   </trkpt>
   <trkpt lat="43.1279070" lon="-3.9970060">
    <ele>621.3</ele>
    <time>2026-09-19T12:11:46Z</time>
   </trkpt>
   <trkpt lat="43.1279080" lon="-3.9970070">
    <ele>620.3</ele>
    <time>2026-09-19T12:11:47Z</time>
   </trkpt>
   <trkpt lat="43.1279050" lon="-3.9970020">
    <ele>621.3</ele>
    <time>2026-09-19T12:11:48Z</time>
   </trkpt>
   <trkpt lat="43.1279030" lon="-3.9970010">
    <ele>621.3</ele>
    <time>2026-09-19T12:11:49Z</time>
   </trkpt>
   <trkpt lat="43.1279030" lon="-3.9969970">
    <ele>621.3</ele>
    <time>2026-09-19T12:11:50Z</time>
   </trkpt>
   <trkpt lat="43.1279010" lon="-3.9969890">
    <ele>621.3</ele>
    <time>2026-09-19T12:11:51Z</time>
   </trkpt>
   <trkpt lat="43.1278950" lon="-3.9969810">
    <ele>621.3</ele>
    <time>2026-09-19T12:11:52Z</time>
   </trkpt>
   <trkpt lat="43.1278900" lon="-3.9969770">
    <ele>620.8</ele>
    <time>2026-09-19T12:11:53Z</time>
   </trkpt>
   <trkpt lat="43.1278950" lon="-3.9969780">
    <ele>621.3</ele>
    <time>2026-09-19T12:11:54Z</time>
   </trkpt>
   <trkpt lat="43.1278950" lon="-3.9969690">
    <ele>621.3</ele>
    <time>2026-09-19T12:11:55Z</time>
   </trkpt>
   <trkpt lat="43.1278920" lon="-3.9969690">
    <ele>620.8</ele>
    <time>2026-09-19T12:11:56Z</time>
   </trkpt>
   <trkpt lat="43.1278870" lon="-3.9969630">
    <ele>621.8</ele>
    <time>2026-09-19T12:11:57Z</time>
   </trkpt>
   <trkpt lat="43.1278880" lon="-3.9969560">
    <ele>621.8</ele>
    <time>2026-09-19T12:11:58Z</time>
   </trkpt>
   <trkpt lat="43.1278880" lon="-3.9969610">
    <ele>621.8</ele>
    <time>2026-09-19T12:11:59Z</time>
   </trkpt>
   <trkpt lat="43.1278870" lon="-3.9969600">
    <ele>621.8</ele>
    <time>2026-09-19T12:12:00Z</time>
   </trkpt>
   <trkpt lat="43.1278870" lon="-3.9969600">
    <ele>621.8</ele>
    <time>2026-09-19T12:12:01Z</time>
   </trkpt>
   <trkpt lat="43.1278870" lon="-3.9969600">
    <ele>621.8</ele>
    <time>2026-09-19T12:12:02Z</time>
   </trkpt>
   <trkpt lat="43.1278870" lon="-3.9969600">
    <ele>621.8</ele>
    <time>2026-09-19T12:12:03Z</time>
   </trkpt>
   <trkpt lat="43.1278870" lon="-3.9969600">
    <ele>621.8</ele>
    <time>2026-09-19T12:12:04Z</time>
   </trkpt>
   <trkpt lat="43.1278870" lon="-3.9969600">
    <ele>621.8</ele>
    <time>2026-09-19T12:12:05Z</time>
   </trkpt>
   <trkpt lat="43.1278870" lon="-3.9969600">
    <ele>621.8</ele>
    <time>2026-09-19T12:12:06Z</time>
   </trkpt>
   <trkpt lat="43.1278830" lon="-3.9969630">
    <ele>621.8</ele>
    <time>2026-09-19T12:12:07Z</time>
   </trkpt>
   <trkpt lat="43.1278850" lon="-3.9969670">
    <ele>620.8</ele>
    <time>2026-09-19T12:12:08Z</time>
   </trkpt>
   <trkpt lat="43.1278720" lon="-3.9969610">
    <ele>621.8</ele>
    <time>2026-09-19T12:13:31Z</time>
   </trkpt>
   <trkpt lat="43.1278700" lon="-3.9969550">
    <ele>621.8</ele>
    <time>2026-09-19T12:13:32Z</time>
   </trkpt>
   <trkpt lat="43.1278670" lon="-3.9969530">
    <ele>621.8</ele>
    <time>2026-09-19T12:13:33Z</time>
   </trkpt>
   <trkpt lat="43.1278660" lon="-3.9969550">
    <ele>621.8</ele>
    <time>2026-09-19T12:13:34Z</time>
   </trkpt>
   <trkpt lat="43.1278690" lon="-3.9969590">
    <ele>621.8</ele>
    <time>2026-09-19T12:13:35Z</time>
   </trkpt>
   <trkpt lat="43.1278630" lon="-3.9969610">
    <ele>621.8</ele>
    <time>2026-09-19T12:13:36Z</time>
   </trkpt>
   <trkpt lat="43.1278610" lon="-3.9969650">
    <ele>620.4</ele>
    <time>2026-09-19T12:13:37Z</time>
   </trkpt>
   <trkpt lat="43.1278630" lon="-3.9969660">
    <ele>620.9</ele>
    <time>2026-09-19T12:13:38Z</time>
   </trkpt>
   <trkpt lat="43.1278680" lon="-3.9969650">
    <ele>620.9</ele>
    <time>2026-09-19T12:13:39Z</time>
   </trkpt>
   <trkpt lat="43.1278700" lon="-3.9969640">
    <ele>620.9</ele>
    <time>2026-09-19T12:13:40Z</time>
   </trkpt>
   <trkpt lat="43.1278690" lon="-3.9969650">
    <ele>620.9</ele>
    <time>2026-09-19T12:13:41Z</time>
   </trkpt>
   <trkpt lat="43.1278680" lon="-3.9969660">
    <ele>620.9</ele>
    <time>2026-09-19T12:13:42Z</time>
   </trkpt>
   <trkpt lat="43.1278730" lon="-3.9969680">
    <ele>620.9</ele>
    <time>2026-09-19T12:13:43Z</time>
   </trkpt>
   <trkpt lat="43.1278730" lon="-3.9969670">
    <ele>620.9</ele>
    <time>2026-09-19T12:13:44Z</time>
   </trkpt>
   <trkpt lat="43.1278740" lon="-3.9969660">
    <ele>620.9</ele>
    <time>2026-09-19T12:13:45Z</time>
   </trkpt>
   <trkpt lat="43.1278740" lon="-3.9969650">
    <ele>620.9</ele>
    <time>2026-09-19T12:13:46Z</time>
   </trkpt>
   <trkpt lat="43.1278730" lon="-3.9969660">
    <ele>620.9</ele>
    <time>2026-09-19T12:13:47Z</time>
   </trkpt>
   <trkpt lat="43.1278730" lon="-3.9969710">
    <ele>620.9</ele>
    <time>2026-09-19T12:13:48Z</time>
   </trkpt>
   <trkpt lat="43.1278750" lon="-3.9969690">
    <ele>620.9</ele>
    <time>2026-09-19T12:13:49Z</time>
   </trkpt>
   <trkpt lat="43.1278740" lon="-3.9969630">
    <ele>621.8</ele>
    <time>2026-09-19T12:13:50Z</time>
   </trkpt>
   <trkpt lat="43.1278770" lon="-3.9969620">
    <ele>621.8</ele>
    <time>2026-09-19T12:13:51Z</time>
   </trkpt>
   <trkpt lat="43.1278780" lon="-3.9969650">
    <ele>620.9</ele>
    <time>2026-09-19T12:13:52Z</time>
   </trkpt>
   <trkpt lat="43.1278780" lon="-3.9969620">
    <ele>621.8</ele>
    <time>2026-09-19T12:13:53Z</time>
   </trkpt>
   <trkpt lat="43.1278790" lon="-3.9969600">
    <ele>621.8</ele>
    <time>2026-09-19T12:13:54Z</time>
   </trkpt>
   <trkpt lat="43.1278790" lon="-3.9969670">
    <ele>620.9</ele>
    <time>2026-09-19T12:13:55Z</time>
   </trkpt>
   <trkpt lat="43.1278800" lon="-3.9969760">
    <ele>620.9</ele>
    <time>2026-09-19T12:13:56Z</time>
   </trkpt>
   <trkpt lat="43.1278830" lon="-3.9969800">
    <ele>620.9</ele>
    <time>2026-09-19T12:13:57Z</time>
   </trkpt>
   <trkpt lat="43.1278840" lon="-3.9969820">
    <ele>620.9</ele>
    <time>2026-09-19T12:13:58Z</time>
   </trkpt>
   <trkpt lat="43.1278830" lon="-3.9969830">
    <ele>620.9</ele>
    <time>2026-09-19T12:13:59Z</time>
   </trkpt>
   <trkpt lat="43.1278820" lon="-3.9969840">
    <ele>620.9</ele>
    <time>2026-09-19T12:14:00Z</time>
   </trkpt>
   <trkpt lat="43.1278840" lon="-3.9969770">
    <ele>620.9</ele>
    <time>2026-09-19T12:14:01Z</time>
   </trkpt>
   <trkpt lat="43.1278820" lon="-3.9969710">
    <ele>620.9</ele>
    <time>2026-09-19T12:14:02Z</time>
   </trkpt>
   <trkpt lat="43.1278780" lon="-3.9969730">
    <ele>620.9</ele>
    <time>2026-09-19T12:14:03Z</time>
   </trkpt>
   <trkpt lat="43.1278760" lon="-3.9969740">
    <ele>620.9</ele>
    <time>2026-09-19T12:14:04Z</time>
   </trkpt>
   <trkpt lat="43.1278760" lon="-3.9969760">
    <ele>620.9</ele>
    <time>2026-09-19T12:14:05Z</time>
   </trkpt>
   <trkpt lat="43.1278810" lon="-3.9969750">
    <ele>620.9</ele>
    <time>2026-09-19T12:14:06Z</time>
   </trkpt>
   <trkpt lat="43.1279060" lon="-3.9969120">
    <ele>623.2</ele>
    <time>2026-09-19T12:17:55Z</time>
   </trkpt>
   <trkpt lat="43.1279150" lon="-3.9969040">
    <ele>623.2</ele>
    <time>2026-09-19T12:17:56Z</time>
   </trkpt>
   <trkpt lat="43.1279170" lon="-3.9969030">
    <ele>623.2</ele>
    <time>2026-09-19T12:17:57Z</time>
   </trkpt>
   <trkpt lat="43.1279170" lon="-3.9969030">
    <ele>623.2</ele>
    <time>2026-09-19T12:17:58Z</time>
   </trkpt>
   <trkpt lat="43.1279160" lon="-3.9969080">
    <ele>623.2</ele>
    <time>2026-09-19T12:17:59Z</time>
   </trkpt>
   <trkpt lat="43.1279090" lon="-3.9969110">
    <ele>623.2</ele>
    <time>2026-09-19T12:18:00Z</time>
   </trkpt>
   <trkpt lat="43.1279110" lon="-3.9969120">
    <ele>623.2</ele>
    <time>2026-09-19T12:18:01Z</time>
   </trkpt>
   <trkpt lat="43.1279110" lon="-3.9969120">
    <ele>623.2</ele>
    <time>2026-09-19T12:18:02Z</time>
   </trkpt>
   <trkpt lat="43.1279110" lon="-3.9969120">
    <ele>623.2</ele>
    <time>2026-09-19T12:18:03Z</time>
   </trkpt>
   <trkpt lat="43.1279110" lon="-3.9969120">
    <ele>623.2</ele>
    <time>2026-09-19T12:18:04Z</time>
   </trkpt>
   <trkpt lat="43.1279110" lon="-3.9969120">
    <ele>623.2</ele>
    <time>2026-09-19T12:18:05Z</time>
   </trkpt>
   <trkpt lat="43.1279110" lon="-3.9969120">
    <ele>623.2</ele>
    <time>2026-09-19T12:18:06Z</time>
   </trkpt>
   <trkpt lat="43.1278650" lon="-3.9969490">
    <ele>621.8</ele>
    <time>2026-09-19T12:19:34Z</time>
   </trkpt>
   <trkpt lat="43.1278700" lon="-3.9969500">
    <ele>621.8</ele>
    <time>2026-09-19T12:19:35Z</time>
   </trkpt>
   <trkpt lat="43.1278740" lon="-3.9969480">
    <ele>621.8</ele>
    <time>2026-09-19T12:19:36Z</time>
   </trkpt>
   <trkpt lat="43.1278750" lon="-3.9969500">
    <ele>621.8</ele>
    <time>2026-09-19T12:19:37Z</time>
   </trkpt>
   <trkpt lat="43.1278790" lon="-3.9969490">
    <ele>621.8</ele>
    <time>2026-09-19T12:19:38Z</time>
   </trkpt>
   <trkpt lat="43.1278800" lon="-3.9969460">
    <ele>621.8</ele>
    <time>2026-09-19T12:19:39Z</time>
   </trkpt>
   <trkpt lat="43.1278780" lon="-3.9969490">
    <ele>621.8</ele>
    <time>2026-09-19T12:19:40Z</time>
   </trkpt>
   <trkpt lat="43.1278760" lon="-3.9969490">
    <ele>621.8</ele>
    <time>2026-09-19T12:19:41Z</time>
   </trkpt>
   <trkpt lat="43.1278750" lon="-3.9969510">
    <ele>621.8</ele>
    <time>2026-09-19T12:19:42Z</time>
   </trkpt>
   <trkpt lat="43.1278750" lon="-3.9969530">
    <ele>621.8</ele>
    <time>2026-09-19T12:19:43Z</time>
   </trkpt>
   <trkpt lat="43.1278780" lon="-3.9969530">
    <ele>621.8</ele>
    <time>2026-09-19T12:19:44Z</time>
   </trkpt>
   <trkpt lat="43.1278810" lon="-3.9969490">
    <ele>621.8</ele>
    <time>2026-09-19T12:19:45Z</time>
   </trkpt>
   <trkpt lat="43.1278890" lon="-3.9969520">
    <ele>621.8</ele>
    <time>2026-09-19T12:19:46Z</time>
   </trkpt>
   <trkpt lat="43.1278910" lon="-3.9969570">
    <ele>621.8</ele>
    <time>2026-09-19T12:19:47Z</time>
   </trkpt>
   <trkpt lat="43.1278780" lon="-3.9969480">
    <ele>621.8</ele>
    <time>2026-09-19T12:19:48Z</time>
   </trkpt>
   <trkpt lat="43.1278780" lon="-3.9969470">
    <ele>621.8</ele>
    <time>2026-09-19T12:19:49Z</time>
   </trkpt>
   <trkpt lat="43.1278760" lon="-3.9969460">
    <ele>621.8</ele>
    <time>2026-09-19T12:19:50Z</time>
   </trkpt>
   <trkpt lat="43.1278710" lon="-3.9969510">
    <ele>621.8</ele>
    <time>2026-09-19T12:19:51Z</time>
   </trkpt>
   <trkpt lat="43.1278700" lon="-3.9969550">
    <ele>621.8</ele>
    <time>2026-09-19T12:19:52Z</time>
   </trkpt>
   <trkpt lat="43.1278720" lon="-3.9969550">
    <ele>621.8</ele>
    <time>2026-09-19T12:19:53Z</time>
   </trkpt>
   <trkpt lat="43.1278710" lon="-3.9969580">
    <ele>621.8</ele>
    <time>2026-09-19T12:19:54Z</time>
   </trkpt>
   <trkpt lat="43.1278730" lon="-3.9969600">
    <ele>621.8</ele>
    <time>2026-09-19T12:19:55Z</time>
   </trkpt>
   <trkpt lat="43.1278730" lon="-3.9969610">
    <ele>621.8</ele>
    <time>2026-09-19T12:19:56Z</time>
   </trkpt>
   <trkpt lat="43.1278730" lon="-3.9969570">
    <ele>621.8</ele>
    <time>2026-09-19T12:19:57Z</time>
   </trkpt>
   <trkpt lat="43.1278740" lon="-3.9969540">
    <ele>621.8</ele>
    <time>2026-09-19T12:19:58Z</time>
   </trkpt>
   <trkpt lat="43.1278970" lon="-3.9969460">
    <ele>622.3</ele>
    <time>2026-09-19T12:21:09Z</time>
   </trkpt>
   <trkpt lat="43.1279060" lon="-3.9969390">
    <ele>622.3</ele>
    <time>2026-09-19T12:21:10Z</time>
   </trkpt>
   <trkpt lat="43.1278970" lon="-3.9969360">
    <ele>622.3</ele>
    <time>2026-09-19T12:21:11Z</time>
   </trkpt>
   <trkpt lat="43.1278960" lon="-3.9969380">
    <ele>622.3</ele>
    <time>2026-09-19T12:21:12Z</time>
   </trkpt>
   <trkpt lat="43.1278930" lon="-3.9969410">
    <ele>621.8</ele>
    <time>2026-09-19T12:21:13Z</time>
   </trkpt>
   <trkpt lat="43.1278950" lon="-3.9969410">
    <ele>622.3</ele>
    <time>2026-09-19T12:21:14Z</time>
   </trkpt>
   <trkpt lat="43.1279010" lon="-3.9969390">
    <ele>622.3</ele>
    <time>2026-09-19T12:21:15Z</time>
   </trkpt>
   <trkpt lat="43.1279010" lon="-3.9969390">
    <ele>622.3</ele>
    <time>2026-09-19T12:21:16Z</time>
   </trkpt>
   <trkpt lat="43.1279010" lon="-3.9969390">
    <ele>622.3</ele>
    <time>2026-09-19T12:21:17Z</time>
   </trkpt>
   <trkpt lat="43.1279010" lon="-3.9969390">
    <ele>622.3</ele>
    <time>2026-09-19T12:21:18Z</time>
   </trkpt>
   <trkpt lat="43.1278980" lon="-3.9969400">
    <ele>622.3</ele>
    <time>2026-09-19T12:21:19Z</time>
   </trkpt>
   <trkpt lat="43.1278940" lon="-3.9969450">
    <ele>622.3</ele>
    <time>2026-09-19T12:21:20Z</time>
   </trkpt>
   <trkpt lat="43.1278990" lon="-3.9969390">
    <ele>622.3</ele>
    <time>2026-09-19T12:21:21Z</time>
   </trkpt>
   <trkpt lat="43.1278930" lon="-3.9969400">
    <ele>621.9</ele>
    <time>2026-09-19T12:21:22Z</time>
   </trkpt>
   <trkpt lat="43.1278910" lon="-3.9969360">
    <ele>621.9</ele>
    <time>2026-09-19T12:21:23Z</time>
   </trkpt>
   <trkpt lat="43.1278960" lon="-3.9969340">
    <ele>622.3</ele>
    <time>2026-09-19T12:21:24Z</time>
   </trkpt>
   <trkpt lat="43.1278970" lon="-3.9969330">
    <ele>622.3</ele>
    <time>2026-09-19T12:21:25Z</time>
   </trkpt>
   <trkpt lat="43.1279010" lon="-3.9969310">
    <ele>622.3</ele>
    <time>2026-09-19T12:21:26Z</time>
   </trkpt>
   <trkpt lat="43.1279070" lon="-3.9969310">
    <ele>622.3</ele>
    <time>2026-09-19T12:21:27Z</time>
   </trkpt>
   <trkpt lat="43.1279140" lon="-3.9969330">
    <ele>622.3</ele>
    <time>2026-09-19T12:21:28Z</time>
   </trkpt>
   <trkpt lat="43.1279160" lon="-3.9969330">
    <ele>622.3</ele>
    <time>2026-09-19T12:21:29Z</time>
   </trkpt>
   <trkpt lat="43.1279180" lon="-3.9969300">
    <ele>622.3</ele>
    <time>2026-09-19T12:21:30Z</time>
   </trkpt>
   <trkpt lat="43.1279170" lon="-3.9969270">
    <ele>622.3</ele>
    <time>2026-09-19T12:21:31Z</time>
   </trkpt>
   <trkpt lat="43.1279180" lon="-3.9969260">
    <ele>622.3</ele>
    <time>2026-09-19T12:21:32Z</time>
   </trkpt>
   <trkpt lat="43.1279180" lon="-3.9969280">
    <ele>622.3</ele>
    <time>2026-09-19T12:21:33Z</time>
   </trkpt>
   <trkpt lat="43.1279180" lon="-3.9969280">
    <ele>622.3</ele>
    <time>2026-09-19T12:21:34Z</time>
   </trkpt>
   <trkpt lat="43.1279180" lon="-3.9969280">
    <ele>622.3</ele>
    <time>2026-09-19T12:21:35Z</time>
   </trkpt>
   <trkpt lat="43.1279180" lon="-3.9969280">
    <ele>622.3</ele>
    <time>2026-09-19T12:21:36Z</time>
   </trkpt>
   <trkpt lat="43.1279180" lon="-3.9969280">
    <ele>622.3</ele>
    <time>2026-09-19T12:21:37Z</time>
   </trkpt>
   <trkpt lat="43.1279180" lon="-3.9969280">
    <ele>622.3</ele>
    <time>2026-09-19T12:21:38Z</time>
   </trkpt>
   <trkpt lat="43.1279000" lon="-3.9969860">
    <ele>621.3</ele>
    <time>2026-09-19T12:26:32Z</time>
   </trkpt>
   <trkpt lat="43.1279010" lon="-3.9969910">
    <ele>621.3</ele>
    <time>2026-09-19T12:26:33Z</time>
   </trkpt>
   <trkpt lat="43.1279030" lon="-3.9969960">
    <ele>621.3</ele>
    <time>2026-09-19T12:26:34Z</time>
   </trkpt>
   <trkpt lat="43.1279060" lon="-3.9970040">
    <ele>621.3</ele>
    <time>2026-09-19T12:26:35Z</time>
   </trkpt>
   <trkpt lat="43.1279110" lon="-3.9970130">
    <ele>620.3</ele>
    <time>2026-09-19T12:26:36Z</time>
   </trkpt>
   <trkpt lat="43.1279170" lon="-3.9970240">
    <ele>620.3</ele>
    <time>2026-09-19T12:26:37Z</time>
   </trkpt>
   <trkpt lat="43.1279200" lon="-3.9970330">
    <ele>620.3</ele>
    <time>2026-09-19T12:26:38Z</time>
   </trkpt>
   <trkpt lat="43.1279220" lon="-3.9970420">
    <ele>620.3</ele>
    <time>2026-09-19T12:26:39Z</time>
   </trkpt>
   <trkpt lat="43.1279260" lon="-3.9970540">
    <ele>619.8</ele>
    <time>2026-09-19T12:26:40Z</time>
   </trkpt>
   <trkpt lat="43.1279280" lon="-3.9970650">
    <ele>619.8</ele>
    <time>2026-09-19T12:26:41Z</time>
   </trkpt>
   <trkpt lat="43.1279280" lon="-3.9970760">
    <ele>619.8</ele>
    <time>2026-09-19T12:26:42Z</time>
   </trkpt>
   <trkpt lat="43.1279280" lon="-3.9970840">
    <ele>619.8</ele>
    <time>2026-09-19T12:26:43Z</time>
   </trkpt>
   <trkpt lat="43.1279270" lon="-3.9970890">
    <ele>619.8</ele>
    <time>2026-09-19T12:26:44Z</time>
   </trkpt>
   <trkpt lat="43.1279270" lon="-3.9970980">
    <ele>618.9</ele>
    <time>2026-09-19T12:26:45Z</time>
   </trkpt>
   <trkpt lat="43.1279280" lon="-3.9971080">
    <ele>618.9</ele>
    <time>2026-09-19T12:26:46Z</time>
   </trkpt>
   <trkpt lat="43.1279290" lon="-3.9971080">
    <ele>618.9</ele>
    <time>2026-09-19T12:26:47Z</time>
   </trkpt>
   <trkpt lat="43.1279260" lon="-3.9971050">
    <ele>618.9</ele>
    <time>2026-09-19T12:26:48Z</time>
   </trkpt>
   <trkpt lat="43.1279220" lon="-3.9971020">
    <ele>618.5</ele>
    <time>2026-09-19T12:26:49Z</time>
   </trkpt>
   <trkpt lat="43.1279190" lon="-3.9971000">
    <ele>618.5</ele>
    <time>2026-09-19T12:26:50Z</time>
   </trkpt>
   <trkpt lat="43.1279170" lon="-3.9970980">
    <ele>618.5</ele>
    <time>2026-09-19T12:26:51Z</time>
   </trkpt>
   <trkpt lat="43.1279160" lon="-3.9970970">
    <ele>618.5</ele>
    <time>2026-09-19T12:26:52Z</time>
   </trkpt>
   <trkpt lat="43.1279150" lon="-3.9970960">
    <ele>618.5</ele>
    <time>2026-09-19T12:26:53Z</time>
   </trkpt>
   <trkpt lat="43.1279140" lon="-3.9970950">
    <ele>618.5</ele>
    <time>2026-09-19T12:26:54Z</time>
   </trkpt>
   <trkpt lat="43.1279150" lon="-3.9970930">
    <ele>618.5</ele>
    <time>2026-09-19T12:26:55Z</time>
   </trkpt>
   <trkpt lat="43.1279150" lon="-3.9970930">
    <ele>618.5</ele>
    <time>2026-09-19T12:26:56Z</time>
   </trkpt>
   <trkpt lat="43.1279160" lon="-3.9970930">
    <ele>618.5</ele>
    <time>2026-09-19T12:26:57Z</time>
   </trkpt>
   <trkpt lat="43.1279160" lon="-3.9970930">
    <ele>618.5</ele>
    <time>2026-09-19T12:26:58Z</time>
   </trkpt>
   <trkpt lat="43.1279280" lon="-3.9970630">
    <ele>619.8</ele>
    <time>2026-09-19T12:28:39Z</time>
   </trkpt>
   <trkpt lat="43.1279340" lon="-3.9970530">
    <ele>619.8</ele>
    <time>2026-09-19T12:28:40Z</time>
   </trkpt>
   <trkpt lat="43.1279370" lon="-3.9970420">
    <ele>620.8</ele>
    <time>2026-09-19T12:28:41Z</time>
   </trkpt>
   <trkpt lat="43.1279380" lon="-3.9970320">
    <ele>620.8</ele>
    <time>2026-09-19T12:28:42Z</time>
   </trkpt>
   <trkpt lat="43.1279380" lon="-3.9970230">
    <ele>620.8</ele>
    <time>2026-09-19T12:28:43Z</time>
   </trkpt>
   <trkpt lat="43.1279320" lon="-3.9970100">
    <ele>620.8</ele>
    <time>2026-09-19T12:28:44Z</time>
   </trkpt>
   <trkpt lat="43.1279240" lon="-3.9970000">
    <ele>621.3</ele>
    <time>2026-09-19T12:28:45Z</time>
   </trkpt>
   <trkpt lat="43.1279180" lon="-3.9969930">
    <ele>621.3</ele>
    <time>2026-09-19T12:28:46Z</time>
   </trkpt>
   <trkpt lat="43.1279140" lon="-3.9969880">
    <ele>621.3</ele>
    <time>2026-09-19T12:28:47Z</time>
   </trkpt>
   <trkpt lat="43.1279120" lon="-3.9969870">
    <ele>621.3</ele>
    <time>2026-09-19T12:28:48Z</time>
   </trkpt>
   <trkpt lat="43.1279100" lon="-3.9969870">
    <ele>621.3</ele>
    <time>2026-09-19T12:28:49Z</time>
   </trkpt>
   <trkpt lat="43.1279090" lon="-3.9969910">
    <ele>621.3</ele>
    <time>2026-09-19T12:28:50Z</time>
   </trkpt>
   <trkpt lat="43.1279000" lon="-3.9969860">
    <ele>621.3</ele>
    <time>2026-09-19T12:28:51Z</time>
   </trkpt>
   <trkpt lat="43.1278940" lon="-3.9969790">
    <ele>621.3</ele>
    <time>2026-09-19T12:28:52Z</time>
   </trkpt>
   <trkpt lat="43.1278910" lon="-3.9969710">
    <ele>620.9</ele>
    <time>2026-09-19T12:28:53Z</time>
   </trkpt>
   <trkpt lat="43.1278880" lon="-3.9969630">
    <ele>621.9</ele>
    <time>2026-09-19T12:28:54Z</time>
   </trkpt>
   <trkpt lat="43.1278870" lon="-3.9969560">
    <ele>621.9</ele>
    <time>2026-09-19T12:28:55Z</time>
   </trkpt>
   <trkpt lat="43.1278960" lon="-3.9969480">
    <ele>622.3</ele>
    <time>2026-09-19T12:28:56Z</time>
   </trkpt>
   <trkpt lat="43.1279000" lon="-3.9969480">
    <ele>622.3</ele>
    <time>2026-09-19T12:28:57Z</time>
   </trkpt>
   <trkpt lat="43.1279000" lon="-3.9969470">
    <ele>622.3</ele>
    <time>2026-09-19T12:28:58Z</time>
   </trkpt>
   <trkpt lat="43.1279000" lon="-3.9969440">
    <ele>622.3</ele>
    <time>2026-09-19T12:28:59Z</time>
   </trkpt>
   <trkpt lat="43.1279010" lon="-3.9969420">
    <ele>622.3</ele>
    <time>2026-09-19T12:29:00Z</time>
   </trkpt>
   <trkpt lat="43.1279020" lon="-3.9969420">
    <ele>622.3</ele>
    <time>2026-09-19T12:29:01Z</time>
   </trkpt>
   <trkpt lat="43.1279030" lon="-3.9969420">
    <ele>622.3</ele>
    <time>2026-09-19T12:29:02Z</time>
   </trkpt>
   <trkpt lat="43.1279040" lon="-3.9969420">
    <ele>622.3</ele>
    <time>2026-09-19T12:29:03Z</time>
   </trkpt>
   <trkpt lat="43.1279050" lon="-3.9969430">
    <ele>622.3</ele>
    <time>2026-09-19T12:29:04Z</time>
   </trkpt>
   <trkpt lat="43.1279050" lon="-3.9969430">
    <ele>622.3</ele>
    <time>2026-09-19T12:29:05Z</time>
   </trkpt>
   <trkpt lat="43.1279050" lon="-3.9969430">
    <ele>622.3</ele>
    <time>2026-09-19T12:29:06Z</time>
   </trkpt>
   <trkpt lat="43.1279050" lon="-3.9969420">
    <ele>622.3</ele>
    <time>2026-09-19T12:29:07Z</time>
   </trkpt>
   <trkpt lat="43.1278850" lon="-3.9969590">
    <ele>621.9</ele>
    <time>2026-09-19T12:30:20Z</time>
   </trkpt>
   <trkpt lat="43.1278840" lon="-3.9969600">
    <ele>621.9</ele>
    <time>2026-09-19T12:30:21Z</time>
   </trkpt>
   <trkpt lat="43.1278820" lon="-3.9969590">
    <ele>621.9</ele>
    <time>2026-09-19T12:30:22Z</time>
   </trkpt>
   <trkpt lat="43.1278820" lon="-3.9969610">
    <ele>621.9</ele>
    <time>2026-09-19T12:30:23Z</time>
   </trkpt>
   <trkpt lat="43.1278810" lon="-3.9969620">
    <ele>621.9</ele>
    <time>2026-09-19T12:30:24Z</time>
   </trkpt>
   <trkpt lat="43.1278720" lon="-3.9969660">
    <ele>620.9</ele>
    <time>2026-09-19T12:30:25Z</time>
   </trkpt>
   <trkpt lat="43.1278650" lon="-3.9969680">
    <ele>620.9</ele>
    <time>2026-09-19T12:30:26Z</time>
   </trkpt>
   <trkpt lat="43.1278580" lon="-3.9969700">
    <ele>620.4</ele>
    <time>2026-09-19T12:30:27Z</time>
   </trkpt>
   <trkpt lat="43.1278370" lon="-3.9969700">
    <ele>620.4</ele>
    <time>2026-09-19T12:30:28Z</time>
   </trkpt>
   <trkpt lat="43.1278210" lon="-3.9969630">
    <ele>620.9</ele>
    <time>2026-09-19T12:30:29Z</time>
   </trkpt>
   <trkpt lat="43.1278090" lon="-3.9969580">
    <ele>620.9</ele>
    <time>2026-09-19T12:30:30Z</time>
   </trkpt>
   <trkpt lat="43.1277990" lon="-3.9969530">
    <ele>620.4</ele>
    <time>2026-09-19T12:30:31Z</time>
   </trkpt>
   <trkpt lat="43.1277830" lon="-3.9969450">
    <ele>620.4</ele>
    <time>2026-09-19T12:30:32Z</time>
   </trkpt>
   <trkpt lat="43.1277640" lon="-3.9969440">
    <ele>619.8</ele>
    <time>2026-09-19T12:30:33Z</time>
   </trkpt>
   <trkpt lat="43.1277490" lon="-3.9969540">
    <ele>619.8</ele>
    <time>2026-09-19T12:30:34Z</time>
   </trkpt>
   <trkpt lat="43.1277390" lon="-3.9969670">
    <ele>618.9</ele>
    <time>2026-09-19T12:30:35Z</time>
   </trkpt>
   <trkpt lat="43.1277320" lon="-3.9969850">
    <ele>618.3</ele>
    <time>2026-09-19T12:30:36Z</time>
   </trkpt>
   <trkpt lat="43.1277250" lon="-3.9970050">
    <ele>618.3</ele>
    <time>2026-09-19T12:30:37Z</time>
   </trkpt>
   <trkpt lat="43.1277180" lon="-3.9970270">
    <ele>617.4</ele>
    <time>2026-09-19T12:30:38Z</time>
   </trkpt>
   <trkpt lat="43.1277150" lon="-3.9970440">
    <ele>617.4</ele>
    <time>2026-09-19T12:30:39Z</time>
   </trkpt>
   <trkpt lat="43.1277050" lon="-3.9970730">
    <ele>615.9</ele>
    <time>2026-09-19T12:30:40Z</time>
   </trkpt>
   <trkpt lat="43.1276920" lon="-3.9970870">
    <ele>615.9</ele>
    <time>2026-09-19T12:30:41Z</time>
   </trkpt>
   <trkpt lat="43.1276850" lon="-3.9971000">
    <ele>615.0</ele>
    <time>2026-09-19T12:30:42Z</time>
   </trkpt>
   <trkpt lat="43.1276800" lon="-3.9971110">
    <ele>615.0</ele>
    <time>2026-09-19T12:30:43Z</time>
   </trkpt>
   <trkpt lat="43.1276780" lon="-3.9971260">
    <ele>615.0</ele>
    <time>2026-09-19T12:30:44Z</time>
   </trkpt>
   <trkpt lat="43.1276800" lon="-3.9971350">
    <ele>615.0</ele>
    <time>2026-09-19T12:30:45Z</time>
   </trkpt>
   <trkpt lat="43.1276820" lon="-3.9971390">
    <ele>614.2</ele>
    <time>2026-09-19T12:30:46Z</time>
   </trkpt>
   <trkpt lat="43.1276830" lon="-3.9971420">
    <ele>614.2</ele>
    <time>2026-09-19T12:30:47Z</time>
   </trkpt>
   <trkpt lat="43.1276810" lon="-3.9971450">
    <ele>614.2</ele>
    <time>2026-09-19T12:30:48Z</time>
   </trkpt>
   <trkpt lat="43.1276780" lon="-3.9971490">
    <ele>614.2</ele>
    <time>2026-09-19T12:30:49Z</time>
   </trkpt>
   <trkpt lat="43.1276680" lon="-3.9971600">
    <ele>613.7</ele>
    <time>2026-09-19T12:30:50Z</time>
   </trkpt>
   <trkpt lat="43.1276580" lon="-3.9971740">
    <ele>613.7</ele>
    <time>2026-09-19T12:30:51Z</time>
   </trkpt>
   <trkpt lat="43.1276410" lon="-3.9971910">
    <ele>612.3</ele>
    <time>2026-09-19T12:30:52Z</time>
   </trkpt>
   <trkpt lat="43.1276320" lon="-3.9972020">
    <ele>612.3</ele>
    <time>2026-09-19T12:30:53Z</time>
   </trkpt>
   <trkpt lat="43.1276260" lon="-3.9972170">
    <ele>612.3</ele>
    <time>2026-09-19T12:30:54Z</time>
   </trkpt>
   <trkpt lat="43.1276110" lon="-3.9972340">
    <ele>610.9</ele>
    <time>2026-09-19T12:30:55Z</time>
   </trkpt>
   <trkpt lat="43.1275990" lon="-3.9972470">
    <ele>610.9</ele>
    <time>2026-09-19T12:30:56Z</time>
   </trkpt>
   <trkpt lat="43.1275850" lon="-3.9972620">
    <ele>610.9</ele>
    <time>2026-09-19T12:30:57Z</time>
   </trkpt>
   <trkpt lat="43.1275750" lon="-3.9972690">
    <ele>609.5</ele>
    <time>2026-09-19T12:30:58Z</time>
   </trkpt>
   <trkpt lat="43.1275380" lon="-3.9973030">
    <ele>608.9</ele>
    <time>2026-09-19T12:30:59Z</time>
   </trkpt>
   <trkpt lat="43.1275360" lon="-3.9973050">
    <ele>608.9</ele>
    <time>2026-09-19T12:31:00Z</time>
   </trkpt>
   <trkpt lat="43.1275370" lon="-3.9973010">
    <ele>608.9</ele>
    <time>2026-09-19T12:31:01Z</time>
   </trkpt>
   <trkpt lat="43.1275400" lon="-3.9973000">
    <ele>608.9</ele>
    <time>2026-09-19T12:31:02Z</time>
   </trkpt>
   <trkpt lat="43.1275460" lon="-3.9972980">
    <ele>608.9</ele>
    <time>2026-09-19T12:31:03Z</time>
   </trkpt>
   <trkpt lat="43.1275510" lon="-3.9972960">
    <ele>609.5</ele>
    <time>2026-09-19T12:31:04Z</time>
   </trkpt>
   <trkpt lat="43.1275550" lon="-3.9972940">
    <ele>609.5</ele>
    <time>2026-09-19T12:31:05Z</time>
   </trkpt>
   <trkpt lat="43.1275570" lon="-3.9972930">
    <ele>609.5</ele>
    <time>2026-09-19T12:31:06Z</time>
   </trkpt>
   <trkpt lat="43.1275580" lon="-3.9972930">
    <ele>609.5</ele>
    <time>2026-09-19T12:31:07Z</time>
   </trkpt>
   <trkpt lat="43.1275580" lon="-3.9972920">
    <ele>609.5</ele>
    <time>2026-09-19T12:31:08Z</time>
   </trkpt>
   <trkpt lat="43.1275570" lon="-3.9972910">
    <ele>609.5</ele>
    <time>2026-09-19T12:31:09Z</time>
   </trkpt>
   <trkpt lat="43.1275570" lon="-3.9972910">
    <ele>609.5</ele>
    <time>2026-09-19T12:31:10Z</time>
   </trkpt>
   <trkpt lat="43.1275570" lon="-3.9972900">
    <ele>609.5</ele>
    <time>2026-09-19T12:31:11Z</time>
   </trkpt>
   <trkpt lat="43.1275580" lon="-3.9972900">
    <ele>609.5</ele>
    <time>2026-09-19T12:31:12Z</time>
   </trkpt>
   <trkpt lat="43.1275170" lon="-3.9972600">
    <ele>609.1</ele>
    <time>2026-09-19T12:31:46Z</time>
   </trkpt>
   <trkpt lat="43.1275020" lon="-3.9972560">
    <ele>609.1</ele>
    <time>2026-09-19T12:31:47Z</time>
   </trkpt>
   <trkpt lat="43.1274850" lon="-3.9972640">
    <ele>607.7</ele>
    <time>2026-09-19T12:31:48Z</time>
   </trkpt>
   <trkpt lat="43.1274670" lon="-3.9972790">
    <ele>607.7</ele>
    <time>2026-09-19T12:31:49Z</time>
   </trkpt>
   <trkpt lat="43.1274330" lon="-3.9973110">
    <ele>606.4</ele>
    <time>2026-09-19T12:31:50Z</time>
   </trkpt>
   <trkpt lat="43.1273930" lon="-3.9973290">
    <ele>606.0</ele>
    <time>2026-09-19T12:31:51Z</time>
   </trkpt>
   <trkpt lat="43.1273680" lon="-3.9973240">
    <ele>605.6</ele>
    <time>2026-09-19T12:31:52Z</time>
   </trkpt>
   <trkpt lat="43.1273610" lon="-3.9973220">
    <ele>605.6</ele>
    <time>2026-09-19T12:31:53Z</time>
   </trkpt>
   <trkpt lat="43.1273480" lon="-3.9973220">
    <ele>605.4</ele>
    <time>2026-09-19T12:31:54Z</time>
   </trkpt>
   <trkpt lat="43.1273340" lon="-3.9973350">
    <ele>605.4</ele>
    <time>2026-09-19T12:31:55Z</time>
   </trkpt>
   <trkpt lat="43.1273220" lon="-3.9973290">
    <ele>605.2</ele>
    <time>2026-09-19T12:31:56Z</time>
   </trkpt>
   <trkpt lat="43.1273050" lon="-3.9973300">
    <ele>605.2</ele>
    <time>2026-09-19T12:31:57Z</time>
   </trkpt>
   <trkpt lat="43.1272690" lon="-3.9973300">
    <ele>605.0</ele>
    <time>2026-09-19T12:31:58Z</time>
   </trkpt>
   <trkpt lat="43.1272320" lon="-3.9973250">
    <ele>604.9</ele>
    <time>2026-09-19T12:31:59Z</time>
   </trkpt>
   <trkpt lat="43.1272100" lon="-3.9973240">
    <ele>604.9</ele>
    <time>2026-09-19T12:32:00Z</time>
   </trkpt>
   <trkpt lat="43.1272130" lon="-3.9973280">
    <ele>604.9</ele>
    <time>2026-09-19T12:32:01Z</time>
   </trkpt>
   <trkpt lat="43.1272180" lon="-3.9973330">
    <ele>604.9</ele>
    <time>2026-09-19T12:32:02Z</time>
   </trkpt>
   <trkpt lat="43.1272140" lon="-3.9973350">
    <ele>604.9</ele>
    <time>2026-09-19T12:32:03Z</time>
   </trkpt>
   <trkpt lat="43.1272130" lon="-3.9973380">
    <ele>604.9</ele>
    <time>2026-09-19T12:32:04Z</time>
   </trkpt>
   <trkpt lat="43.1272030" lon="-3.9973380">
    <ele>604.9</ele>
    <time>2026-09-19T12:32:05Z</time>
   </trkpt>
   <trkpt lat="43.1271980" lon="-3.9973420">
    <ele>604.9</ele>
    <time>2026-09-19T12:32:06Z</time>
   </trkpt>
   <trkpt lat="43.1272010" lon="-3.9973430">
    <ele>604.9</ele>
    <time>2026-09-19T12:32:07Z</time>
   </trkpt>
   <trkpt lat="43.1272000" lon="-3.9973420">
    <ele>604.9</ele>
    <time>2026-09-19T12:32:08Z</time>
   </trkpt>
   <trkpt lat="43.1271970" lon="-3.9973440">
    <ele>604.9</ele>
    <time>2026-09-19T12:32:09Z</time>
   </trkpt>
   <trkpt lat="43.1271980" lon="-3.9973470">
    <ele>604.9</ele>
    <time>2026-09-19T12:32:10Z</time>
   </trkpt>
   <trkpt lat="43.1271920" lon="-3.9973500">
    <ele>604.1</ele>
    <time>2026-09-19T12:32:11Z</time>
   </trkpt>
   <trkpt lat="43.1271900" lon="-3.9973510">
    <ele>604.1</ele>
    <time>2026-09-19T12:32:12Z</time>
   </trkpt>
   <trkpt lat="43.1271840" lon="-3.9973550">
    <ele>604.1</ele>
    <time>2026-09-19T12:32:13Z</time>
   </trkpt>
   <trkpt lat="43.1271730" lon="-3.9973620">
    <ele>604.1</ele>
    <time>2026-09-19T12:32:14Z</time>
   </trkpt>
   <trkpt lat="43.1271650" lon="-3.9973750">
    <ele>604.1</ele>
    <time>2026-09-19T12:32:15Z</time>
   </trkpt>
   <trkpt lat="43.1271590" lon="-3.9973840">
    <ele>604.1</ele>
    <time>2026-09-19T12:32:16Z</time>
   </trkpt>
   <trkpt lat="43.1271500" lon="-3.9974010">
    <ele>603.3</ele>
    <time>2026-09-19T12:32:17Z</time>
   </trkpt>
   <trkpt lat="43.1271380" lon="-3.9974130">
    <ele>603.3</ele>
    <time>2026-09-19T12:32:18Z</time>
   </trkpt>
   <trkpt lat="43.1271310" lon="-3.9974280">
    <ele>603.3</ele>
    <time>2026-09-19T12:32:19Z</time>
   </trkpt>
   <trkpt lat="43.1271260" lon="-3.9974350">
    <ele>603.3</ele>
    <time>2026-09-19T12:32:20Z</time>
   </trkpt>
   <trkpt lat="43.1271100" lon="-3.9974440">
    <ele>602.4</ele>
    <time>2026-09-19T12:32:21Z</time>
   </trkpt>
   <trkpt lat="43.1270820" lon="-3.9974640">
    <ele>602.4</ele>
    <time>2026-09-19T12:32:22Z</time>
   </trkpt>
   <trkpt lat="43.1270610" lon="-3.9974830">
    <ele>601.6</ele>
    <time>2026-09-19T12:32:23Z</time>
   </trkpt>
   <trkpt lat="43.1270500" lon="-3.9974860">
    <ele>601.6</ele>
    <time>2026-09-19T12:32:24Z</time>
   </trkpt>
   <trkpt lat="43.1270360" lon="-3.9974820">
    <ele>601.6</ele>
    <time>2026-09-19T12:32:25Z</time>
   </trkpt>
   <trkpt lat="43.1270210" lon="-3.9974810">
    <ele>601.6</ele>
    <time>2026-09-19T12:32:26Z</time>
   </trkpt>
   <trkpt lat="43.1270070" lon="-3.9974850">
    <ele>601.5</ele>
    <time>2026-09-19T12:32:27Z</time>
   </trkpt>
   <trkpt lat="43.1270000" lon="-3.9974880">
    <ele>601.5</ele>
    <time>2026-09-19T12:32:28Z</time>
   </trkpt>
   <trkpt lat="43.1269930" lon="-3.9974890">
    <ele>601.5</ele>
    <time>2026-09-19T12:32:29Z</time>
   </trkpt>
   <trkpt lat="43.1269860" lon="-3.9974930">
    <ele>601.5</ele>
    <time>2026-09-19T12:32:30Z</time>
   </trkpt>
   <trkpt lat="43.1269890" lon="-3.9974940">
    <ele>601.5</ele>
    <time>2026-09-19T12:32:31Z</time>
   </trkpt>
   <trkpt lat="43.1269870" lon="-3.9974960">
    <ele>601.5</ele>
    <time>2026-09-19T12:32:32Z</time>
   </trkpt>
   <trkpt lat="43.1269720" lon="-3.9975090">
    <ele>601.4</ele>
    <time>2026-09-19T12:32:33Z</time>
   </trkpt>
   <trkpt lat="43.1269590" lon="-3.9975170">
    <ele>601.4</ele>
    <time>2026-09-19T12:32:34Z</time>
   </trkpt>
   <trkpt lat="43.1269510" lon="-3.9975130">
    <ele>601.3</ele>
    <time>2026-09-19T12:32:35Z</time>
   </trkpt>
   <trkpt lat="43.1269380" lon="-3.9975250">
    <ele>600.4</ele>
    <time>2026-09-19T12:32:36Z</time>
   </trkpt>
   <trkpt lat="43.1269350" lon="-3.9975290">
    <ele>600.4</ele>
    <time>2026-09-19T12:32:37Z</time>
   </trkpt>
   <trkpt lat="43.1269360" lon="-3.9975270">
    <ele>600.4</ele>
    <time>2026-09-19T12:32:38Z</time>
   </trkpt>
   <trkpt lat="43.1269290" lon="-3.9975330">
    <ele>600.4</ele>
    <time>2026-09-19T12:32:39Z</time>
   </trkpt>
   <trkpt lat="43.1269240" lon="-3.9975310">
    <ele>600.4</ele>
    <time>2026-09-19T12:32:40Z</time>
   </trkpt>
   <trkpt lat="43.1269210" lon="-3.9975300">
    <ele>600.3</ele>
    <time>2026-09-19T12:32:41Z</time>
   </trkpt>
   <trkpt lat="43.1269160" lon="-3.9975340">
    <ele>600.3</ele>
    <time>2026-09-19T12:32:42Z</time>
   </trkpt>
   <trkpt lat="43.1269150" lon="-3.9975330">
    <ele>600.3</ele>
    <time>2026-09-19T12:32:43Z</time>
   </trkpt>
   <trkpt lat="43.1269150" lon="-3.9975340">
    <ele>600.3</ele>
    <time>2026-09-19T12:32:44Z</time>
   </trkpt>
   <trkpt lat="43.1269150" lon="-3.9975340">
    <ele>600.3</ele>
    <time>2026-09-19T12:32:45Z</time>
   </trkpt>
   <trkpt lat="43.1269150" lon="-3.9975350">
    <ele>600.3</ele>
    <time>2026-09-19T12:32:46Z</time>
   </trkpt>
   <trkpt lat="43.1269140" lon="-3.9975360">
    <ele>600.3</ele>
    <time>2026-09-19T12:32:47Z</time>
   </trkpt>
   <trkpt lat="43.1269170" lon="-3.9975310">
    <ele>600.3</ele>
    <time>2026-09-19T12:32:48Z</time>
   </trkpt>
   <trkpt lat="43.1269070" lon="-3.9975370">
    <ele>600.3</ele>
    <time>2026-09-19T12:32:49Z</time>
   </trkpt>
   <trkpt lat="43.1269080" lon="-3.9975380">
    <ele>600.3</ele>
    <time>2026-09-19T12:32:50Z</time>
   </trkpt>
   <trkpt lat="43.1269080" lon="-3.9975370">
    <ele>600.3</ele>
    <time>2026-09-19T12:32:51Z</time>
   </trkpt>
   <trkpt lat="43.1269090" lon="-3.9975330">
    <ele>600.3</ele>
    <time>2026-09-19T12:32:52Z</time>
   </trkpt>
   <trkpt lat="43.1269020" lon="-3.9975330">
    <ele>600.3</ele>
    <time>2026-09-19T12:32:53Z</time>
   </trkpt>
   <trkpt lat="43.1268900" lon="-3.9975320">
    <ele>600.2</ele>
    <time>2026-09-19T12:32:54Z</time>
   </trkpt>
   <trkpt lat="43.1268790" lon="-3.9975320">
    <ele>600.2</ele>
    <time>2026-09-19T12:32:55Z</time>
   </trkpt>
   <trkpt lat="43.1268780" lon="-3.9975400">
    <ele>600.2</ele>
    <time>2026-09-19T12:32:56Z</time>
   </trkpt>
   <trkpt lat="43.1268820" lon="-3.9975420">
    <ele>600.2</ele>
    <time>2026-09-19T12:32:57Z</time>
   </trkpt>
   <trkpt lat="43.1268840" lon="-3.9975410">
    <ele>600.2</ele>
    <time>2026-09-19T12:32:58Z</time>
   </trkpt>
   <trkpt lat="43.1268850" lon="-3.9975430">
    <ele>600.2</ele>
    <time>2026-09-19T12:32:59Z</time>
   </trkpt>
   <trkpt lat="43.1268840" lon="-3.9975390">
    <ele>600.2</ele>
    <time>2026-09-19T12:33:00Z</time>
   </trkpt>
   <trkpt lat="43.1268800" lon="-3.9975380">
    <ele>600.2</ele>
    <time>2026-09-19T12:33:01Z</time>
   </trkpt>
   <trkpt lat="43.1268760" lon="-3.9975320">
    <ele>600.2</ele>
    <time>2026-09-19T12:33:02Z</time>
   </trkpt>
   <trkpt lat="43.1268650" lon="-3.9975260">
    <ele>600.2</ele>
    <time>2026-09-19T12:33:03Z</time>
   </trkpt>
   <trkpt lat="43.1268640" lon="-3.9975380">
    <ele>600.2</ele>
    <time>2026-09-19T12:33:04Z</time>
   </trkpt>
   <trkpt lat="43.1268550" lon="-3.9975410">
    <ele>600.0</ele>
    <time>2026-09-19T12:33:05Z</time>
   </trkpt>
   <trkpt lat="43.1268560" lon="-3.9975360">
    <ele>600.0</ele>
    <time>2026-09-19T12:33:06Z</time>
   </trkpt>
   <trkpt lat="43.1268530" lon="-3.9975370">
    <ele>600.0</ele>
    <time>2026-09-19T12:33:07Z</time>
   </trkpt>
   <trkpt lat="43.1268520" lon="-3.9975370">
    <ele>600.0</ele>
    <time>2026-09-19T12:33:08Z</time>
   </trkpt>
   <trkpt lat="43.1268500" lon="-3.9975360">
    <ele>600.0</ele>
    <time>2026-09-19T12:33:09Z</time>
   </trkpt>
   <trkpt lat="43.1268480" lon="-3.9975370">
    <ele>600.0</ele>
    <time>2026-09-19T12:33:10Z</time>
   </trkpt>
   <trkpt lat="43.1268470" lon="-3.9975380">
    <ele>600.0</ele>
    <time>2026-09-19T12:33:11Z</time>
   </trkpt>
   <trkpt lat="43.1268460" lon="-3.9975360">
    <ele>600.0</ele>
    <time>2026-09-19T12:33:12Z</time>
   </trkpt>
   <trkpt lat="43.1268470" lon="-3.9975380">
    <ele>600.0</ele>
    <time>2026-09-19T12:33:13Z</time>
   </trkpt>
   <trkpt lat="43.1268490" lon="-3.9975330">
    <ele>600.1</ele>
    <time>2026-09-19T12:33:14Z</time>
   </trkpt>
   <trkpt lat="43.1268490" lon="-3.9975330">
    <ele>600.1</ele>
    <time>2026-09-19T12:33:15Z</time>
   </trkpt>
   <trkpt lat="43.1268490" lon="-3.9975320">
    <ele>600.1</ele>
    <time>2026-09-19T12:33:16Z</time>
   </trkpt>
   <trkpt lat="43.1268490" lon="-3.9975320">
    <ele>600.1</ele>
    <time>2026-09-19T12:33:17Z</time>
   </trkpt>
   <trkpt lat="43.1268490" lon="-3.9975320">
    <ele>600.1</ele>
    <time>2026-09-19T12:33:18Z</time>
   </trkpt>
   <trkpt lat="43.1268490" lon="-3.9975320">
    <ele>600.1</ele>
    <time>2026-09-19T12:33:19Z</time>
   </trkpt>
   <trkpt lat="43.1268510" lon="-3.9975280">
    <ele>600.1</ele>
    <time>2026-09-19T12:33:20Z</time>
   </trkpt>
   <trkpt lat="43.1268510" lon="-3.9975250">
    <ele>600.1</ele>
    <time>2026-09-19T12:33:21Z</time>
   </trkpt>
   <trkpt lat="43.1268510" lon="-3.9975270">
    <ele>600.1</ele>
    <time>2026-09-19T12:33:22Z</time>
   </trkpt>
   <trkpt lat="43.1268510" lon="-3.9975260">
    <ele>600.1</ele>
    <time>2026-09-19T12:33:23Z</time>
   </trkpt>
   <trkpt lat="43.1268520" lon="-3.9975250">
    <ele>600.1</ele>
    <time>2026-09-19T12:33:24Z</time>
   </trkpt>
   <trkpt lat="43.1268390" lon="-3.9975340">
    <ele>600.1</ele>
    <time>2026-09-19T12:33:29Z</time>
   </trkpt>
   <trkpt lat="43.1268250" lon="-3.9975450">
    <ele>599.9</ele>
    <time>2026-09-19T12:33:30Z</time>
   </trkpt>
   <trkpt lat="43.1268050" lon="-3.9975550">
    <ele>599.9</ele>
    <time>2026-09-19T12:33:31Z</time>
   </trkpt>
   <trkpt lat="43.1267870" lon="-3.9975660">
    <ele>599.0</ele>
    <time>2026-09-19T12:33:32Z</time>
   </trkpt>
   <trkpt lat="43.1267660" lon="-3.9975800">
    <ele>599.0</ele>
    <time>2026-09-19T12:33:33Z</time>
   </trkpt>
   <trkpt lat="43.1267390" lon="-3.9976000">
    <ele>598.9</ele>
    <time>2026-09-19T12:33:34Z</time>
   </trkpt>
   <trkpt lat="43.1267270" lon="-3.9976240">
    <ele>598.0</ele>
    <time>2026-09-19T12:33:35Z</time>
   </trkpt>
   <trkpt lat="43.1267070" lon="-3.9976640">
    <ele>597.2</ele>
    <time>2026-09-19T12:33:36Z</time>
   </trkpt>
   <trkpt lat="43.1266880" lon="-3.9976730">
    <ele>597.1</ele>
    <time>2026-09-19T12:33:37Z</time>
   </trkpt>
   <trkpt lat="43.1266690" lon="-3.9976820">
    <ele>597.0</ele>
    <time>2026-09-19T12:33:38Z</time>
   </trkpt>
   <trkpt lat="43.1266670" lon="-3.9976800">
    <ele>597.0</ele>
    <time>2026-09-19T12:33:39Z</time>
   </trkpt>
   <trkpt lat="43.1266620" lon="-3.9976760">
    <ele>597.0</ele>
    <time>2026-09-19T12:33:40Z</time>
   </trkpt>
   <trkpt lat="43.1266580" lon="-3.9976780">
    <ele>597.0</ele>
    <time>2026-09-19T12:33:41Z</time>
   </trkpt>
   <trkpt lat="43.1266540" lon="-3.9976800">
    <ele>597.0</ele>
    <time>2026-09-19T12:33:42Z</time>
   </trkpt>
   <trkpt lat="43.1266530" lon="-3.9976800">
    <ele>597.0</ele>
    <time>2026-09-19T12:33:43Z</time>
   </trkpt>
   <trkpt lat="43.1266540" lon="-3.9976810">
    <ele>597.0</ele>
    <time>2026-09-19T12:33:44Z</time>
   </trkpt>
   <trkpt lat="43.1266540" lon="-3.9976820">
    <ele>597.0</ele>
    <time>2026-09-19T12:33:45Z</time>
   </trkpt>
   <trkpt lat="43.1266510" lon="-3.9976820">
    <ele>597.0</ele>
    <time>2026-09-19T12:33:46Z</time>
   </trkpt>
   <trkpt lat="43.1266480" lon="-3.9976830">
    <ele>597.0</ele>
    <time>2026-09-19T12:33:47Z</time>
   </trkpt>
   <trkpt lat="43.1266380" lon="-3.9976800">
    <ele>596.9</ele>
    <time>2026-09-19T12:33:48Z</time>
   </trkpt>
   <trkpt lat="43.1266390" lon="-3.9976820">
    <ele>596.9</ele>
    <time>2026-09-19T12:33:49Z</time>
   </trkpt>
   <trkpt lat="43.1266380" lon="-3.9976820">
    <ele>596.9</ele>
    <time>2026-09-19T12:33:50Z</time>
   </trkpt>
   <trkpt lat="43.1266330" lon="-3.9976840">
    <ele>596.9</ele>
    <time>2026-09-19T12:33:51Z</time>
   </trkpt>
   <trkpt lat="43.1266290" lon="-3.9976830">
    <ele>596.9</ele>
    <time>2026-09-19T12:33:52Z</time>
   </trkpt>
   <trkpt lat="43.1266170" lon="-3.9976910">
    <ele>596.9</ele>
    <time>2026-09-19T12:33:53Z</time>
   </trkpt>
   <trkpt lat="43.1265950" lon="-3.9976940">
    <ele>596.0</ele>
    <time>2026-09-19T12:33:54Z</time>
   </trkpt>
   <trkpt lat="43.1265760" lon="-3.9976940">
    <ele>595.9</ele>
    <time>2026-09-19T12:33:55Z</time>
   </trkpt>
   <trkpt lat="43.1265600" lon="-3.9976930">
    <ele>596.7</ele>
    <time>2026-09-19T12:33:56Z</time>
   </trkpt>
   <trkpt lat="43.1265460" lon="-3.9976880">
    <ele>596.6</ele>
    <time>2026-09-19T12:33:57Z</time>
   </trkpt>
   <trkpt lat="43.1265200" lon="-3.9976910">
    <ele>596.6</ele>
    <time>2026-09-19T12:33:58Z</time>
   </trkpt>
   <trkpt lat="43.1265000" lon="-3.9976850">
    <ele>596.5</ele>
    <time>2026-09-19T12:33:59Z</time>
   </trkpt>
   <trkpt lat="43.1265000" lon="-3.9976710">
    <ele>596.5</ele>
    <time>2026-09-19T12:34:00Z</time>
   </trkpt>
   <trkpt lat="43.1264890" lon="-3.9976700">
    <ele>596.5</ele>
    <time>2026-09-19T12:34:01Z</time>
   </trkpt>
   <trkpt lat="43.1264700" lon="-3.9976610">
    <ele>596.4</ele>
    <time>2026-09-19T12:34:02Z</time>
   </trkpt>
   <trkpt lat="43.1264620" lon="-3.9976550">
    <ele>596.4</ele>
    <time>2026-09-19T12:34:03Z</time>
   </trkpt>
   <trkpt lat="43.1264520" lon="-3.9976490">
    <ele>597.1</ele>
    <time>2026-09-19T12:34:04Z</time>
   </trkpt>
   <trkpt lat="43.1264370" lon="-3.9976540">
    <ele>596.3</ele>
    <time>2026-09-19T12:34:05Z</time>
   </trkpt>
   <trkpt lat="43.1264250" lon="-3.9976590">
    <ele>596.3</ele>
    <time>2026-09-19T12:34:06Z</time>
   </trkpt>
   <trkpt lat="43.1264190" lon="-3.9976600">
    <ele>596.2</ele>
    <time>2026-09-19T12:34:07Z</time>
   </trkpt>
   <trkpt lat="43.1264130" lon="-3.9976660">
    <ele>596.2</ele>
    <time>2026-09-19T12:34:08Z</time>
   </trkpt>
   <trkpt lat="43.1263860" lon="-3.9976610">
    <ele>596.1</ele>
    <time>2026-09-19T12:34:09Z</time>
   </trkpt>
   <trkpt lat="43.1263690" lon="-3.9976600">
    <ele>596.1</ele>
    <time>2026-09-19T12:34:10Z</time>
   </trkpt>
   <trkpt lat="43.1263550" lon="-3.9976550">
    <ele>596.0</ele>
    <time>2026-09-19T12:34:11Z</time>
   </trkpt>
   <trkpt lat="43.1263330" lon="-3.9976530">
    <ele>596.0</ele>
    <time>2026-09-19T12:34:12Z</time>
   </trkpt>
   <trkpt lat="43.1263110" lon="-3.9976600">
    <ele>595.9</ele>
    <time>2026-09-19T12:34:13Z</time>
   </trkpt>
   <trkpt lat="43.1262970" lon="-3.9976610">
    <ele>595.9</ele>
    <time>2026-09-19T12:34:14Z</time>
   </trkpt>
   <trkpt lat="43.1262950" lon="-3.9976610">
    <ele>595.9</ele>
    <time>2026-09-19T12:34:15Z</time>
   </trkpt>
   <trkpt lat="43.1262910" lon="-3.9976620">
    <ele>595.9</ele>
    <time>2026-09-19T12:34:16Z</time>
   </trkpt>
   <trkpt lat="43.1262820" lon="-3.9976660">
    <ele>595.9</ele>
    <time>2026-09-19T12:34:17Z</time>
   </trkpt>
   <trkpt lat="43.1262780" lon="-3.9976710">
    <ele>595.9</ele>
    <time>2026-09-19T12:34:18Z</time>
   </trkpt>
   <trkpt lat="43.1262790" lon="-3.9976690">
    <ele>595.9</ele>
    <time>2026-09-19T12:34:19Z</time>
   </trkpt>
   <trkpt lat="43.1262770" lon="-3.9976690">
    <ele>595.9</ele>
    <time>2026-09-19T12:34:20Z</time>
   </trkpt>
   <trkpt lat="43.1262730" lon="-3.9976750">
    <ele>595.9</ele>
    <time>2026-09-19T12:34:21Z</time>
   </trkpt>
   <trkpt lat="43.1262580" lon="-3.9976910">
    <ele>595.8</ele>
    <time>2026-09-19T12:34:22Z</time>
   </trkpt>
   <trkpt lat="43.1262450" lon="-3.9977110">
    <ele>595.0</ele>
    <time>2026-09-19T12:34:23Z</time>
   </trkpt>
   <trkpt lat="43.1262270" lon="-3.9977160">
    <ele>594.9</ele>
    <time>2026-09-19T12:34:24Z</time>
   </trkpt>
   <trkpt lat="43.1262190" lon="-3.9977190">
    <ele>594.9</ele>
    <time>2026-09-19T12:34:25Z</time>
   </trkpt>
   <trkpt lat="43.1262190" lon="-3.9977150">
    <ele>594.9</ele>
    <time>2026-09-19T12:34:26Z</time>
   </trkpt>
   <trkpt lat="43.1262150" lon="-3.9977200">
    <ele>594.9</ele>
    <time>2026-09-19T12:34:27Z</time>
   </trkpt>
   <trkpt lat="43.1262050" lon="-3.9977260">
    <ele>594.9</ele>
    <time>2026-09-19T12:34:28Z</time>
   </trkpt>
   <trkpt lat="43.1261930" lon="-3.9977340">
    <ele>594.9</ele>
    <time>2026-09-19T12:34:29Z</time>
   </trkpt>
   <trkpt lat="43.1261740" lon="-3.9977510">
    <ele>594.1</ele>
    <time>2026-09-19T12:34:30Z</time>
   </trkpt>
   <trkpt lat="43.1261580" lon="-3.9977760">
    <ele>594.0</ele>
    <time>2026-09-19T12:34:31Z</time>
   </trkpt>
   <trkpt lat="43.1261460" lon="-3.9977940">
    <ele>593.2</ele>
    <time>2026-09-19T12:34:32Z</time>
   </trkpt>
   <trkpt lat="43.1261310" lon="-3.9978090">
    <ele>593.1</ele>
    <time>2026-09-19T12:34:33Z</time>
   </trkpt>
   <trkpt lat="43.1261180" lon="-3.9978300">
    <ele>592.2</ele>
    <time>2026-09-19T12:34:34Z</time>
   </trkpt>
   <trkpt lat="43.1261120" lon="-3.9978400">
    <ele>592.2</ele>
    <time>2026-09-19T12:34:35Z</time>
   </trkpt>
   <trkpt lat="43.1261040" lon="-3.9978520">
    <ele>592.2</ele>
    <time>2026-09-19T12:34:36Z</time>
   </trkpt>
   <trkpt lat="43.1261020" lon="-3.9978480">
    <ele>592.2</ele>
    <time>2026-09-19T12:34:37Z</time>
   </trkpt>
   <trkpt lat="43.1261000" lon="-3.9978520">
    <ele>592.2</ele>
    <time>2026-09-19T12:34:38Z</time>
   </trkpt>
   <trkpt lat="43.1260990" lon="-3.9978520">
    <ele>592.2</ele>
    <time>2026-09-19T12:34:39Z</time>
   </trkpt>
   <trkpt lat="43.1260990" lon="-3.9978520">
    <ele>592.2</ele>
    <time>2026-09-19T12:34:40Z</time>
   </trkpt>
   <trkpt lat="43.1260990" lon="-3.9978540">
    <ele>592.2</ele>
    <time>2026-09-19T12:34:41Z</time>
   </trkpt>
   <trkpt lat="43.1260980" lon="-3.9978570">
    <ele>592.2</ele>
    <time>2026-09-19T12:34:42Z</time>
   </trkpt>
   <trkpt lat="43.1261000" lon="-3.9978570">
    <ele>592.2</ele>
    <time>2026-09-19T12:34:43Z</time>
   </trkpt>
   <trkpt lat="43.1260990" lon="-3.9978540">
    <ele>592.2</ele>
    <time>2026-09-19T12:34:44Z</time>
   </trkpt>
   <trkpt lat="43.1260990" lon="-3.9978540">
    <ele>592.2</ele>
    <time>2026-09-19T12:34:45Z</time>
   </trkpt>
   <trkpt lat="43.1260970" lon="-3.9978570">
    <ele>592.2</ele>
    <time>2026-09-19T12:34:46Z</time>
   </trkpt>
   <trkpt lat="43.1260950" lon="-3.9978710">
    <ele>591.3</ele>
    <time>2026-09-19T12:34:48Z</time>
   </trkpt>
   <trkpt lat="43.1260920" lon="-3.9978900">
    <ele>591.3</ele>
    <time>2026-09-19T12:34:49Z</time>
   </trkpt>
   <trkpt lat="43.1260860" lon="-3.9979110">
    <ele>590.4</ele>
    <time>2026-09-19T12:34:50Z</time>
   </trkpt>
   <trkpt lat="43.1260880" lon="-3.9979200">
    <ele>590.4</ele>
    <time>2026-09-19T12:34:51Z</time>
   </trkpt>
   <trkpt lat="43.1260840" lon="-3.9979300">
    <ele>590.4</ele>
    <time>2026-09-19T12:34:52Z</time>
   </trkpt>
   <trkpt lat="43.1260840" lon="-3.9979420">
    <ele>590.4</ele>
    <time>2026-09-19T12:34:53Z</time>
   </trkpt>
   <trkpt lat="43.1260830" lon="-3.9979600">
    <ele>589.5</ele>
    <time>2026-09-19T12:34:54Z</time>
   </trkpt>
   <trkpt lat="43.1260800" lon="-3.9979670">
    <ele>589.5</ele>
    <time>2026-09-19T12:34:55Z</time>
   </trkpt>
   <trkpt lat="43.1260820" lon="-3.9979760">
    <ele>589.5</ele>
    <time>2026-09-19T12:34:56Z</time>
   </trkpt>
   <trkpt lat="43.1260820" lon="-3.9979890">
    <ele>589.5</ele>
    <time>2026-09-19T12:34:57Z</time>
   </trkpt>
   <trkpt lat="43.1260810" lon="-3.9980030">
    <ele>588.6</ele>
    <time>2026-09-19T12:34:58Z</time>
   </trkpt>
   <trkpt lat="43.1260810" lon="-3.9980240">
    <ele>588.6</ele>
    <time>2026-09-19T12:34:59Z</time>
   </trkpt>
   <trkpt lat="43.1260740" lon="-3.9980380">
    <ele>587.7</ele>
    <time>2026-09-19T12:35:00Z</time>
   </trkpt>
   <trkpt lat="43.1260720" lon="-3.9980390">
    <ele>587.7</ele>
    <time>2026-09-19T12:35:01Z</time>
   </trkpt>
   <trkpt lat="43.1260700" lon="-3.9980350">
    <ele>588.6</ele>
    <time>2026-09-19T12:35:02Z</time>
   </trkpt>
   <trkpt lat="43.1260700" lon="-3.9980410">
    <ele>587.7</ele>
    <time>2026-09-19T12:35:03Z</time>
   </trkpt>
   <trkpt lat="43.1260680" lon="-3.9980470">
    <ele>587.7</ele>
    <time>2026-09-19T12:35:04Z</time>
   </trkpt>
   <trkpt lat="43.1260690" lon="-3.9980550">
    <ele>587.7</ele>
    <time>2026-09-19T12:35:05Z</time>
   </trkpt>
   <trkpt lat="43.1260660" lon="-3.9980660">
    <ele>587.7</ele>
    <time>2026-09-19T12:35:06Z</time>
   </trkpt>
   <trkpt lat="43.1260570" lon="-3.9980910">
    <ele>586.9</ele>
    <time>2026-09-19T12:35:07Z</time>
   </trkpt>
   <trkpt lat="43.1260490" lon="-3.9981110">
    <ele>586.9</ele>
    <time>2026-09-19T12:35:08Z</time>
   </trkpt>
   <trkpt lat="43.1260470" lon="-3.9981340">
    <ele>586.2</ele>
    <time>2026-09-19T12:35:09Z</time>
   </trkpt>
   <trkpt lat="43.1260570" lon="-3.9981440">
    <ele>586.2</ele>
    <time>2026-09-19T12:35:10Z</time>
   </trkpt>
   <trkpt lat="43.1260610" lon="-3.9981520">
    <ele>586.2</ele>
    <time>2026-09-19T12:35:11Z</time>
   </trkpt>
   <trkpt lat="43.1260660" lon="-3.9981660">
    <ele>585.5</ele>
    <time>2026-09-19T12:35:12Z</time>
   </trkpt>
   <trkpt lat="43.1260700" lon="-3.9981840">
    <ele>585.5</ele>
    <time>2026-09-19T12:35:13Z</time>
   </trkpt>
   <trkpt lat="43.1260640" lon="-3.9982060">
    <ele>585.5</ele>
    <time>2026-09-19T12:35:14Z</time>
   </trkpt>
   <trkpt lat="43.1260560" lon="-3.9982200">
    <ele>584.9</ele>
    <time>2026-09-19T12:35:15Z</time>
   </trkpt>
   <trkpt lat="43.1260320" lon="-3.9982540">
    <ele>584.3</ele>
    <time>2026-09-19T12:35:16Z</time>
   </trkpt>
   <trkpt lat="43.1260210" lon="-3.9982480">
    <ele>584.9</ele>
    <time>2026-09-19T12:35:17Z</time>
   </trkpt>
   <trkpt lat="43.1260270" lon="-3.9982500">
    <ele>584.9</ele>
    <time>2026-09-19T12:35:18Z</time>
   </trkpt>
   <trkpt lat="43.1260280" lon="-3.9982510">
    <ele>584.3</ele>
    <time>2026-09-19T12:35:19Z</time>
   </trkpt>
   <trkpt lat="43.1260290" lon="-3.9982510">
    <ele>584.3</ele>
    <time>2026-09-19T12:35:20Z</time>
   </trkpt>
   <trkpt lat="43.1260270" lon="-3.9982530">
    <ele>584.3</ele>
    <time>2026-09-19T12:35:21Z</time>
   </trkpt>
   <trkpt lat="43.1260270" lon="-3.9982530">
    <ele>584.3</ele>
    <time>2026-09-19T12:35:22Z</time>
   </trkpt>
   <trkpt lat="43.1260270" lon="-3.9982530">
    <ele>584.3</ele>
    <time>2026-09-19T12:35:23Z</time>
   </trkpt>
   <trkpt lat="43.1260240" lon="-3.9982540">
    <ele>584.3</ele>
    <time>2026-09-19T12:35:24Z</time>
   </trkpt>
   <trkpt lat="43.1260260" lon="-3.9982520">
    <ele>584.3</ele>
    <time>2026-09-19T12:35:25Z</time>
   </trkpt>
   <trkpt lat="43.1260280" lon="-3.9982510">
    <ele>584.3</ele>
    <time>2026-09-19T12:35:26Z</time>
   </trkpt>
   <trkpt lat="43.1260290" lon="-3.9982610">
    <ele>584.3</ele>
    <time>2026-09-19T12:35:27Z</time>
   </trkpt>
   <trkpt lat="43.1260340" lon="-3.9982960">
    <ele>583.8</ele>
    <time>2026-09-19T12:35:37Z</time>
   </trkpt>
   <trkpt lat="43.1260370" lon="-3.9983150">
    <ele>583.8</ele>
    <time>2026-09-19T12:35:38Z</time>
   </trkpt>
   <trkpt lat="43.1260350" lon="-3.9983220">
    <ele>583.8</ele>
    <time>2026-09-19T12:35:39Z</time>
   </trkpt>
   <trkpt lat="43.1260320" lon="-3.9983250">
    <ele>583.8</ele>
    <time>2026-09-19T12:35:40Z</time>
   </trkpt>
   <trkpt lat="43.1260300" lon="-3.9983430">
    <ele>583.3</ele>
    <time>2026-09-19T12:35:41Z</time>
   </trkpt>
   <trkpt lat="43.1260400" lon="-3.9983420">
    <ele>583.3</ele>
    <time>2026-09-19T12:35:42Z</time>
   </trkpt>
   <trkpt lat="43.1260460" lon="-3.9983450">
    <ele>583.3</ele>
    <time>2026-09-19T12:35:43Z</time>
   </trkpt>
   <trkpt lat="43.1260350" lon="-3.9983340">
    <ele>583.8</ele>
    <time>2026-09-19T12:35:44Z</time>
   </trkpt>
   <trkpt lat="43.1260150" lon="-3.9983280">
    <ele>583.8</ele>
    <time>2026-09-19T12:35:45Z</time>
   </trkpt>
   <trkpt lat="43.1260000" lon="-3.9983260">
    <ele>583.8</ele>
    <time>2026-09-19T12:35:46Z</time>
   </trkpt>
   <trkpt lat="43.1259910" lon="-3.9983510">
    <ele>583.3</ele>
    <time>2026-09-19T12:35:47Z</time>
   </trkpt>
   <trkpt lat="43.1259890" lon="-3.9983720">
    <ele>583.3</ele>
    <time>2026-09-19T12:35:48Z</time>
   </trkpt>
   <trkpt lat="43.1259860" lon="-3.9983910">
    <ele>582.9</ele>
    <time>2026-09-19T12:35:49Z</time>
   </trkpt>
   <trkpt lat="43.1259830" lon="-3.9984070">
    <ele>582.9</ele>
    <time>2026-09-19T12:35:50Z</time>
   </trkpt>
   <trkpt lat="43.1259790" lon="-3.9984200">
    <ele>582.9</ele>
    <time>2026-09-19T12:35:51Z</time>
   </trkpt>
   <trkpt lat="43.1259730" lon="-3.9984300">
    <ele>582.5</ele>
    <time>2026-09-19T12:35:52Z</time>
   </trkpt>
   <trkpt lat="43.1259730" lon="-3.9984560">
    <ele>582.5</ele>
    <time>2026-09-19T12:35:53Z</time>
   </trkpt>
   <trkpt lat="43.1259830" lon="-3.9984850">
    <ele>582.1</ele>
    <time>2026-09-19T12:35:54Z</time>
   </trkpt>
   <trkpt lat="43.1259890" lon="-3.9985200">
    <ele>581.7</ele>
    <time>2026-09-19T12:35:55Z</time>
   </trkpt>
   <trkpt lat="43.1259950" lon="-3.9985370">
    <ele>581.7</ele>
    <time>2026-09-19T12:35:56Z</time>
   </trkpt>
   <trkpt lat="43.1259940" lon="-3.9985430">
    <ele>581.7</ele>
    <time>2026-09-19T12:35:57Z</time>
   </trkpt>
   <trkpt lat="43.1259980" lon="-3.9985450">
    <ele>581.7</ele>
    <time>2026-09-19T12:35:58Z</time>
   </trkpt>
   <trkpt lat="43.1260030" lon="-3.9985710">
    <ele>581.3</ele>
    <time>2026-09-19T12:35:59Z</time>
   </trkpt>
   <trkpt lat="43.1260140" lon="-3.9985890">
    <ele>581.3</ele>
    <time>2026-09-19T12:36:00Z</time>
   </trkpt>
   <trkpt lat="43.1260170" lon="-3.9986010">
    <ele>580.9</ele>
    <time>2026-09-19T12:36:01Z</time>
   </trkpt>
   <trkpt lat="43.1260180" lon="-3.9986050">
    <ele>580.9</ele>
    <time>2026-09-19T12:36:02Z</time>
   </trkpt>
   <trkpt lat="43.1260250" lon="-3.9986200">
    <ele>580.9</ele>
    <time>2026-09-19T12:36:03Z</time>
   </trkpt>
   <trkpt lat="43.1260310" lon="-3.9986320">
    <ele>580.9</ele>
    <time>2026-09-19T12:36:04Z</time>
   </trkpt>
   <trkpt lat="43.1260340" lon="-3.9986350">
    <ele>580.9</ele>
    <time>2026-09-19T12:36:05Z</time>
   </trkpt>
   <trkpt lat="43.1260400" lon="-3.9986380">
    <ele>580.5</ele>
    <time>2026-09-19T12:36:06Z</time>
   </trkpt>
   <trkpt lat="43.1260430" lon="-3.9986380">
    <ele>580.5</ele>
    <time>2026-09-19T12:36:07Z</time>
   </trkpt>
   <trkpt lat="43.1260440" lon="-3.9986530">
    <ele>580.5</ele>
    <time>2026-09-19T12:36:08Z</time>
   </trkpt>
   <trkpt lat="43.1260520" lon="-3.9986760">
    <ele>580.5</ele>
    <time>2026-09-19T12:36:09Z</time>
   </trkpt>
   <trkpt lat="43.1260480" lon="-3.9986780">
    <ele>580.5</ele>
    <time>2026-09-19T12:36:10Z</time>
   </trkpt>
   <trkpt lat="43.1260480" lon="-3.9986900">
    <ele>580.0</ele>
    <time>2026-09-19T12:36:11Z</time>
   </trkpt>
   <trkpt lat="43.1260570" lon="-3.9986960">
    <ele>580.0</ele>
    <time>2026-09-19T12:36:12Z</time>
   </trkpt>
   <trkpt lat="43.1260610" lon="-3.9987050">
    <ele>580.0</ele>
    <time>2026-09-19T12:36:13Z</time>
   </trkpt>
   <trkpt lat="43.1260680" lon="-3.9987050">
    <ele>580.0</ele>
    <time>2026-09-19T12:36:14Z</time>
   </trkpt>
   <trkpt lat="43.1260700" lon="-3.9987110">
    <ele>580.0</ele>
    <time>2026-09-19T12:36:15Z</time>
   </trkpt>
   <trkpt lat="43.1260730" lon="-3.9987100">
    <ele>580.0</ele>
    <time>2026-09-19T12:36:16Z</time>
   </trkpt>
   <trkpt lat="43.1260730" lon="-3.9987090">
    <ele>580.0</ele>
    <time>2026-09-19T12:36:17Z</time>
   </trkpt>
   <trkpt lat="43.1260720" lon="-3.9987120">
    <ele>580.0</ele>
    <time>2026-09-19T12:36:18Z</time>
   </trkpt>
   <trkpt lat="43.1260790" lon="-3.9987190">
    <ele>580.0</ele>
    <time>2026-09-19T12:36:19Z</time>
   </trkpt>
   <trkpt lat="43.1260870" lon="-3.9987250">
    <ele>579.5</ele>
    <time>2026-09-19T12:36:20Z</time>
   </trkpt>
   <trkpt lat="43.1260960" lon="-3.9987350">
    <ele>579.5</ele>
    <time>2026-09-19T12:36:21Z</time>
   </trkpt>
   <trkpt lat="43.1261000" lon="-3.9987400">
    <ele>579.5</ele>
    <time>2026-09-19T12:36:22Z</time>
   </trkpt>
   <trkpt lat="43.1261040" lon="-3.9987510">
    <ele>579.5</ele>
    <time>2026-09-19T12:36:23Z</time>
   </trkpt>
   <trkpt lat="43.1261050" lon="-3.9987590">
    <ele>579.5</ele>
    <time>2026-09-19T12:36:24Z</time>
   </trkpt>
   <trkpt lat="43.1261070" lon="-3.9987580">
    <ele>579.5</ele>
    <time>2026-09-19T12:36:25Z</time>
   </trkpt>
   <trkpt lat="43.1261000" lon="-3.9987410">
    <ele>579.5</ele>
    <time>2026-09-19T12:36:26Z</time>
   </trkpt>
   <trkpt lat="43.1261070" lon="-3.9987470">
    <ele>579.5</ele>
    <time>2026-09-19T12:36:27Z</time>
   </trkpt>
   <trkpt lat="43.1261090" lon="-3.9987490">
    <ele>579.5</ele>
    <time>2026-09-19T12:36:28Z</time>
   </trkpt>
   <trkpt lat="43.1261100" lon="-3.9987490">
    <ele>579.5</ele>
    <time>2026-09-19T12:36:29Z</time>
   </trkpt>
   <trkpt lat="43.1261100" lon="-3.9987500">
    <ele>579.5</ele>
    <time>2026-09-19T12:36:30Z</time>
   </trkpt>
   <trkpt lat="43.1261110" lon="-3.9987510">
    <ele>579.5</ele>
    <time>2026-09-19T12:36:31Z</time>
   </trkpt>
   <trkpt lat="43.1261100" lon="-3.9987530">
    <ele>579.5</ele>
    <time>2026-09-19T12:36:32Z</time>
   </trkpt>
   <trkpt lat="43.1261110" lon="-3.9987550">
    <ele>579.5</ele>
    <time>2026-09-19T12:36:33Z</time>
   </trkpt>
   <trkpt lat="43.1261120" lon="-3.9987550">
    <ele>579.5</ele>
    <time>2026-09-19T12:36:34Z</time>
   </trkpt>
   <trkpt lat="43.1261120" lon="-3.9987570">
    <ele>579.5</ele>
    <time>2026-09-19T12:36:35Z</time>
   </trkpt>
   <trkpt lat="43.1261120" lon="-3.9987580">
    <ele>579.5</ele>
    <time>2026-09-19T12:36:36Z</time>
   </trkpt>
   <trkpt lat="43.1261130" lon="-3.9987600">
    <ele>579.5</ele>
    <time>2026-09-19T12:36:37Z</time>
   </trkpt>
   <trkpt lat="43.1261140" lon="-3.9987600">
    <ele>579.5</ele>
    <time>2026-09-19T12:36:38Z</time>
   </trkpt>
   <trkpt lat="43.1261340" lon="-3.9987930">
    <ele>579.0</ele>
    <time>2026-09-19T12:38:16Z</time>
   </trkpt>
   <trkpt lat="43.1261390" lon="-3.9987960">
    <ele>579.0</ele>
    <time>2026-09-19T12:38:17Z</time>
   </trkpt>
   <trkpt lat="43.1261430" lon="-3.9988010">
    <ele>579.0</ele>
    <time>2026-09-19T12:38:18Z</time>
   </trkpt>
   <trkpt lat="43.1261430" lon="-3.9988060">
    <ele>579.0</ele>
    <time>2026-09-19T12:38:19Z</time>
   </trkpt>
   <trkpt lat="43.1261600" lon="-3.9988090">
    <ele>578.5</ele>
    <time>2026-09-19T12:38:20Z</time>
   </trkpt>
   <trkpt lat="43.1261610" lon="-3.9988150">
    <ele>578.5</ele>
    <time>2026-09-19T12:38:21Z</time>
   </trkpt>
   <trkpt lat="43.1261570" lon="-3.9988130">
    <ele>578.5</ele>
    <time>2026-09-19T12:38:22Z</time>
   </trkpt>
   <trkpt lat="43.1261570" lon="-3.9988130">
    <ele>578.5</ele>
    <time>2026-09-19T12:38:23Z</time>
   </trkpt>
   <trkpt lat="43.1261570" lon="-3.9988140">
    <ele>578.5</ele>
    <time>2026-09-19T12:38:24Z</time>
   </trkpt>
   <trkpt lat="43.1261550" lon="-3.9988100">
    <ele>578.5</ele>
    <time>2026-09-19T12:38:25Z</time>
   </trkpt>
   <trkpt lat="43.1261610" lon="-3.9988120">
    <ele>578.5</ele>
    <time>2026-09-19T12:38:26Z</time>
   </trkpt>
   <trkpt lat="43.1261650" lon="-3.9988140">
    <ele>578.5</ele>
    <time>2026-09-19T12:38:27Z</time>
   </trkpt>
   <trkpt lat="43.1261620" lon="-3.9988170">
    <ele>578.5</ele>
    <time>2026-09-19T12:38:28Z</time>
   </trkpt>
   <trkpt lat="43.1261640" lon="-3.9988150">
    <ele>578.5</ele>
    <time>2026-09-19T12:38:29Z</time>
   </trkpt>
   <trkpt lat="43.1261670" lon="-3.9988160">
    <ele>578.5</ele>
    <time>2026-09-19T12:38:30Z</time>
   </trkpt>
   <trkpt lat="43.1261720" lon="-3.9988220">
    <ele>578.5</ele>
    <time>2026-09-19T12:38:31Z</time>
   </trkpt>
   <trkpt lat="43.1261730" lon="-3.9988310">
    <ele>578.5</ele>
    <time>2026-09-19T12:38:32Z</time>
   </trkpt>
   <trkpt lat="43.1261680" lon="-3.9988340">
    <ele>578.5</ele>
    <time>2026-09-19T12:38:33Z</time>
   </trkpt>
   <trkpt lat="43.1261650" lon="-3.9988270">
    <ele>578.5</ele>
    <time>2026-09-19T12:38:34Z</time>
   </trkpt>
   <trkpt lat="43.1261650" lon="-3.9988340">
    <ele>578.5</ele>
    <time>2026-09-19T12:38:35Z</time>
   </trkpt>
   <trkpt lat="43.1261690" lon="-3.9988490">
    <ele>578.5</ele>
    <time>2026-09-19T12:38:36Z</time>
   </trkpt>
   <trkpt lat="43.1261670" lon="-3.9988520">
    <ele>578.1</ele>
    <time>2026-09-19T12:38:37Z</time>
   </trkpt>
   <trkpt lat="43.1261770" lon="-3.9988750">
    <ele>578.0</ele>
    <time>2026-09-19T12:38:38Z</time>
   </trkpt>
   <trkpt lat="43.1261970" lon="-3.9989100">
    <ele>577.6</ele>
    <time>2026-09-19T12:38:39Z</time>
   </trkpt>
   <trkpt lat="43.1262110" lon="-3.9989320">
    <ele>577.5</ele>
    <time>2026-09-19T12:38:40Z</time>
   </trkpt>
   <trkpt lat="43.1262280" lon="-3.9989520">
    <ele>577.1</ele>
    <time>2026-09-19T12:38:41Z</time>
   </trkpt>
   <trkpt lat="43.1262380" lon="-3.9989600">
    <ele>577.0</ele>
    <time>2026-09-19T12:38:42Z</time>
   </trkpt>
   <trkpt lat="43.1262530" lon="-3.9989670">
    <ele>577.0</ele>
    <time>2026-09-19T12:38:43Z</time>
   </trkpt>
   <trkpt lat="43.1262790" lon="-3.9989870">
    <ele>576.6</ele>
    <time>2026-09-19T12:38:44Z</time>
   </trkpt>
   <trkpt lat="43.1263050" lon="-3.9989860">
    <ele>576.6</ele>
    <time>2026-09-19T12:38:45Z</time>
   </trkpt>
   <trkpt lat="43.1263190" lon="-3.9989790">
    <ele>577.0</ele>
    <time>2026-09-19T12:38:46Z</time>
   </trkpt>
   <trkpt lat="43.1263270" lon="-3.9989720">
    <ele>577.0</ele>
    <time>2026-09-19T12:38:47Z</time>
   </trkpt>
   <trkpt lat="43.1263180" lon="-3.9989730">
    <ele>577.0</ele>
    <time>2026-09-19T12:38:48Z</time>
   </trkpt>
   <trkpt lat="43.1263160" lon="-3.9989760">
    <ele>577.0</ele>
    <time>2026-09-19T12:38:49Z</time>
   </trkpt>
   <trkpt lat="43.1263160" lon="-3.9989700">
    <ele>577.0</ele>
    <time>2026-09-19T12:38:50Z</time>
   </trkpt>
   <trkpt lat="43.1263250" lon="-3.9989670">
    <ele>577.0</ele>
    <time>2026-09-19T12:38:51Z</time>
   </trkpt>
   <trkpt lat="43.1263220" lon="-3.9989610">
    <ele>577.0</ele>
    <time>2026-09-19T12:38:52Z</time>
   </trkpt>
   <trkpt lat="43.1263090" lon="-3.9989690">
    <ele>577.0</ele>
    <time>2026-09-19T12:38:53Z</time>
   </trkpt>
   <trkpt lat="43.1263060" lon="-3.9989810">
    <ele>576.6</ele>
    <time>2026-09-19T12:38:54Z</time>
   </trkpt>
   <trkpt lat="43.1263030" lon="-3.9990010">
    <ele>576.6</ele>
    <time>2026-09-19T12:38:55Z</time>
   </trkpt>
   <trkpt lat="43.1263030" lon="-3.9990070">
    <ele>576.6</ele>
    <time>2026-09-19T12:38:56Z</time>
   </trkpt>
   <trkpt lat="43.1263020" lon="-3.9990050">
    <ele>576.6</ele>
    <time>2026-09-19T12:38:57Z</time>
   </trkpt>
   <trkpt lat="43.1263060" lon="-3.9989990">
    <ele>576.6</ele>
    <time>2026-09-19T12:38:58Z</time>
   </trkpt>
   <trkpt lat="43.1263120" lon="-3.9989850">
    <ele>576.6</ele>
    <time>2026-09-19T12:38:59Z</time>
   </trkpt>
   <trkpt lat="43.1263100" lon="-3.9989630">
    <ele>577.0</ele>
    <time>2026-09-19T12:39:00Z</time>
   </trkpt>
   <trkpt lat="43.1263180" lon="-3.9989680">
    <ele>577.0</ele>
    <time>2026-09-19T12:39:01Z</time>
   </trkpt>
   <trkpt lat="43.1263220" lon="-3.9989770">
    <ele>577.0</ele>
    <time>2026-09-19T12:39:02Z</time>
   </trkpt>
   <trkpt lat="43.1263240" lon="-3.9989720">
    <ele>577.0</ele>
    <time>2026-09-19T12:39:03Z</time>
   </trkpt>
   <trkpt lat="43.1263170" lon="-3.9989660">
    <ele>577.0</ele>
    <time>2026-09-19T12:39:04Z</time>
   </trkpt>
   <trkpt lat="43.1263150" lon="-3.9989590">
    <ele>577.0</ele>
    <time>2026-09-19T12:39:05Z</time>
   </trkpt>
   <trkpt lat="43.1263120" lon="-3.9989650">
    <ele>577.0</ele>
    <time>2026-09-19T12:39:06Z</time>
   </trkpt>
   <trkpt lat="43.1263100" lon="-3.9989630">
    <ele>577.0</ele>
    <time>2026-09-19T12:39:07Z</time>
   </trkpt>
   <trkpt lat="43.1263090" lon="-3.9989640">
    <ele>577.0</ele>
    <time>2026-09-19T12:39:08Z</time>
   </trkpt>
   <trkpt lat="43.1263120" lon="-3.9989660">
    <ele>577.0</ele>
    <time>2026-09-19T12:39:09Z</time>
   </trkpt>
   <trkpt lat="43.1263130" lon="-3.9989710">
    <ele>577.0</ele>
    <time>2026-09-19T12:39:10Z</time>
   </trkpt>
   <trkpt lat="43.1263140" lon="-3.9989740">
    <ele>577.0</ele>
    <time>2026-09-19T12:39:11Z</time>
   </trkpt>
   <trkpt lat="43.1263150" lon="-3.9989760">
    <ele>577.0</ele>
    <time>2026-09-19T12:39:12Z</time>
   </trkpt>
   <trkpt lat="43.1263140" lon="-3.9989760">
    <ele>577.0</ele>
    <time>2026-09-19T12:39:13Z</time>
   </trkpt>
   <trkpt lat="43.1263130" lon="-3.9989770">
    <ele>577.0</ele>
    <time>2026-09-19T12:39:14Z</time>
   </trkpt>
   <trkpt lat="43.1263140" lon="-3.9989780">
    <ele>577.0</ele>
    <time>2026-09-19T12:39:15Z</time>
   </trkpt>
   <trkpt lat="43.1263180" lon="-3.9989760">
    <ele>577.0</ele>
    <time>2026-09-19T12:41:44Z</time>
   </trkpt>
   <trkpt lat="43.1263150" lon="-3.9989690">
    <ele>577.0</ele>
    <time>2026-09-19T12:41:45Z</time>
   </trkpt>
   <trkpt lat="43.1263210" lon="-3.9989720">
    <ele>577.0</ele>
    <time>2026-09-19T12:41:46Z</time>
   </trkpt>
   <trkpt lat="43.1263270" lon="-3.9989720">
    <ele>577.0</ele>
    <time>2026-09-19T12:41:47Z</time>
   </trkpt>
   <trkpt lat="43.1263280" lon="-3.9989790">
    <ele>577.0</ele>
    <time>2026-09-19T12:41:48Z</time>
   </trkpt>
   <trkpt lat="43.1263280" lon="-3.9989760">
    <ele>577.0</ele>
    <time>2026-09-19T12:41:49Z</time>
   </trkpt>
   <trkpt lat="43.1263320" lon="-3.9989750">
    <ele>577.0</ele>
    <time>2026-09-19T12:41:50Z</time>
   </trkpt>
   <trkpt lat="43.1263270" lon="-3.9989740">
    <ele>577.0</ele>
    <time>2026-09-19T12:41:51Z</time>
   </trkpt>
   <trkpt lat="43.1263210" lon="-3.9989630">
    <ele>577.0</ele>
    <time>2026-09-19T12:41:52Z</time>
   </trkpt>
   <trkpt lat="43.1263160" lon="-3.9989570">
    <ele>577.0</ele>
    <time>2026-09-19T12:41:53Z</time>
   </trkpt>
   <trkpt lat="43.1263190" lon="-3.9989470">
    <ele>577.0</ele>
    <time>2026-09-19T12:41:54Z</time>
   </trkpt>
   <trkpt lat="43.1263230" lon="-3.9989480">
    <ele>577.0</ele>
    <time>2026-09-19T12:41:55Z</time>
   </trkpt>
   <trkpt lat="43.1263240" lon="-3.9989470">
    <ele>577.0</ele>
    <time>2026-09-19T12:41:56Z</time>
   </trkpt>
   <trkpt lat="43.1263260" lon="-3.9989440">
    <ele>577.0</ele>
    <time>2026-09-19T12:41:57Z</time>
   </trkpt>
   <trkpt lat="43.1263310" lon="-3.9989500">
    <ele>577.0</ele>
    <time>2026-09-19T12:41:58Z</time>
   </trkpt>
   <trkpt lat="43.1263260" lon="-3.9989650">
    <ele>577.0</ele>
    <time>2026-09-19T12:41:59Z</time>
   </trkpt>
   <trkpt lat="43.1263270" lon="-3.9989650">
    <ele>577.0</ele>
    <time>2026-09-19T12:42:00Z</time>
   </trkpt>
   <trkpt lat="43.1263290" lon="-3.9989710">
    <ele>577.0</ele>
    <time>2026-09-19T12:42:01Z</time>
   </trkpt>
   <trkpt lat="43.1263230" lon="-3.9989680">
    <ele>577.0</ele>
    <time>2026-09-19T12:42:02Z</time>
   </trkpt>
   <trkpt lat="43.1263150" lon="-3.9989610">
    <ele>577.0</ele>
    <time>2026-09-19T12:42:03Z</time>
   </trkpt>
   <trkpt lat="43.1263180" lon="-3.9989660">
    <ele>577.0</ele>
    <time>2026-09-19T12:42:04Z</time>
   </trkpt>
   <trkpt lat="43.1263190" lon="-3.9989660">
    <ele>577.0</ele>
    <time>2026-09-19T12:42:05Z</time>
   </trkpt>
   <trkpt lat="43.1263220" lon="-3.9989670">
    <ele>577.0</ele>
    <time>2026-09-19T12:42:06Z</time>
   </trkpt>
   <trkpt lat="43.1263280" lon="-3.9989640">
    <ele>577.0</ele>
    <time>2026-09-19T12:42:07Z</time>
   </trkpt>
   <trkpt lat="43.1263420" lon="-3.9989630">
    <ele>577.0</ele>
    <time>2026-09-19T12:42:08Z</time>
   </trkpt>
   <trkpt lat="43.1263440" lon="-3.9989730">
    <ele>577.0</ele>
    <time>2026-09-19T12:42:09Z</time>
   </trkpt>
   <trkpt lat="43.1263370" lon="-3.9989820">
    <ele>576.6</ele>
    <time>2026-09-19T12:42:10Z</time>
   </trkpt>
   <trkpt lat="43.1263360" lon="-3.9989900">
    <ele>576.6</ele>
    <time>2026-09-19T12:42:11Z</time>
   </trkpt>
   <trkpt lat="43.1263300" lon="-3.9989990">
    <ele>576.6</ele>
    <time>2026-09-19T12:42:12Z</time>
   </trkpt>
   <trkpt lat="43.1263220" lon="-3.9990270">
    <ele>575.9</ele>
    <time>2026-09-19T12:42:13Z</time>
   </trkpt>
   <trkpt lat="43.1263220" lon="-3.9990320">
    <ele>575.9</ele>
    <time>2026-09-19T12:42:14Z</time>
   </trkpt>
   <trkpt lat="43.1263280" lon="-3.9990470">
    <ele>575.9</ele>
    <time>2026-09-19T12:42:15Z</time>
   </trkpt>
   <trkpt lat="43.1263330" lon="-3.9990570">
    <ele>575.9</ele>
    <time>2026-09-19T12:42:16Z</time>
   </trkpt>
   <trkpt lat="43.1263520" lon="-3.9990750">
    <ele>575.5</ele>
    <time>2026-09-19T12:42:17Z</time>
   </trkpt>
   <trkpt lat="43.1263570" lon="-3.9990820">
    <ele>575.5</ele>
    <time>2026-09-19T12:42:18Z</time>
   </trkpt>
   <trkpt lat="43.1263620" lon="-3.9990840">
    <ele>575.5</ele>
    <time>2026-09-19T12:42:19Z</time>
   </trkpt>
   <trkpt lat="43.1263720" lon="-3.9990740">
    <ele>575.5</ele>
    <time>2026-09-19T12:42:20Z</time>
   </trkpt>
   <trkpt lat="43.1263860" lon="-3.9990750">
    <ele>575.5</ele>
    <time>2026-09-19T12:42:21Z</time>
   </trkpt>
   <trkpt lat="43.1263960" lon="-3.9990770">
    <ele>575.5</ele>
    <time>2026-09-19T12:42:22Z</time>
   </trkpt>
   <trkpt lat="43.1264000" lon="-3.9990910">
    <ele>575.5</ele>
    <time>2026-09-19T12:42:23Z</time>
   </trkpt>
   <trkpt lat="43.1264100" lon="-3.9991120">
    <ele>575.0</ele>
    <time>2026-09-19T12:42:24Z</time>
   </trkpt>
   <trkpt lat="43.1264140" lon="-3.9991370">
    <ele>575.0</ele>
    <time>2026-09-19T12:42:25Z</time>
   </trkpt>
   <trkpt lat="43.1264190" lon="-3.9991420">
    <ele>575.0</ele>
    <time>2026-09-19T12:42:26Z</time>
   </trkpt>
   <trkpt lat="43.1264280" lon="-3.9991380">
    <ele>575.0</ele>
    <time>2026-09-19T12:42:27Z</time>
   </trkpt>
   <trkpt lat="43.1264310" lon="-3.9991310">
    <ele>575.0</ele>
    <time>2026-09-19T12:42:28Z</time>
   </trkpt>
   <trkpt lat="43.1264340" lon="-3.9991280">
    <ele>575.0</ele>
    <time>2026-09-19T12:42:29Z</time>
   </trkpt>
   <trkpt lat="43.1264390" lon="-3.9991300">
    <ele>575.0</ele>
    <time>2026-09-19T12:42:30Z</time>
   </trkpt>
   <trkpt lat="43.1264420" lon="-3.9991360">
    <ele>575.0</ele>
    <time>2026-09-19T12:42:31Z</time>
   </trkpt>
   <trkpt lat="43.1264570" lon="-3.9991390">
    <ele>575.0</ele>
    <time>2026-09-19T12:42:32Z</time>
   </trkpt>
   <trkpt lat="43.1264600" lon="-3.9991450">
    <ele>575.0</ele>
    <time>2026-09-19T12:42:33Z</time>
   </trkpt>
   <trkpt lat="43.1264680" lon="-3.9991530">
    <ele>574.6</ele>
    <time>2026-09-19T12:42:34Z</time>
   </trkpt>
   <trkpt lat="43.1264730" lon="-3.9991630">
    <ele>574.6</ele>
    <time>2026-09-19T12:42:35Z</time>
   </trkpt>
   <trkpt lat="43.1264870" lon="-3.9991740">
    <ele>574.6</ele>
    <time>2026-09-19T12:42:36Z</time>
   </trkpt>
   <trkpt lat="43.1264950" lon="-3.9991840">
    <ele>574.6</ele>
    <time>2026-09-19T12:42:37Z</time>
   </trkpt>
   <trkpt lat="43.1265030" lon="-3.9991920">
    <ele>574.6</ele>
    <time>2026-09-19T12:42:38Z</time>
   </trkpt>
   <trkpt lat="43.1265050" lon="-3.9991880">
    <ele>574.6</ele>
    <time>2026-09-19T12:42:39Z</time>
   </trkpt>
   <trkpt lat="43.1265130" lon="-3.9991910">
    <ele>574.6</ele>
    <time>2026-09-19T12:42:40Z</time>
   </trkpt>
   <trkpt lat="43.1265180" lon="-3.9991930">
    <ele>574.6</ele>
    <time>2026-09-19T12:42:41Z</time>
   </trkpt>
   <trkpt lat="43.1265170" lon="-3.9991910">
    <ele>574.6</ele>
    <time>2026-09-19T12:42:42Z</time>
   </trkpt>
   <trkpt lat="43.1265220" lon="-3.9991920">
    <ele>574.6</ele>
    <time>2026-09-19T12:42:43Z</time>
   </trkpt>
   <trkpt lat="43.1265300" lon="-3.9991950">
    <ele>574.6</ele>
    <time>2026-09-19T12:42:44Z</time>
   </trkpt>
   <trkpt lat="43.1265310" lon="-3.9991980">
    <ele>574.1</ele>
    <time>2026-09-19T12:42:45Z</time>
   </trkpt>
   <trkpt lat="43.1265330" lon="-3.9992040">
    <ele>574.1</ele>
    <time>2026-09-19T12:42:46Z</time>
   </trkpt>
   <trkpt lat="43.1265330" lon="-3.9992000">
    <ele>574.1</ele>
    <time>2026-09-19T12:42:47Z</time>
   </trkpt>
   <trkpt lat="43.1265320" lon="-3.9991990">
    <ele>574.1</ele>
    <time>2026-09-19T12:42:48Z</time>
   </trkpt>
   <trkpt lat="43.1265320" lon="-3.9992010">
    <ele>574.1</ele>
    <time>2026-09-19T12:42:49Z</time>
   </trkpt>
   <trkpt lat="43.1265350" lon="-3.9991970">
    <ele>574.1</ele>
    <time>2026-09-19T12:42:50Z</time>
   </trkpt>
   <trkpt lat="43.1265480" lon="-3.9992020">
    <ele>574.1</ele>
    <time>2026-09-19T12:42:51Z</time>
   </trkpt>
   <trkpt lat="43.1265460" lon="-3.9992000">
    <ele>574.1</ele>
    <time>2026-09-19T12:42:52Z</time>
   </trkpt>
   <trkpt lat="43.1265510" lon="-3.9991980">
    <ele>574.1</ele>
    <time>2026-09-19T12:42:53Z</time>
   </trkpt>
   <trkpt lat="43.1265550" lon="-3.9992070">
    <ele>574.1</ele>
    <time>2026-09-19T12:42:54Z</time>
   </trkpt>
   <trkpt lat="43.1265610" lon="-3.9992090">
    <ele>574.1</ele>
    <time>2026-09-19T12:42:55Z</time>
   </trkpt>
   <trkpt lat="43.1265590" lon="-3.9992090">
    <ele>574.1</ele>
    <time>2026-09-19T12:42:56Z</time>
   </trkpt>
   <trkpt lat="43.1265630" lon="-3.9992090">
    <ele>574.1</ele>
    <time>2026-09-19T12:42:57Z</time>
   </trkpt>
   <trkpt lat="43.1265630" lon="-3.9992110">
    <ele>574.1</ele>
    <time>2026-09-19T12:42:58Z</time>
   </trkpt>
   <trkpt lat="43.1265630" lon="-3.9992100">
    <ele>574.1</ele>
    <time>2026-09-19T12:42:59Z</time>
   </trkpt>
   <trkpt lat="43.1265690" lon="-3.9992140">
    <ele>574.1</ele>
    <time>2026-09-19T12:43:00Z</time>
   </trkpt>
   <trkpt lat="43.1265720" lon="-3.9992180">
    <ele>574.1</ele>
    <time>2026-09-19T12:43:01Z</time>
   </trkpt>
   <trkpt lat="43.1265720" lon="-3.9992190">
    <ele>574.1</ele>
    <time>2026-09-19T12:43:02Z</time>
   </trkpt>
   <trkpt lat="43.1265720" lon="-3.9992200">
    <ele>574.1</ele>
    <time>2026-09-19T12:43:03Z</time>
   </trkpt>
   <trkpt lat="43.1265650" lon="-3.9992150">
    <ele>574.1</ele>
    <time>2026-09-19T12:43:04Z</time>
   </trkpt>
   <trkpt lat="43.1265580" lon="-3.9992180">
    <ele>574.1</ele>
    <time>2026-09-19T12:43:05Z</time>
   </trkpt>
   <trkpt lat="43.1265610" lon="-3.9992270">
    <ele>574.1</ele>
    <time>2026-09-19T12:43:06Z</time>
   </trkpt>
   <trkpt lat="43.1265700" lon="-3.9992390">
    <ele>573.7</ele>
    <time>2026-09-19T12:43:07Z</time>
   </trkpt>
   <trkpt lat="43.1265900" lon="-3.9992500">
    <ele>573.7</ele>
    <time>2026-09-19T12:43:08Z</time>
   </trkpt>
   <trkpt lat="43.1265950" lon="-3.9992630">
    <ele>573.7</ele>
    <time>2026-09-19T12:43:09Z</time>
   </trkpt>
   <trkpt lat="43.1266030" lon="-3.9992730">
    <ele>573.7</ele>
    <time>2026-09-19T12:43:10Z</time>
   </trkpt>
   <trkpt lat="43.1266070" lon="-3.9992630">
    <ele>573.7</ele>
    <time>2026-09-19T12:43:11Z</time>
   </trkpt>
   <trkpt lat="43.1266050" lon="-3.9992650">
    <ele>573.7</ele>
    <time>2026-09-19T12:43:12Z</time>
   </trkpt>
   <trkpt lat="43.1266110" lon="-3.9992640">
    <ele>573.7</ele>
    <time>2026-09-19T12:43:13Z</time>
   </trkpt>
   <trkpt lat="43.1266140" lon="-3.9992670">
    <ele>573.7</ele>
    <time>2026-09-19T12:43:14Z</time>
   </trkpt>
   <trkpt lat="43.1266120" lon="-3.9992700">
    <ele>573.7</ele>
    <time>2026-09-19T12:43:15Z</time>
   </trkpt>
   <trkpt lat="43.1266060" lon="-3.9992750">
    <ele>573.7</ele>
    <time>2026-09-19T12:43:16Z</time>
   </trkpt>
   <trkpt lat="43.1265990" lon="-3.9992820">
    <ele>573.2</ele>
    <time>2026-09-19T12:43:17Z</time>
   </trkpt>
   <trkpt lat="43.1266090" lon="-3.9993000">
    <ele>573.2</ele>
    <time>2026-09-19T12:43:18Z</time>
   </trkpt>
   <trkpt lat="43.1266300" lon="-3.9993000">
    <ele>573.2</ele>
    <time>2026-09-19T12:43:19Z</time>
   </trkpt>
   <trkpt lat="43.1266420" lon="-3.9993100">
    <ele>573.2</ele>
    <time>2026-09-19T12:43:20Z</time>
   </trkpt>
   <trkpt lat="43.1266480" lon="-3.9993240">
    <ele>572.8</ele>
    <time>2026-09-19T12:43:21Z</time>
   </trkpt>
   <trkpt lat="43.1266560" lon="-3.9993420">
    <ele>572.8</ele>
    <time>2026-09-19T12:43:22Z</time>
   </trkpt>
   <trkpt lat="43.1266650" lon="-3.9993540">
    <ele>572.8</ele>
    <time>2026-09-19T12:43:23Z</time>
   </trkpt>
   <trkpt lat="43.1266670" lon="-3.9993530">
    <ele>572.8</ele>
    <time>2026-09-19T12:43:24Z</time>
   </trkpt>
   <trkpt lat="43.1266710" lon="-3.9993470">
    <ele>572.8</ele>
    <time>2026-09-19T12:43:25Z</time>
   </trkpt>
   <trkpt lat="43.1266740" lon="-3.9993470">
    <ele>572.8</ele>
    <time>2026-09-19T12:43:26Z</time>
   </trkpt>
   <trkpt lat="43.1266750" lon="-3.9993540">
    <ele>572.8</ele>
    <time>2026-09-19T12:43:27Z</time>
   </trkpt>
   <trkpt lat="43.1266700" lon="-3.9993550">
    <ele>572.8</ele>
    <time>2026-09-19T12:43:28Z</time>
   </trkpt>
   <trkpt lat="43.1266640" lon="-3.9993590">
    <ele>572.8</ele>
    <time>2026-09-19T12:43:29Z</time>
   </trkpt>
   <trkpt lat="43.1266770" lon="-3.9993610">
    <ele>572.8</ele>
    <time>2026-09-19T12:43:30Z</time>
   </trkpt>
   <trkpt lat="43.1266770" lon="-3.9993530">
    <ele>572.8</ele>
    <time>2026-09-19T12:43:31Z</time>
   </trkpt>
   <trkpt lat="43.1266850" lon="-3.9993560">
    <ele>572.8</ele>
    <time>2026-09-19T12:43:32Z</time>
   </trkpt>
   <trkpt lat="43.1266930" lon="-3.9993540">
    <ele>572.8</ele>
    <time>2026-09-19T12:43:33Z</time>
   </trkpt>
   <trkpt lat="43.1266990" lon="-3.9993560">
    <ele>572.8</ele>
    <time>2026-09-19T12:43:34Z</time>
   </trkpt>
   <trkpt lat="43.1266960" lon="-3.9993580">
    <ele>572.8</ele>
    <time>2026-09-19T12:43:35Z</time>
   </trkpt>
   <trkpt lat="43.1266850" lon="-3.9993660">
    <ele>572.8</ele>
    <time>2026-09-19T12:43:36Z</time>
   </trkpt>
   <trkpt lat="43.1266950" lon="-3.9993610">
    <ele>572.8</ele>
    <time>2026-09-19T12:43:37Z</time>
   </trkpt>
   <trkpt lat="43.1267200" lon="-3.9993560">
    <ele>572.8</ele>
    <time>2026-09-19T12:43:38Z</time>
   </trkpt>
   <trkpt lat="43.1267540" lon="-3.9993770">
    <ele>572.4</ele>
    <time>2026-09-19T12:43:39Z</time>
   </trkpt>
   <trkpt lat="43.1267880" lon="-3.9993910">
    <ele>572.4</ele>
    <time>2026-09-19T12:43:40Z</time>
   </trkpt>
   <trkpt lat="43.1267800" lon="-3.9993720">
    <ele>572.4</ele>
    <time>2026-09-19T12:43:41Z</time>
   </trkpt>
   <trkpt lat="43.1268020" lon="-3.9993740">
    <ele>572.4</ele>
    <time>2026-09-19T12:43:42Z</time>
   </trkpt>
   <trkpt lat="43.1268230" lon="-3.9993770">
    <ele>572.4</ele>
    <time>2026-09-19T12:43:43Z</time>
   </trkpt>
   <trkpt lat="43.1268390" lon="-3.9993860">
    <ele>572.5</ele>
    <time>2026-09-19T12:43:44Z</time>
   </trkpt>
   <trkpt lat="43.1268540" lon="-3.9993940">
    <ele>572.5</ele>
    <time>2026-09-19T12:43:45Z</time>
   </trkpt>
   <trkpt lat="43.1268660" lon="-3.9994110">
    <ele>572.0</ele>
    <time>2026-09-19T12:43:46Z</time>
   </trkpt>
   <trkpt lat="43.1268780" lon="-3.9994260">
    <ele>572.0</ele>
    <time>2026-09-19T12:43:47Z</time>
   </trkpt>
   <trkpt lat="43.1268820" lon="-3.9994310">
    <ele>572.0</ele>
    <time>2026-09-19T12:43:48Z</time>
   </trkpt>
   <trkpt lat="43.1268890" lon="-3.9994350">
    <ele>572.0</ele>
    <time>2026-09-19T12:43:49Z</time>
   </trkpt>
   <trkpt lat="43.1268910" lon="-3.9994350">
    <ele>572.0</ele>
    <time>2026-09-19T12:43:50Z</time>
   </trkpt>
   <trkpt lat="43.1268960" lon="-3.9994370">
    <ele>572.0</ele>
    <time>2026-09-19T12:43:51Z</time>
   </trkpt>
   <trkpt lat="43.1269050" lon="-3.9994390">
    <ele>572.0</ele>
    <time>2026-09-19T12:43:52Z</time>
   </trkpt>
   <trkpt lat="43.1269120" lon="-3.9994480">
    <ele>572.0</ele>
    <time>2026-09-19T12:43:53Z</time>
   </trkpt>
   <trkpt lat="43.1269280" lon="-3.9994550">
    <ele>571.6</ele>
    <time>2026-09-19T12:43:54Z</time>
   </trkpt>
   <trkpt lat="43.1269400" lon="-3.9994620">
    <ele>571.6</ele>
    <time>2026-09-19T12:43:55Z</time>
   </trkpt>
   <trkpt lat="43.1269540" lon="-3.9994750">
    <ele>571.6</ele>
    <time>2026-09-19T12:43:56Z</time>
   </trkpt>
   <trkpt lat="43.1269640" lon="-3.9994850">
    <ele>571.6</ele>
    <time>2026-09-19T12:43:57Z</time>
   </trkpt>
   <trkpt lat="43.1269740" lon="-3.9994900">
    <ele>571.6</ele>
    <time>2026-09-19T12:43:58Z</time>
   </trkpt>
   <trkpt lat="43.1269640" lon="-3.9994870">
    <ele>571.6</ele>
    <time>2026-09-19T12:43:59Z</time>
   </trkpt>
   <trkpt lat="43.1269590" lon="-3.9994880">
    <ele>571.6</ele>
    <time>2026-09-19T12:44:00Z</time>
   </trkpt>
   <trkpt lat="43.1269600" lon="-3.9994900">
    <ele>571.6</ele>
    <time>2026-09-19T12:44:01Z</time>
   </trkpt>
   <trkpt lat="43.1269570" lon="-3.9994920">
    <ele>571.6</ele>
    <time>2026-09-19T12:44:02Z</time>
   </trkpt>
   <trkpt lat="43.1269580" lon="-3.9994970">
    <ele>571.2</ele>
    <time>2026-09-19T12:44:03Z</time>
   </trkpt>
   <trkpt lat="43.1269610" lon="-3.9994990">
    <ele>571.2</ele>
    <time>2026-09-19T12:44:04Z</time>
   </trkpt>
   <trkpt lat="43.1269700" lon="-3.9995050">
    <ele>571.2</ele>
    <time>2026-09-19T12:44:05Z</time>
   </trkpt>
   <trkpt lat="43.1269960" lon="-3.9995180">
    <ele>571.2</ele>
    <time>2026-09-19T12:44:06Z</time>
   </trkpt>
   <trkpt lat="43.1270190" lon="-3.9995280">
    <ele>571.2</ele>
    <time>2026-09-19T12:44:07Z</time>
   </trkpt>
   <trkpt lat="43.1270390" lon="-3.9995350">
    <ele>571.2</ele>
    <time>2026-09-19T12:44:08Z</time>
   </trkpt>
   <trkpt lat="43.1270570" lon="-3.9995420">
    <ele>570.7</ele>
    <time>2026-09-19T12:44:09Z</time>
   </trkpt>
   <trkpt lat="43.1270760" lon="-3.9995490">
    <ele>570.7</ele>
    <time>2026-09-19T12:44:10Z</time>
   </trkpt>
   <trkpt lat="43.1270910" lon="-3.9995550">
    <ele>570.7</ele>
    <time>2026-09-19T12:44:11Z</time>
   </trkpt>
   <trkpt lat="43.1271100" lon="-3.9995590">
    <ele>570.7</ele>
    <time>2026-09-19T12:44:12Z</time>
   </trkpt>
   <trkpt lat="43.1271340" lon="-3.9995620">
    <ele>570.7</ele>
    <time>2026-09-19T12:44:13Z</time>
   </trkpt>
   <trkpt lat="43.1271530" lon="-3.9995620">
    <ele>570.6</ele>
    <time>2026-09-19T12:44:14Z</time>
   </trkpt>
   <trkpt lat="43.1271720" lon="-3.9995570">
    <ele>570.6</ele>
    <time>2026-09-19T12:44:15Z</time>
   </trkpt>
   <trkpt lat="43.1271860" lon="-3.9995550">
    <ele>570.6</ele>
    <time>2026-09-19T12:44:16Z</time>
   </trkpt>
   <trkpt lat="43.1271890" lon="-3.9995590">
    <ele>570.6</ele>
    <time>2026-09-19T12:44:17Z</time>
   </trkpt>
   <trkpt lat="43.1271880" lon="-3.9995590">
    <ele>570.6</ele>
    <time>2026-09-19T12:44:18Z</time>
   </trkpt>
   <trkpt lat="43.1271880" lon="-3.9995590">
    <ele>570.6</ele>
    <time>2026-09-19T12:44:19Z</time>
   </trkpt>
   <trkpt lat="43.1271880" lon="-3.9995600">
    <ele>570.6</ele>
    <time>2026-09-19T12:44:20Z</time>
   </trkpt>
   <trkpt lat="43.1271850" lon="-3.9995590">
    <ele>570.6</ele>
    <time>2026-09-19T12:44:21Z</time>
   </trkpt>
   <trkpt lat="43.1271840" lon="-3.9995580">
    <ele>570.6</ele>
    <time>2026-09-19T12:44:22Z</time>
   </trkpt>
   <trkpt lat="43.1271840" lon="-3.9995570">
    <ele>570.6</ele>
    <time>2026-09-19T12:44:23Z</time>
   </trkpt>
   <trkpt lat="43.1271850" lon="-3.9995580">
    <ele>570.6</ele>
    <time>2026-09-19T12:44:24Z</time>
   </trkpt>
   <trkpt lat="43.1271840" lon="-3.9995570">
    <ele>570.6</ele>
    <time>2026-09-19T12:44:25Z</time>
   </trkpt>
   <trkpt lat="43.1271840" lon="-3.9995580">
    <ele>570.6</ele>
    <time>2026-09-19T12:44:26Z</time>
   </trkpt>
   <trkpt lat="43.1271840" lon="-3.9995580">
    <ele>570.6</ele>
    <time>2026-09-19T12:44:27Z</time>
   </trkpt>
   <trkpt lat="43.1271840" lon="-3.9995590">
    <ele>570.6</ele>
    <time>2026-09-19T12:44:28Z</time>
   </trkpt>
   <trkpt lat="43.1271840" lon="-3.9995590">
    <ele>570.6</ele>
    <time>2026-09-19T12:44:29Z</time>
   </trkpt>
   <trkpt lat="43.1272150" lon="-3.9995510">
    <ele>570.6</ele>
    <time>2026-09-19T12:45:01Z</time>
   </trkpt>
   <trkpt lat="43.1272400" lon="-3.9995570">
    <ele>570.6</ele>
    <time>2026-09-19T12:45:02Z</time>
   </trkpt>
   <trkpt lat="43.1272700" lon="-3.9995660">
    <ele>570.6</ele>
    <time>2026-09-19T12:45:03Z</time>
   </trkpt>
   <trkpt lat="43.1273000" lon="-3.9995700">
    <ele>570.5</ele>
    <time>2026-09-19T12:45:04Z</time>
   </trkpt>
   <trkpt lat="43.1273330" lon="-3.9995670">
    <ele>570.5</ele>
    <time>2026-09-19T12:45:05Z</time>
   </trkpt>
   <trkpt lat="43.1273680" lon="-3.9995540">
    <ele>570.5</ele>
    <time>2026-09-19T12:45:06Z</time>
   </trkpt>
   <trkpt lat="43.1274270" lon="-3.9995700">
    <ele>570.4</ele>
    <time>2026-09-19T12:45:07Z</time>
   </trkpt>
   <trkpt lat="43.1274760" lon="-3.9995120">
    <ele>570.9</ele>
    <time>2026-09-19T12:45:08Z</time>
   </trkpt>
   <trkpt lat="43.1275320" lon="-3.9994330">
    <ele>572.0</ele>
    <time>2026-09-19T12:45:09Z</time>
   </trkpt>
   <trkpt lat="43.1275740" lon="-3.9993980">
    <ele>572.5</ele>
    <time>2026-09-19T12:45:10Z</time>
   </trkpt>
   <trkpt lat="43.1276160" lon="-3.9993660">
    <ele>573.0</ele>
    <time>2026-09-19T12:45:11Z</time>
   </trkpt>
   <trkpt lat="43.1276490" lon="-3.9993420">
    <ele>573.0</ele>
    <time>2026-09-19T12:45:12Z</time>
   </trkpt>
   <trkpt lat="43.1276930" lon="-3.9993210">
    <ele>573.6</ele>
    <time>2026-09-19T12:45:13Z</time>
   </trkpt>
   <trkpt lat="43.1277270" lon="-3.9992910">
    <ele>573.5</ele>
    <time>2026-09-19T12:45:14Z</time>
   </trkpt>
   <trkpt lat="43.1277580" lon="-3.9992520">
    <ele>574.2</ele>
    <time>2026-09-19T12:45:15Z</time>
   </trkpt>
   <trkpt lat="43.1277820" lon="-3.9991890">
    <ele>575.7</ele>
    <time>2026-09-19T12:45:16Z</time>
   </trkpt>
   <trkpt lat="43.1278130" lon="-3.9991310">
    <ele>576.5</ele>
    <time>2026-09-19T12:45:17Z</time>
   </trkpt>
   <trkpt lat="43.1278460" lon="-3.9990750">
    <ele>577.3</ele>
    <time>2026-09-19T12:45:18Z</time>
   </trkpt>
   <trkpt lat="43.1278870" lon="-3.9990580">
    <ele>578.1</ele>
    <time>2026-09-19T12:45:19Z</time>
   </trkpt>
   <trkpt lat="43.1279270" lon="-3.9990530">
    <ele>578.2</ele>
    <time>2026-09-19T12:45:20Z</time>
   </trkpt>
   <trkpt lat="43.1279580" lon="-3.9990570">
    <ele>578.3</ele>
    <time>2026-09-19T12:45:21Z</time>
   </trkpt>
   <trkpt lat="43.1279850" lon="-3.9990830">
    <ele>577.5</ele>
    <time>2026-09-19T12:45:22Z</time>
   </trkpt>
   <trkpt lat="43.1280150" lon="-3.9991200">
    <ele>576.8</ele>
    <time>2026-09-19T12:45:23Z</time>
   </trkpt>
   <trkpt lat="43.1280530" lon="-3.9991450">
    <ele>577.2</ele>
    <time>2026-09-19T12:45:24Z</time>
   </trkpt>
   <trkpt lat="43.1280850" lon="-3.9991660">
    <ele>576.6</ele>
    <time>2026-09-19T12:45:25Z</time>
   </trkpt>
   <trkpt lat="43.1281170" lon="-3.9991980">
    <ele>575.9</ele>
    <time>2026-09-19T12:45:26Z</time>
   </trkpt>
   <trkpt lat="43.1281520" lon="-3.9992220">
    <ele>576.2</ele>
    <time>2026-09-19T12:45:27Z</time>
   </trkpt>
   <trkpt lat="43.1281990" lon="-3.9992550">
    <ele>575.6</ele>
    <time>2026-09-19T12:45:28Z</time>
   </trkpt>
   <trkpt lat="43.1282490" lon="-3.9992860">
    <ele>575.4</ele>
    <time>2026-09-19T12:45:29Z</time>
   </trkpt>
   <trkpt lat="43.1282940" lon="-3.9993070">
    <ele>575.9</ele>
    <time>2026-09-19T12:45:30Z</time>
   </trkpt>
   <trkpt lat="43.1283420" lon="-3.9993380">
    <ele>576.1</ele>
    <time>2026-09-19T12:45:31Z</time>
   </trkpt>
   <trkpt lat="43.1283840" lon="-3.9993580">
    <ele>576.6</ele>
    <time>2026-09-19T12:45:32Z</time>
   </trkpt>
   <trkpt lat="43.1284250" lon="-3.9993910">
    <ele>576.4</ele>
    <time>2026-09-19T12:45:33Z</time>
   </trkpt>
   <trkpt lat="43.1284570" lon="-3.9994290">
    <ele>576.2</ele>
    <time>2026-09-19T12:45:34Z</time>
   </trkpt>
   <trkpt lat="43.1284930" lon="-3.9994670">
    <ele>576.7</ele>
    <time>2026-09-19T12:45:35Z</time>
   </trkpt>
   <trkpt lat="43.1285270" lon="-3.9994890">
    <ele>577.3</ele>
    <time>2026-09-19T12:45:36Z</time>
   </trkpt>
   <trkpt lat="43.1285490" lon="-3.9995240">
    <ele>576.6</ele>
    <time>2026-09-19T12:45:37Z</time>
   </trkpt>
   <trkpt lat="43.1285720" lon="-3.9995520">
    <ele>576.5</ele>
    <time>2026-09-19T12:45:38Z</time>
   </trkpt>
   <trkpt lat="43.1285970" lon="-3.9995840">
    <ele>576.5</ele>
    <time>2026-09-19T12:45:39Z</time>
   </trkpt>
   <trkpt lat="43.1286200" lon="-3.9996190">
    <ele>577.2</ele>
    <time>2026-09-19T12:45:40Z</time>
   </trkpt>
   <trkpt lat="43.1286380" lon="-3.9996640">
    <ele>576.4</ele>
    <time>2026-09-19T12:45:41Z</time>
   </trkpt>
   <trkpt lat="43.1286410" lon="-3.9997210">
    <ele>574.7</ele>
    <time>2026-09-19T12:45:42Z</time>
   </trkpt>
   <trkpt lat="43.1286500" lon="-3.9997810">
    <ele>574.7</ele>
    <time>2026-09-19T12:45:43Z</time>
   </trkpt>
   <trkpt lat="43.1286610" lon="-3.9998370">
    <ele>574.0</ele>
    <time>2026-09-19T12:45:44Z</time>
   </trkpt>
   <trkpt lat="43.1286800" lon="-3.9999010">
    <ele>573.5</ele>
    <time>2026-09-19T12:45:45Z</time>
   </trkpt>
   <trkpt lat="43.1287010" lon="-3.9999660">
    <ele>572.9</ele>
    <time>2026-09-19T12:45:46Z</time>
   </trkpt>
   <trkpt lat="43.1287150" lon="-4.0000200">
    <ele>572.4</ele>
    <time>2026-09-19T12:45:47Z</time>
   </trkpt>
   <trkpt lat="43.1287300" lon="-4.0000560">
    <ele>571.8</ele>
    <time>2026-09-19T12:45:48Z</time>
   </trkpt>
   <trkpt lat="43.1287400" lon="-4.0001030">
    <ele>571.9</ele>
    <time>2026-09-19T12:45:49Z</time>
   </trkpt>
   <trkpt lat="43.1287500" lon="-4.0001500">
    <ele>571.3</ele>
    <time>2026-09-19T12:45:50Z</time>
   </trkpt>
   <trkpt lat="43.1287630" lon="-4.0002030">
    <ele>570.7</ele>
    <time>2026-09-19T12:45:51Z</time>
   </trkpt>
   <trkpt lat="43.1287730" lon="-4.0002530">
    <ele>570.8</ele>
    <time>2026-09-19T12:45:52Z</time>
   </trkpt>
   <trkpt lat="43.1287840" lon="-4.0003070">
    <ele>570.3</ele>
    <time>2026-09-19T12:45:53Z</time>
   </trkpt>
   <trkpt lat="43.1287950" lon="-4.0003780">
    <ele>569.2</ele>
    <time>2026-09-19T12:45:54Z</time>
   </trkpt>
   <trkpt lat="43.1288030" lon="-4.0004360">
    <ele>569.4</ele>
    <time>2026-09-19T12:45:55Z</time>
   </trkpt>
   <trkpt lat="43.1288040" lon="-4.0004880">
    <ele>568.3</ele>
    <time>2026-09-19T12:45:56Z</time>
   </trkpt>
   <trkpt lat="43.1288020" lon="-4.0005510">
    <ele>567.7</ele>
    <time>2026-09-19T12:45:57Z</time>
   </trkpt>
   <trkpt lat="43.1287980" lon="-4.0006110">
    <ele>566.4</ele>
    <time>2026-09-19T12:45:58Z</time>
   </trkpt>
   <trkpt lat="43.1287950" lon="-4.0006670">
    <ele>565.2</ele>
    <time>2026-09-19T12:45:59Z</time>
   </trkpt>
   <trkpt lat="43.1287980" lon="-4.0007210">
    <ele>564.6</ele>
    <time>2026-09-19T12:46:00Z</time>
   </trkpt>
   <trkpt lat="43.1287980" lon="-4.0007770">
    <ele>564.0</ele>
    <time>2026-09-19T12:46:01Z</time>
   </trkpt>
   <trkpt lat="43.1287980" lon="-4.0008450">
    <ele>562.9</ele>
    <time>2026-09-19T12:46:02Z</time>
   </trkpt>
   <trkpt lat="43.1287960" lon="-4.0009190">
    <ele>561.8</ele>
    <time>2026-09-19T12:46:03Z</time>
   </trkpt>
   <trkpt lat="43.1287900" lon="-4.0009900">
    <ele>561.2</ele>
    <time>2026-09-19T12:46:04Z</time>
   </trkpt>
   <trkpt lat="43.1287810" lon="-4.0010580">
    <ele>560.0</ele>
    <time>2026-09-19T12:46:05Z</time>
   </trkpt>
   <trkpt lat="43.1287740" lon="-4.0011200">
    <ele>559.4</ele>
    <time>2026-09-19T12:46:06Z</time>
   </trkpt>
   <trkpt lat="43.1287670" lon="-4.0011840">
    <ele>557.5</ele>
    <time>2026-09-19T12:46:07Z</time>
   </trkpt>
   <trkpt lat="43.1287600" lon="-4.0012420">
    <ele>557.0</ele>
    <time>2026-09-19T12:46:08Z</time>
   </trkpt>
   <trkpt lat="43.1287530" lon="-4.0012880">
    <ele>556.5</ele>
    <time>2026-09-19T12:46:09Z</time>
   </trkpt>
   <trkpt lat="43.1287480" lon="-4.0013470">
    <ele>555.3</ele>
    <time>2026-09-19T12:46:10Z</time>
   </trkpt>
   <trkpt lat="43.1287480" lon="-4.0014000">
    <ele>554.7</ele>
    <time>2026-09-19T12:46:11Z</time>
   </trkpt>
   <trkpt lat="43.1287490" lon="-4.0014580">
    <ele>554.0</ele>
    <time>2026-09-19T12:46:12Z</time>
   </trkpt>
   <trkpt lat="43.1287520" lon="-4.0015210">
    <ele>552.6</ele>
    <time>2026-09-19T12:46:13Z</time>
   </trkpt>
   <trkpt lat="43.1287560" lon="-4.0015820">
    <ele>552.0</ele>
    <time>2026-09-19T12:46:14Z</time>
   </trkpt>
   <trkpt lat="43.1287620" lon="-4.0016470">
    <ele>550.7</ele>
    <time>2026-09-19T12:46:15Z</time>
   </trkpt>
   <trkpt lat="43.1287630" lon="-4.0017010">
    <ele>550.0</ele>
    <time>2026-09-19T12:46:16Z</time>
   </trkpt>
   <trkpt lat="43.1287640" lon="-4.0017520">
    <ele>549.3</ele>
    <time>2026-09-19T12:46:17Z</time>
   </trkpt>
   <trkpt lat="43.1287580" lon="-4.0018060">
    <ele>548.7</ele>
    <time>2026-09-19T12:46:18Z</time>
   </trkpt>
   <trkpt lat="43.1287510" lon="-4.0018570">
    <ele>547.2</ele>
    <time>2026-09-19T12:46:19Z</time>
   </trkpt>
   <trkpt lat="43.1287450" lon="-4.0019080">
    <ele>546.5</ele>
    <time>2026-09-19T12:46:20Z</time>
   </trkpt>
   <trkpt lat="43.1287290" lon="-4.0019460">
    <ele>545.2</ele>
    <time>2026-09-19T12:46:21Z</time>
   </trkpt>
   <trkpt lat="43.1287060" lon="-4.0019660">
    <ele>544.8</ele>
    <time>2026-09-19T12:46:22Z</time>
   </trkpt>
   <trkpt lat="43.1286810" lon="-4.0019690">
    <ele>544.8</ele>
    <time>2026-09-19T12:46:23Z</time>
   </trkpt>
   <trkpt lat="43.1286590" lon="-4.0019460">
    <ele>544.3</ele>
    <time>2026-09-19T12:46:24Z</time>
   </trkpt>
   <trkpt lat="43.1286450" lon="-4.0019100">
    <ele>544.5</ele>
    <time>2026-09-19T12:46:25Z</time>
   </trkpt>
   <trkpt lat="43.1286350" lon="-4.0018700">
    <ele>545.2</ele>
    <time>2026-09-19T12:46:26Z</time>
   </trkpt>
   <trkpt lat="43.1286210" lon="-4.0018450">
    <ele>545.9</ele>
    <time>2026-09-19T12:46:27Z</time>
   </trkpt>
   <trkpt lat="43.1285940" lon="-4.0018340">
    <ele>545.3</ele>
    <time>2026-09-19T12:46:28Z</time>
   </trkpt>
   <trkpt lat="43.1285600" lon="-4.0018530">
    <ele>544.8</ele>
    <time>2026-09-19T12:46:29Z</time>
   </trkpt>
   <trkpt lat="43.1285470" lon="-4.0018900">
    <ele>543.7</ele>
    <time>2026-09-19T12:46:30Z</time>
   </trkpt>
   <trkpt lat="43.1285430" lon="-4.0019420">
    <ele>543.2</ele>
    <time>2026-09-19T12:46:31Z</time>
   </trkpt>
   <trkpt lat="43.1285430" lon="-4.0020000">
    <ele>542.6</ele>
    <time>2026-09-19T12:46:32Z</time>
   </trkpt>
   <trkpt lat="43.1285370" lon="-4.0020610">
    <ele>542.0</ele>
    <time>2026-09-19T12:46:33Z</time>
   </trkpt>
   <trkpt lat="43.1285330" lon="-4.0021320">
    <ele>541.3</ele>
    <time>2026-09-19T12:46:34Z</time>
   </trkpt>
   <trkpt lat="43.1285260" lon="-4.0022010">
    <ele>540.6</ele>
    <time>2026-09-19T12:46:35Z</time>
   </trkpt>
   <trkpt lat="43.1285220" lon="-4.0022760">
    <ele>539.9</ele>
    <time>2026-09-19T12:46:36Z</time>
   </trkpt>
   <trkpt lat="43.1285190" lon="-4.0023630">
    <ele>539.0</ele>
    <time>2026-09-19T12:46:37Z</time>
   </trkpt>
   <trkpt lat="43.1285210" lon="-4.0024610">
    <ele>538.1</ele>
    <time>2026-09-19T12:46:38Z</time>
   </trkpt>
   <trkpt lat="43.1285250" lon="-4.0025540">
    <ele>537.2</ele>
    <time>2026-09-19T12:46:39Z</time>
   </trkpt>
   <trkpt lat="43.1285360" lon="-4.0026540">
    <ele>536.2</ele>
    <time>2026-09-19T12:46:40Z</time>
   </trkpt>
   <trkpt lat="43.1285470" lon="-4.0027610">
    <ele>535.1</ele>
    <time>2026-09-19T12:46:41Z</time>
   </trkpt>
   <trkpt lat="43.1285580" lon="-4.0028750">
    <ele>534.0</ele>
    <time>2026-09-19T12:46:42Z</time>
   </trkpt>
   <trkpt lat="43.1285640" lon="-4.0029760">
    <ele>533.0</ele>
    <time>2026-09-19T12:46:43Z</time>
   </trkpt>
   <trkpt lat="43.1285720" lon="-4.0030750">
    <ele>532.0</ele>
    <time>2026-09-19T12:46:44Z</time>
   </trkpt>
   <trkpt lat="43.1285870" lon="-4.0031670">
    <ele>531.1</ele>
    <time>2026-09-19T12:46:45Z</time>
   </trkpt>
   <trkpt lat="43.1285970" lon="-4.0032520">
    <ele>530.3</ele>
    <time>2026-09-19T12:46:46Z</time>
   </trkpt>
   <trkpt lat="43.1286060" lon="-4.0033260">
    <ele>529.6</ele>
    <time>2026-09-19T12:46:47Z</time>
   </trkpt>
   <trkpt lat="43.1286140" lon="-4.0033980">
    <ele>528.8</ele>
    <time>2026-09-19T12:46:48Z</time>
   </trkpt>
   <trkpt lat="43.1286190" lon="-4.0034670">
    <ele>528.2</ele>
    <time>2026-09-19T12:46:49Z</time>
   </trkpt>
   <trkpt lat="43.1286300" lon="-4.0035350">
    <ele>527.5</ele>
    <time>2026-09-19T12:46:50Z</time>
   </trkpt>
   <trkpt lat="43.1286420" lon="-4.0036000">
    <ele>526.8</ele>
    <time>2026-09-19T12:46:51Z</time>
   </trkpt>
   <trkpt lat="43.1286600" lon="-4.0036760">
    <ele>526.1</ele>
    <time>2026-09-19T12:46:52Z</time>
   </trkpt>
   <trkpt lat="43.1286810" lon="-4.0037430">
    <ele>525.3</ele>
    <time>2026-09-19T12:46:53Z</time>
   </trkpt>
   <trkpt lat="43.1286980" lon="-4.0038200">
    <ele>524.6</ele>
    <time>2026-09-19T12:46:54Z</time>
   </trkpt>
   <trkpt lat="43.1287130" lon="-4.0039030">
    <ele>523.7</ele>
    <time>2026-09-19T12:46:55Z</time>
   </trkpt>
   <trkpt lat="43.1287280" lon="-4.0039820">
    <ele>522.9</ele>
    <time>2026-09-19T12:46:56Z</time>
   </trkpt>
   <trkpt lat="43.1287440" lon="-4.0040680">
    <ele>522.1</ele>
    <time>2026-09-19T12:46:57Z</time>
   </trkpt>
   <trkpt lat="43.1287590" lon="-4.0041540">
    <ele>521.2</ele>
    <time>2026-09-19T12:46:58Z</time>
   </trkpt>
   <trkpt lat="43.1287740" lon="-4.0042440">
    <ele>520.3</ele>
    <time>2026-09-19T12:46:59Z</time>
   </trkpt>
   <trkpt lat="43.1287900" lon="-4.0043310">
    <ele>519.4</ele>
    <time>2026-09-19T12:47:00Z</time>
   </trkpt>
   <trkpt lat="43.1288070" lon="-4.0044160">
    <ele>518.6</ele>
    <time>2026-09-19T12:47:01Z</time>
   </trkpt>
   <trkpt lat="43.1288230" lon="-4.0045010">
    <ele>517.7</ele>
    <time>2026-09-19T12:47:02Z</time>
   </trkpt>
   <trkpt lat="43.1288410" lon="-4.0045920">
    <ele>516.8</ele>
    <time>2026-09-19T12:47:03Z</time>
   </trkpt>
   <trkpt lat="43.1288510" lon="-4.0046780">
    <ele>515.9</ele>
    <time>2026-09-19T12:47:04Z</time>
   </trkpt>
   <trkpt lat="43.1288570" lon="-4.0047640">
    <ele>515.1</ele>
    <time>2026-09-19T12:47:05Z</time>
   </trkpt>
   <trkpt lat="43.1288650" lon="-4.0048410">
    <ele>514.3</ele>
    <time>2026-09-19T12:47:06Z</time>
   </trkpt>
   <trkpt lat="43.1288720" lon="-4.0049260">
    <ele>513.5</ele>
    <time>2026-09-19T12:47:07Z</time>
   </trkpt>
   <trkpt lat="43.1288770" lon="-4.0049990">
    <ele>512.8</ele>
    <time>2026-09-19T12:47:08Z</time>
   </trkpt>
   <trkpt lat="43.1288820" lon="-4.0050670">
    <ele>512.1</ele>
    <time>2026-09-19T12:47:09Z</time>
   </trkpt>
   <trkpt lat="43.1288870" lon="-4.0051410">
    <ele>511.4</ele>
    <time>2026-09-19T12:47:10Z</time>
   </trkpt>
   <trkpt lat="43.1288860" lon="-4.0052280">
    <ele>510.5</ele>
    <time>2026-09-19T12:47:11Z</time>
   </trkpt>
   <trkpt lat="43.1288820" lon="-4.0053130">
    <ele>509.7</ele>
    <time>2026-09-19T12:47:12Z</time>
   </trkpt>
   <trkpt lat="43.1288670" lon="-4.0053940">
    <ele>508.9</ele>
    <time>2026-09-19T12:47:13Z</time>
   </trkpt>
   <trkpt lat="43.1288500" lon="-4.0054670">
    <ele>508.2</ele>
    <time>2026-09-19T12:47:14Z</time>
   </trkpt>
   <trkpt lat="43.1288360" lon="-4.0055420">
    <ele>507.4</ele>
    <time>2026-09-19T12:47:15Z</time>
   </trkpt>
   <trkpt lat="43.1288200" lon="-4.0056140">
    <ele>506.7</ele>
    <time>2026-09-19T12:47:16Z</time>
   </trkpt>
   <trkpt lat="43.1288050" lon="-4.0056880">
    <ele>505.9</ele>
    <time>2026-09-19T12:47:17Z</time>
   </trkpt>
   <trkpt lat="43.1287890" lon="-4.0057710">
    <ele>505.1</ele>
    <time>2026-09-19T12:47:18Z</time>
   </trkpt>
   <trkpt lat="43.1287720" lon="-4.0058550">
    <ele>504.2</ele>
    <time>2026-09-19T12:47:19Z</time>
   </trkpt>
   <trkpt lat="43.1287510" lon="-4.0059260">
    <ele>503.5</ele>
    <time>2026-09-19T12:47:20Z</time>
   </trkpt>
   <trkpt lat="43.1287300" lon="-4.0059970">
    <ele>502.7</ele>
    <time>2026-09-19T12:47:21Z</time>
   </trkpt>
   <trkpt lat="43.1287100" lon="-4.0060750">
    <ele>501.9</ele>
    <time>2026-09-19T12:47:22Z</time>
   </trkpt>
   <trkpt lat="43.1286860" lon="-4.0061510">
    <ele>501.1</ele>
    <time>2026-09-19T12:47:23Z</time>
   </trkpt>
   <trkpt lat="43.1286670" lon="-4.0062230">
    <ele>500.4</ele>
    <time>2026-09-19T12:47:24Z</time>
   </trkpt>
   <trkpt lat="43.1286430" lon="-4.0063050">
    <ele>499.5</ele>
    <time>2026-09-19T12:47:25Z</time>
   </trkpt>
   <trkpt lat="43.1286170" lon="-4.0063880">
    <ele>498.6</ele>
    <time>2026-09-19T12:47:26Z</time>
   </trkpt>
   <trkpt lat="43.1285870" lon="-4.0064830">
    <ele>497.6</ele>
    <time>2026-09-19T12:47:27Z</time>
   </trkpt>
   <trkpt lat="43.1285630" lon="-4.0065660">
    <ele>496.7</ele>
    <time>2026-09-19T12:47:28Z</time>
   </trkpt>
   <trkpt lat="43.1285380" lon="-4.0066420">
    <ele>495.9</ele>
    <time>2026-09-19T12:47:29Z</time>
   </trkpt>
   <trkpt lat="43.1285160" lon="-4.0067230">
    <ele>495.1</ele>
    <time>2026-09-19T12:47:30Z</time>
   </trkpt>
   <trkpt lat="43.1284970" lon="-4.0068070">
    <ele>494.2</ele>
    <time>2026-09-19T12:47:31Z</time>
   </trkpt>
   <trkpt lat="43.1284770" lon="-4.0068770">
    <ele>493.5</ele>
    <time>2026-09-19T12:47:32Z</time>
   </trkpt>
   <trkpt lat="43.1284590" lon="-4.0069500">
    <ele>492.7</ele>
    <time>2026-09-19T12:47:33Z</time>
   </trkpt>
   <trkpt lat="43.1284370" lon="-4.0070220">
    <ele>492.0</ele>
    <time>2026-09-19T12:47:34Z</time>
   </trkpt>
   <trkpt lat="43.1284220" lon="-4.0070970">
    <ele>491.2</ele>
    <time>2026-09-19T12:47:35Z</time>
   </trkpt>
   <trkpt lat="43.1284110" lon="-4.0071730">
    <ele>490.5</ele>
    <time>2026-09-19T12:47:36Z</time>
   </trkpt>
   <trkpt lat="43.1284070" lon="-4.0072530">
    <ele>489.7</ele>
    <time>2026-09-19T12:47:37Z</time>
   </trkpt>
   <trkpt lat="43.1284170" lon="-4.0073200">
    <ele>489.0</ele>
    <time>2026-09-19T12:47:38Z</time>
   </trkpt>
   <trkpt lat="43.1284380" lon="-4.0073860">
    <ele>488.3</ele>
    <time>2026-09-19T12:47:39Z</time>
   </trkpt>
   <trkpt lat="43.1284600" lon="-4.0074440">
    <ele>487.7</ele>
    <time>2026-09-19T12:47:40Z</time>
   </trkpt>
   <trkpt lat="43.1284840" lon="-4.0075030">
    <ele>487.0</ele>
    <time>2026-09-19T12:47:41Z</time>
   </trkpt>
   <trkpt lat="43.1285060" lon="-4.0075760">
    <ele>486.3</ele>
    <time>2026-09-19T12:47:42Z</time>
   </trkpt>
   <trkpt lat="43.1285220" lon="-4.0076450">
    <ele>485.5</ele>
    <time>2026-09-19T12:47:43Z</time>
   </trkpt>
   <trkpt lat="43.1285480" lon="-4.0077110">
    <ele>485.1</ele>
    <time>2026-09-19T12:47:44Z</time>
   </trkpt>
   <trkpt lat="43.1285910" lon="-4.0077610">
    <ele>484.9</ele>
    <time>2026-09-19T12:47:45Z</time>
   </trkpt>
   <trkpt lat="43.1286440" lon="-4.0078110">
    <ele>484.4</ele>
    <time>2026-09-19T12:47:46Z</time>
   </trkpt>
   <trkpt lat="43.1286980" lon="-4.0078500">
    <ele>483.8</ele>
    <time>2026-09-19T12:47:47Z</time>
   </trkpt>
   <trkpt lat="43.1287600" lon="-4.0078650">
    <ele>482.9</ele>
    <time>2026-09-19T12:47:48Z</time>
   </trkpt>
   <trkpt lat="43.1288210" lon="-4.0078720">
    <ele>481.9</ele>
    <time>2026-09-19T12:47:49Z</time>
   </trkpt>
   <trkpt lat="43.1288780" lon="-4.0078830">
    <ele>480.9</ele>
    <time>2026-09-19T12:47:50Z</time>
   </trkpt>
   <trkpt lat="43.1289280" lon="-4.0079010">
    <ele>480.0</ele>
    <time>2026-09-19T12:47:51Z</time>
   </trkpt>
   <trkpt lat="43.1289850" lon="-4.0079290">
    <ele>478.9</ele>
    <time>2026-09-19T12:47:52Z</time>
   </trkpt>
   <trkpt lat="43.1290490" lon="-4.0079490">
    <ele>477.8</ele>
    <time>2026-09-19T12:47:53Z</time>
   </trkpt>
   <trkpt lat="43.1291050" lon="-4.0079640">
    <ele>476.9</ele>
    <time>2026-09-19T12:47:54Z</time>
   </trkpt>
   <trkpt lat="43.1291680" lon="-4.0079840">
    <ele>475.8</ele>
    <time>2026-09-19T12:47:55Z</time>
   </trkpt>
   <trkpt lat="43.1292290" lon="-4.0080050">
    <ele>474.9</ele>
    <time>2026-09-19T12:47:56Z</time>
   </trkpt>
   <trkpt lat="43.1292910" lon="-4.0080360">
    <ele>474.0</ele>
    <time>2026-09-19T12:47:57Z</time>
   </trkpt>
   <trkpt lat="43.1293460" lon="-4.0080710">
    <ele>473.3</ele>
    <time>2026-09-19T12:47:58Z</time>
   </trkpt>
   <trkpt lat="43.1294130" lon="-4.0081090">
    <ele>472.5</ele>
    <time>2026-09-19T12:47:59Z</time>
   </trkpt>
   <trkpt lat="43.1294740" lon="-4.0081420">
    <ele>471.8</ele>
    <time>2026-09-19T12:48:00Z</time>
   </trkpt>
   <trkpt lat="43.1295340" lon="-4.0081620">
    <ele>471.2</ele>
    <time>2026-09-19T12:48:01Z</time>
   </trkpt>
   <trkpt lat="43.1295880" lon="-4.0081660">
    <ele>470.8</ele>
    <time>2026-09-19T12:48:02Z</time>
   </trkpt>
   <trkpt lat="43.1296460" lon="-4.0081610">
    <ele>470.4</ele>
    <time>2026-09-19T12:48:03Z</time>
   </trkpt>
   <trkpt lat="43.1297000" lon="-4.0081580">
    <ele>470.1</ele>
    <time>2026-09-19T12:48:04Z</time>
   </trkpt>
   <trkpt lat="43.1297560" lon="-4.0081520">
    <ele>469.7</ele>
    <time>2026-09-19T12:48:05Z</time>
   </trkpt>
   <trkpt lat="43.1298150" lon="-4.0081410">
    <ele>469.4</ele>
    <time>2026-09-19T12:48:06Z</time>
   </trkpt>
   <trkpt lat="43.1298730" lon="-4.0081330">
    <ele>468.9</ele>
    <time>2026-09-19T12:48:07Z</time>
   </trkpt>
   <trkpt lat="43.1299240" lon="-4.0081290">
    <ele>468.5</ele>
    <time>2026-09-19T12:48:08Z</time>
   </trkpt>
   <trkpt lat="43.1299800" lon="-4.0081290">
    <ele>468.0</ele>
    <time>2026-09-19T12:48:09Z</time>
   </trkpt>
   <trkpt lat="43.1300300" lon="-4.0081220">
    <ele>467.6</ele>
    <time>2026-09-19T12:48:10Z</time>
   </trkpt>
   <trkpt lat="43.1300820" lon="-4.0081150">
    <ele>467.1</ele>
    <time>2026-09-19T12:48:11Z</time>
   </trkpt>
   <trkpt lat="43.1301330" lon="-4.0081070">
    <ele>466.6</ele>
    <time>2026-09-19T12:48:12Z</time>
   </trkpt>
   <trkpt lat="43.1301820" lon="-4.0081030">
    <ele>466.2</ele>
    <time>2026-09-19T12:48:13Z</time>
   </trkpt>
   <trkpt lat="43.1302360" lon="-4.0081130">
    <ele>465.9</ele>
    <time>2026-09-19T12:48:14Z</time>
   </trkpt>
   <trkpt lat="43.1302940" lon="-4.0081380">
    <ele>465.6</ele>
    <time>2026-09-19T12:48:15Z</time>
   </trkpt>
   <trkpt lat="43.1303610" lon="-4.0081790">
    <ele>465.5</ele>
    <time>2026-09-19T12:48:16Z</time>
   </trkpt>
   <trkpt lat="43.1304340" lon="-4.0082200">
    <ele>465.5</ele>
    <time>2026-09-19T12:48:17Z</time>
   </trkpt>
   <trkpt lat="43.1305090" lon="-4.0082620">
    <ele>465.6</ele>
    <time>2026-09-19T12:48:18Z</time>
   </trkpt>
   <trkpt lat="43.1305850" lon="-4.0083020">
    <ele>465.9</ele>
    <time>2026-09-19T12:48:19Z</time>
   </trkpt>
   <trkpt lat="43.1306470" lon="-4.0083440">
    <ele>466.1</ele>
    <time>2026-09-19T12:48:20Z</time>
   </trkpt>
   <trkpt lat="43.1307140" lon="-4.0083940">
    <ele>466.5</ele>
    <time>2026-09-19T12:48:21Z</time>
   </trkpt>
   <trkpt lat="43.1307850" lon="-4.0084400">
    <ele>467.0</ele>
    <time>2026-09-19T12:48:22Z</time>
   </trkpt>
   <trkpt lat="43.1308610" lon="-4.0084730">
    <ele>467.5</ele>
    <time>2026-09-19T12:48:23Z</time>
   </trkpt>
   <trkpt lat="43.1309320" lon="-4.0084890">
    <ele>467.9</ele>
    <time>2026-09-19T12:48:24Z</time>
   </trkpt>
   <trkpt lat="43.1310000" lon="-4.0085130">
    <ele>468.4</ele>
    <time>2026-09-19T12:48:25Z</time>
   </trkpt>
   <trkpt lat="43.1310520" lon="-4.0085510">
    <ele>468.8</ele>
    <time>2026-09-19T12:48:26Z</time>
   </trkpt>
   <trkpt lat="43.1310800" lon="-4.0086120">
    <ele>469.0</ele>
    <time>2026-09-19T12:48:27Z</time>
   </trkpt>
   <trkpt lat="43.1311170" lon="-4.0086710">
    <ele>469.1</ele>
    <time>2026-09-19T12:48:28Z</time>
   </trkpt>
   <trkpt lat="43.1311330" lon="-4.0087380">
    <ele>469.0</ele>
    <time>2026-09-19T12:48:29Z</time>
   </trkpt>
   <trkpt lat="43.1311500" lon="-4.0088210">
    <ele>468.4</ele>
    <time>2026-09-19T12:48:30Z</time>
   </trkpt>
   <trkpt lat="43.1311740" lon="-4.0088990">
    <ele>467.6</ele>
    <time>2026-09-19T12:48:31Z</time>
   </trkpt>
   <trkpt lat="43.1311920" lon="-4.0089720">
    <ele>466.8</ele>
    <time>2026-09-19T12:48:32Z</time>
   </trkpt>
   <trkpt lat="43.1312070" lon="-4.0090440">
    <ele>466.1</ele>
    <time>2026-09-19T12:48:33Z</time>
   </trkpt>
   <trkpt lat="43.1312270" lon="-4.0091200">
    <ele>465.3</ele>
    <time>2026-09-19T12:48:34Z</time>
   </trkpt>
   <trkpt lat="43.1312480" lon="-4.0091920">
    <ele>464.6</ele>
    <time>2026-09-19T12:48:35Z</time>
   </trkpt>
   <trkpt lat="43.1312650" lon="-4.0092550">
    <ele>464.0</ele>
    <time>2026-09-19T12:48:36Z</time>
   </trkpt>
   <trkpt lat="43.1312800" lon="-4.0093220">
    <ele>463.4</ele>
    <time>2026-09-19T12:48:37Z</time>
   </trkpt>
   <trkpt lat="43.1312980" lon="-4.0093860">
    <ele>462.8</ele>
    <time>2026-09-19T12:48:38Z</time>
   </trkpt>
   <trkpt lat="43.1313130" lon="-4.0094530">
    <ele>462.3</ele>
    <time>2026-09-19T12:48:39Z</time>
   </trkpt>
   <trkpt lat="43.1313330" lon="-4.0095140">
    <ele>461.8</ele>
    <time>2026-09-19T12:48:40Z</time>
   </trkpt>
   <trkpt lat="43.1313650" lon="-4.0095700">
    <ele>461.2</ele>
    <time>2026-09-19T12:48:41Z</time>
   </trkpt>
   <trkpt lat="43.1314040" lon="-4.0096390">
    <ele>460.6</ele>
    <time>2026-09-19T12:48:42Z</time>
   </trkpt>
   <trkpt lat="43.1314370" lon="-4.0097130">
    <ele>459.9</ele>
    <time>2026-09-19T12:48:43Z</time>
   </trkpt>
   <trkpt lat="43.1314740" lon="-4.0097950">
    <ele>459.2</ele>
    <time>2026-09-19T12:48:44Z</time>
   </trkpt>
   <trkpt lat="43.1315110" lon="-4.0098560">
    <ele>458.6</ele>
    <time>2026-09-19T12:48:45Z</time>
   </trkpt>
   <trkpt lat="43.1315490" lon="-4.0099240">
    <ele>458.0</ele>
    <time>2026-09-19T12:48:46Z</time>
   </trkpt>
   <trkpt lat="43.1315890" lon="-4.0099970">
    <ele>457.3</ele>
    <time>2026-09-19T12:48:47Z</time>
   </trkpt>
   <trkpt lat="43.1316300" lon="-4.0100620">
    <ele>456.7</ele>
    <time>2026-09-19T12:48:48Z</time>
   </trkpt>
   <trkpt lat="43.1316690" lon="-4.0101200">
    <ele>456.1</ele>
    <time>2026-09-19T12:48:49Z</time>
   </trkpt>
   <trkpt lat="43.1317210" lon="-4.0101840">
    <ele>455.6</ele>
    <time>2026-09-19T12:48:50Z</time>
   </trkpt>
   <trkpt lat="43.1317650" lon="-4.0102280">
    <ele>455.1</ele>
    <time>2026-09-19T12:48:51Z</time>
   </trkpt>
   <trkpt lat="43.1318140" lon="-4.0102800">
    <ele>454.7</ele>
    <time>2026-09-19T12:48:52Z</time>
   </trkpt>
   <trkpt lat="43.1318470" lon="-4.0103340">
    <ele>454.3</ele>
    <time>2026-09-19T12:48:53Z</time>
   </trkpt>
   <trkpt lat="43.1318810" lon="-4.0103880">
    <ele>454.0</ele>
    <time>2026-09-19T12:48:54Z</time>
   </trkpt>
   <trkpt lat="43.1319150" lon="-4.0104680">
    <ele>453.6</ele>
    <time>2026-09-19T12:48:55Z</time>
   </trkpt>
   <trkpt lat="43.1319530" lon="-4.0105460">
    <ele>453.2</ele>
    <time>2026-09-19T12:48:56Z</time>
   </trkpt>
   <trkpt lat="43.1319840" lon="-4.0106410">
    <ele>452.9</ele>
    <time>2026-09-19T12:48:57Z</time>
   </trkpt>
   <trkpt lat="43.1320070" lon="-4.0107260">
    <ele>452.6</ele>
    <time>2026-09-19T12:48:58Z</time>
   </trkpt>
   <trkpt lat="43.1320290" lon="-4.0108140">
    <ele>452.3</ele>
    <time>2026-09-19T12:48:59Z</time>
   </trkpt>
   <trkpt lat="43.1320440" lon="-4.0109030">
    <ele>452.0</ele>
    <time>2026-09-19T12:49:00Z</time>
   </trkpt>
   <trkpt lat="43.1320640" lon="-4.0109970">
    <ele>451.8</ele>
    <time>2026-09-19T12:49:01Z</time>
   </trkpt>
   <trkpt lat="43.1320780" lon="-4.0110920">
    <ele>451.5</ele>
    <time>2026-09-19T12:49:02Z</time>
   </trkpt>
   <trkpt lat="43.1320930" lon="-4.0111830">
    <ele>451.3</ele>
    <time>2026-09-19T12:49:03Z</time>
   </trkpt>
   <trkpt lat="43.1321060" lon="-4.0112730">
    <ele>451.0</ele>
    <time>2026-09-19T12:49:04Z</time>
   </trkpt>
   <trkpt lat="43.1321180" lon="-4.0113490">
    <ele>450.8</ele>
    <time>2026-09-19T12:49:05Z</time>
   </trkpt>
   <trkpt lat="43.1321330" lon="-4.0114170">
    <ele>450.5</ele>
    <time>2026-09-19T12:49:06Z</time>
   </trkpt>
   <trkpt lat="43.1321600" lon="-4.0114820">
    <ele>450.1</ele>
    <time>2026-09-19T12:49:07Z</time>
   </trkpt>
   <trkpt lat="43.1322030" lon="-4.0115420">
    <ele>449.5</ele>
    <time>2026-09-19T12:49:08Z</time>
   </trkpt>
   <trkpt lat="43.1322610" lon="-4.0115980">
    <ele>448.7</ele>
    <time>2026-09-19T12:49:09Z</time>
   </trkpt>
   <trkpt lat="43.1323260" lon="-4.0116410">
    <ele>447.9</ele>
    <time>2026-09-19T12:49:10Z</time>
   </trkpt>
   <trkpt lat="43.1324000" lon="-4.0116840">
    <ele>447.0</ele>
    <time>2026-09-19T12:49:11Z</time>
   </trkpt>
   <trkpt lat="43.1324690" lon="-4.0117460">
    <ele>446.0</ele>
    <time>2026-09-19T12:49:12Z</time>
   </trkpt>
   <trkpt lat="43.1325250" lon="-4.0118250">
    <ele>445.1</ele>
    <time>2026-09-19T12:49:13Z</time>
   </trkpt>
   <trkpt lat="43.1325800" lon="-4.0119060">
    <ele>444.2</ele>
    <time>2026-09-19T12:49:14Z</time>
   </trkpt>
   <trkpt lat="43.1326200" lon="-4.0119840">
    <ele>443.5</ele>
    <time>2026-09-19T12:49:15Z</time>
   </trkpt>
   <trkpt lat="43.1326620" lon="-4.0120620">
    <ele>442.8</ele>
    <time>2026-09-19T12:49:16Z</time>
   </trkpt>
   <trkpt lat="43.1327060" lon="-4.0121470">
    <ele>442.1</ele>
    <time>2026-09-19T12:49:17Z</time>
   </trkpt>
   <trkpt lat="43.1327490" lon="-4.0122300">
    <ele>441.4</ele>
    <time>2026-09-19T12:49:18Z</time>
   </trkpt>
   <trkpt lat="43.1327950" lon="-4.0123080">
    <ele>440.7</ele>
    <time>2026-09-19T12:49:19Z</time>
   </trkpt>
   <trkpt lat="43.1328380" lon="-4.0123840">
    <ele>440.2</ele>
    <time>2026-09-19T12:49:20Z</time>
   </trkpt>
   <trkpt lat="43.1328870" lon="-4.0124560">
    <ele>439.6</ele>
    <time>2026-09-19T12:49:21Z</time>
   </trkpt>
   <trkpt lat="43.1329340" lon="-4.0125240">
    <ele>439.2</ele>
    <time>2026-09-19T12:49:22Z</time>
   </trkpt>
   <trkpt lat="43.1329830" lon="-4.0125890">
    <ele>438.7</ele>
    <time>2026-09-19T12:49:23Z</time>
   </trkpt>
   <trkpt lat="43.1330340" lon="-4.0126550">
    <ele>438.3</ele>
    <time>2026-09-19T12:49:24Z</time>
   </trkpt>
   <trkpt lat="43.1330820" lon="-4.0127230">
    <ele>437.9</ele>
    <time>2026-09-19T12:49:25Z</time>
   </trkpt>
   <trkpt lat="43.1331270" lon="-4.0127870">
    <ele>437.6</ele>
    <time>2026-09-19T12:49:26Z</time>
   </trkpt>
   <trkpt lat="43.1331710" lon="-4.0128500">
    <ele>437.4</ele>
    <time>2026-09-19T12:49:27Z</time>
   </trkpt>
   <trkpt lat="43.1332150" lon="-4.0129180">
    <ele>437.3</ele>
    <time>2026-09-19T12:49:28Z</time>
   </trkpt>
   <trkpt lat="43.1332640" lon="-4.0129850">
    <ele>437.2</ele>
    <time>2026-09-19T12:49:29Z</time>
   </trkpt>
   <trkpt lat="43.1333140" lon="-4.0130450">
    <ele>437.2</ele>
    <time>2026-09-19T12:49:30Z</time>
   </trkpt>
   <trkpt lat="43.1333560" lon="-4.0130980">
    <ele>437.1</ele>
    <time>2026-09-19T12:49:31Z</time>
   </trkpt>
   <trkpt lat="43.1334120" lon="-4.0131490">
    <ele>437.0</ele>
    <time>2026-09-19T12:49:32Z</time>
   </trkpt>
   <trkpt lat="43.1334660" lon="-4.0132080">
    <ele>436.9</ele>
    <time>2026-09-19T12:49:33Z</time>
   </trkpt>
   <trkpt lat="43.1335150" lon="-4.0132520">
    <ele>436.8</ele>
    <time>2026-09-19T12:49:34Z</time>
   </trkpt>
   <trkpt lat="43.1335650" lon="-4.0133100">
    <ele>436.6</ele>
    <time>2026-09-19T12:49:35Z</time>
   </trkpt>
   <trkpt lat="43.1336090" lon="-4.0134190">
    <ele>436.3</ele>
    <time>2026-09-19T12:49:36Z</time>
   </trkpt>
   <trkpt lat="43.1336580" lon="-4.0135340">
    <ele>436.1</ele>
    <time>2026-09-19T12:49:37Z</time>
   </trkpt>
   <trkpt lat="43.1337030" lon="-4.0136460">
    <ele>436.0</ele>
    <time>2026-09-19T12:49:38Z</time>
   </trkpt>
   <trkpt lat="43.1337560" lon="-4.0137490">
    <ele>436.0</ele>
    <time>2026-09-19T12:49:39Z</time>
   </trkpt>
   <trkpt lat="43.1337960" lon="-4.0138180">
    <ele>435.9</ele>
    <time>2026-09-19T12:49:40Z</time>
   </trkpt>
   <trkpt lat="43.1338540" lon="-4.0138780">
    <ele>435.9</ele>
    <time>2026-09-19T12:49:41Z</time>
   </trkpt>
   <trkpt lat="43.1339140" lon="-4.0139470">
    <ele>435.9</ele>
    <time>2026-09-19T12:49:42Z</time>
   </trkpt>
   <trkpt lat="43.1339640" lon="-4.0140270">
    <ele>435.9</ele>
    <time>2026-09-19T12:49:43Z</time>
   </trkpt>
   <trkpt lat="43.1339990" lon="-4.0141000">
    <ele>435.9</ele>
    <time>2026-09-19T12:49:44Z</time>
   </trkpt>
   <trkpt lat="43.1340330" lon="-4.0141730">
    <ele>436.0</ele>
    <time>2026-09-19T12:49:45Z</time>
   </trkpt>
   <trkpt lat="43.1340650" lon="-4.0142280">
    <ele>436.0</ele>
    <time>2026-09-19T12:49:46Z</time>
   </trkpt>
   <trkpt lat="43.1340940" lon="-4.0142760">
    <ele>435.9</ele>
    <time>2026-09-19T12:49:47Z</time>
   </trkpt>
   <trkpt lat="43.1341360" lon="-4.0143300">
    <ele>435.9</ele>
    <time>2026-09-19T12:49:48Z</time>
   </trkpt>
   <trkpt lat="43.1341870" lon="-4.0143820">
    <ele>435.6</ele>
    <time>2026-09-19T12:49:49Z</time>
   </trkpt>
   <trkpt lat="43.1342600" lon="-4.0144280">
    <ele>435.2</ele>
    <time>2026-09-19T12:49:50Z</time>
   </trkpt>
   <trkpt lat="43.1343110" lon="-4.0144940">
    <ele>434.8</ele>
    <time>2026-09-19T12:49:51Z</time>
   </trkpt>
   <trkpt lat="43.1343550" lon="-4.0145590">
    <ele>434.4</ele>
    <time>2026-09-19T12:49:52Z</time>
   </trkpt>
   <trkpt lat="43.1344020" lon="-4.0146460">
    <ele>434.1</ele>
    <time>2026-09-19T12:49:53Z</time>
   </trkpt>
   <trkpt lat="43.1344210" lon="-4.0147480">
    <ele>433.8</ele>
    <time>2026-09-19T12:49:54Z</time>
   </trkpt>
   <trkpt lat="43.1344370" lon="-4.0148560">
    <ele>433.6</ele>
    <time>2026-09-19T12:49:55Z</time>
   </trkpt>
   <trkpt lat="43.1344620" lon="-4.0149390">
    <ele>433.4</ele>
    <time>2026-09-19T12:49:56Z</time>
   </trkpt>
   <trkpt lat="43.1344840" lon="-4.0150360">
    <ele>433.3</ele>
    <time>2026-09-19T12:49:57Z</time>
   </trkpt>
   <trkpt lat="43.1345000" lon="-4.0151300">
    <ele>433.3</ele>
    <time>2026-09-19T12:49:58Z</time>
   </trkpt>
   <trkpt lat="43.1345170" lon="-4.0152010">
    <ele>433.3</ele>
    <time>2026-09-19T12:49:59Z</time>
   </trkpt>
   <trkpt lat="43.1345260" lon="-4.0152850">
    <ele>433.3</ele>
    <time>2026-09-19T12:50:00Z</time>
   </trkpt>
   <trkpt lat="43.1345310" lon="-4.0153930">
    <ele>433.4</ele>
    <time>2026-09-19T12:50:01Z</time>
   </trkpt>
   <trkpt lat="43.1345300" lon="-4.0154870">
    <ele>433.5</ele>
    <time>2026-09-19T12:50:02Z</time>
   </trkpt>
   <trkpt lat="43.1345250" lon="-4.0155730">
    <ele>433.6</ele>
    <time>2026-09-19T12:50:03Z</time>
   </trkpt>
   <trkpt lat="43.1345300" lon="-4.0156590">
    <ele>433.9</ele>
    <time>2026-09-19T12:50:04Z</time>
   </trkpt>
   <trkpt lat="43.1345380" lon="-4.0157450">
    <ele>434.1</ele>
    <time>2026-09-19T12:50:05Z</time>
   </trkpt>
   <trkpt lat="43.1345450" lon="-4.0158270">
    <ele>434.3</ele>
    <time>2026-09-19T12:50:06Z</time>
   </trkpt>
   <trkpt lat="43.1345550" lon="-4.0159240">
    <ele>434.6</ele>
    <time>2026-09-19T12:50:07Z</time>
   </trkpt>
   <trkpt lat="43.1345660" lon="-4.0160090">
    <ele>434.8</ele>
    <time>2026-09-19T12:50:08Z</time>
   </trkpt>
   <trkpt lat="43.1345770" lon="-4.0160970">
    <ele>434.9</ele>
    <time>2026-09-19T12:50:09Z</time>
   </trkpt>
   <trkpt lat="43.1345920" lon="-4.0161770">
    <ele>435.1</ele>
    <time>2026-09-19T12:50:10Z</time>
   </trkpt>
   <trkpt lat="43.1346020" lon="-4.0162530">
    <ele>435.2</ele>
    <time>2026-09-19T12:50:11Z</time>
   </trkpt>
   <trkpt lat="43.1346100" lon="-4.0163440">
    <ele>435.2</ele>
    <time>2026-09-19T12:50:12Z</time>
   </trkpt>
   <trkpt lat="43.1346300" lon="-4.0164250">
    <ele>435.2</ele>
    <time>2026-09-19T12:50:13Z</time>
   </trkpt>
   <trkpt lat="43.1346550" lon="-4.0165150">
    <ele>435.0</ele>
    <time>2026-09-19T12:50:14Z</time>
   </trkpt>
   <trkpt lat="43.1346900" lon="-4.0166160">
    <ele>434.8</ele>
    <time>2026-09-19T12:50:15Z</time>
   </trkpt>
   <trkpt lat="43.1347230" lon="-4.0166990">
    <ele>434.5</ele>
    <time>2026-09-19T12:50:16Z</time>
   </trkpt>
   <trkpt lat="43.1347600" lon="-4.0167940">
    <ele>434.1</ele>
    <time>2026-09-19T12:50:17Z</time>
   </trkpt>
   <trkpt lat="43.1347960" lon="-4.0168760">
    <ele>433.6</ele>
    <time>2026-09-19T12:50:18Z</time>
   </trkpt>
   <trkpt lat="43.1348350" lon="-4.0169620">
    <ele>433.2</ele>
    <time>2026-09-19T12:50:19Z</time>
   </trkpt>
   <trkpt lat="43.1348720" lon="-4.0170340">
    <ele>432.7</ele>
    <time>2026-09-19T12:50:20Z</time>
   </trkpt>
   <trkpt lat="43.1349150" lon="-4.0171180">
    <ele>432.3</ele>
    <time>2026-09-19T12:50:21Z</time>
   </trkpt>
   <trkpt lat="43.1349400" lon="-4.0172140">
    <ele>431.9</ele>
    <time>2026-09-19T12:50:22Z</time>
   </trkpt>
   <trkpt lat="43.1349640" lon="-4.0173100">
    <ele>431.5</ele>
    <time>2026-09-19T12:50:23Z</time>
   </trkpt>
   <trkpt lat="43.1349910" lon="-4.0174040">
    <ele>431.2</ele>
    <time>2026-09-19T12:50:24Z</time>
   </trkpt>
   <trkpt lat="43.1350130" lon="-4.0174940">
    <ele>430.9</ele>
    <time>2026-09-19T12:50:25Z</time>
   </trkpt>
   <trkpt lat="43.1350400" lon="-4.0175790">
    <ele>430.6</ele>
    <time>2026-09-19T12:50:26Z</time>
   </trkpt>
   <trkpt lat="43.1350700" lon="-4.0176710">
    <ele>430.3</ele>
    <time>2026-09-19T12:50:27Z</time>
   </trkpt>
   <trkpt lat="43.1351010" lon="-4.0177600">
    <ele>430.0</ele>
    <time>2026-09-19T12:50:28Z</time>
   </trkpt>
   <trkpt lat="43.1351370" lon="-4.0178470">
    <ele>429.8</ele>
    <time>2026-09-19T12:50:29Z</time>
   </trkpt>
   <trkpt lat="43.1351730" lon="-4.0179460">
    <ele>429.6</ele>
    <time>2026-09-19T12:50:30Z</time>
   </trkpt>
   <trkpt lat="43.1352060" lon="-4.0180410">
    <ele>429.5</ele>
    <time>2026-09-19T12:50:31Z</time>
   </trkpt>
   <trkpt lat="43.1352400" lon="-4.0181440">
    <ele>429.4</ele>
    <time>2026-09-19T12:50:32Z</time>
   </trkpt>
   <trkpt lat="43.1352810" lon="-4.0182530">
    <ele>429.4</ele>
    <time>2026-09-19T12:50:33Z</time>
   </trkpt>
   <trkpt lat="43.1353210" lon="-4.0183540">
    <ele>429.3</ele>
    <time>2026-09-19T12:50:34Z</time>
   </trkpt>
   <trkpt lat="43.1353590" lon="-4.0184560">
    <ele>429.3</ele>
    <time>2026-09-19T12:50:35Z</time>
   </trkpt>
   <trkpt lat="43.1353930" lon="-4.0185490">
    <ele>429.3</ele>
    <time>2026-09-19T12:50:36Z</time>
   </trkpt>
   <trkpt lat="43.1354210" lon="-4.0186530">
    <ele>429.3</ele>
    <time>2026-09-19T12:50:37Z</time>
   </trkpt>
   <trkpt lat="43.1354430" lon="-4.0187520">
    <ele>429.3</ele>
    <time>2026-09-19T12:50:38Z</time>
   </trkpt>
   <trkpt lat="43.1354530" lon="-4.0188480">
    <ele>429.1</ele>
    <time>2026-09-19T12:50:39Z</time>
   </trkpt>
   <trkpt lat="43.1354560" lon="-4.0189390">
    <ele>428.8</ele>
    <time>2026-09-19T12:50:40Z</time>
   </trkpt>
   <trkpt lat="43.1354550" lon="-4.0190320">
    <ele>428.3</ele>
    <time>2026-09-19T12:50:41Z</time>
   </trkpt>
   <trkpt lat="43.1354460" lon="-4.0191270">
    <ele>427.5</ele>
    <time>2026-09-19T12:50:42Z</time>
   </trkpt>
   <trkpt lat="43.1354350" lon="-4.0192270">
    <ele>426.6</ele>
    <time>2026-09-19T12:50:43Z</time>
   </trkpt>
   <trkpt lat="43.1354270" lon="-4.0193190">
    <ele>425.8</ele>
    <time>2026-09-19T12:50:44Z</time>
   </trkpt>
   <trkpt lat="43.1354210" lon="-4.0194270">
    <ele>424.8</ele>
    <time>2026-09-19T12:50:45Z</time>
   </trkpt>
   <trkpt lat="43.1354140" lon="-4.0195230">
    <ele>424.0</ele>
    <time>2026-09-19T12:50:46Z</time>
   </trkpt>
   <trkpt lat="43.1354020" lon="-4.0196260">
    <ele>423.1</ele>
    <time>2026-09-19T12:50:47Z</time>
   </trkpt>
   <trkpt lat="43.1354010" lon="-4.0197200">
    <ele>422.4</ele>
    <time>2026-09-19T12:50:48Z</time>
   </trkpt>
   <trkpt lat="43.1354080" lon="-4.0198200">
    <ele>421.6</ele>
    <time>2026-09-19T12:50:49Z</time>
   </trkpt>
   <trkpt lat="43.1354080" lon="-4.0199230">
    <ele>420.8</ele>
    <time>2026-09-19T12:50:50Z</time>
   </trkpt>
   <trkpt lat="43.1354010" lon="-4.0200290">
    <ele>420.0</ele>
    <time>2026-09-19T12:50:51Z</time>
   </trkpt>
   <trkpt lat="43.1353850" lon="-4.0201320">
    <ele>419.3</ele>
    <time>2026-09-19T12:50:52Z</time>
   </trkpt>
   <trkpt lat="43.1353630" lon="-4.0202290">
    <ele>418.6</ele>
    <time>2026-09-19T12:50:53Z</time>
   </trkpt>
   <trkpt lat="43.1353270" lon="-4.0203200">
    <ele>418.0</ele>
    <time>2026-09-19T12:50:54Z</time>
   </trkpt>
   <trkpt lat="43.1352930" lon="-4.0204110">
    <ele>417.3</ele>
    <time>2026-09-19T12:50:55Z</time>
   </trkpt>
   <trkpt lat="43.1352620" lon="-4.0204950">
    <ele>416.7</ele>
    <time>2026-09-19T12:50:56Z</time>
   </trkpt>
   <trkpt lat="43.1352310" lon="-4.0205730">
    <ele>416.1</ele>
    <time>2026-09-19T12:50:57Z</time>
   </trkpt>
   <trkpt lat="43.1352080" lon="-4.0206550">
    <ele>415.5</ele>
    <time>2026-09-19T12:50:58Z</time>
   </trkpt>
   <trkpt lat="43.1351790" lon="-4.0207360">
    <ele>415.0</ele>
    <time>2026-09-19T12:50:59Z</time>
   </trkpt>
   <trkpt lat="43.1351540" lon="-4.0208140">
    <ele>414.6</ele>
    <time>2026-09-19T12:51:00Z</time>
   </trkpt>
   <trkpt lat="43.1351310" lon="-4.0208880">
    <ele>414.2</ele>
    <time>2026-09-19T12:51:01Z</time>
   </trkpt>
   <trkpt lat="43.1351040" lon="-4.0209620">
    <ele>413.8</ele>
    <time>2026-09-19T12:51:02Z</time>
   </trkpt>
   <trkpt lat="43.1350800" lon="-4.0210300">
    <ele>413.5</ele>
    <time>2026-09-19T12:51:03Z</time>
   </trkpt>
   <trkpt lat="43.1350590" lon="-4.0211030">
    <ele>413.2</ele>
    <time>2026-09-19T12:51:04Z</time>
   </trkpt>
   <trkpt lat="43.1350320" lon="-4.0211940">
    <ele>412.8</ele>
    <time>2026-09-19T12:51:05Z</time>
   </trkpt>
   <trkpt lat="43.1350060" lon="-4.0212740">
    <ele>412.4</ele>
    <time>2026-09-19T12:51:06Z</time>
   </trkpt>
   <trkpt lat="43.1349660" lon="-4.0213510">
    <ele>412.1</ele>
    <time>2026-09-19T12:51:07Z</time>
   </trkpt>
   <trkpt lat="43.1349330" lon="-4.0214220">
    <ele>411.8</ele>
    <time>2026-09-19T12:51:08Z</time>
   </trkpt>
   <trkpt lat="43.1349110" lon="-4.0215120">
    <ele>411.5</ele>
    <time>2026-09-19T12:51:09Z</time>
   </trkpt>
   <trkpt lat="43.1348980" lon="-4.0216050">
    <ele>411.1</ele>
    <time>2026-09-19T12:51:10Z</time>
   </trkpt>
   <trkpt lat="43.1349020" lon="-4.0216900">
    <ele>410.8</ele>
    <time>2026-09-19T12:51:11Z</time>
   </trkpt>
   <trkpt lat="43.1349200" lon="-4.0217800">
    <ele>410.2</ele>
    <time>2026-09-19T12:51:12Z</time>
   </trkpt>
   <trkpt lat="43.1349380" lon="-4.0218720">
    <ele>409.6</ele>
    <time>2026-09-19T12:51:13Z</time>
   </trkpt>
   <trkpt lat="43.1349480" lon="-4.0219640">
    <ele>408.9</ele>
    <time>2026-09-19T12:51:14Z</time>
   </trkpt>
   <trkpt lat="43.1349600" lon="-4.0220590">
    <ele>408.0</ele>
    <time>2026-09-19T12:51:15Z</time>
   </trkpt>
   <trkpt lat="43.1349640" lon="-4.0221500">
    <ele>407.3</ele>
    <time>2026-09-19T12:51:16Z</time>
   </trkpt>
   <trkpt lat="43.1349840" lon="-4.0222400">
    <ele>406.5</ele>
    <time>2026-09-19T12:51:17Z</time>
   </trkpt>
   <trkpt lat="43.1349990" lon="-4.0223310">
    <ele>405.8</ele>
    <time>2026-09-19T12:51:18Z</time>
   </trkpt>
   <trkpt lat="43.1350050" lon="-4.0224200">
    <ele>405.0</ele>
    <time>2026-09-19T12:51:19Z</time>
   </trkpt>
   <trkpt lat="43.1350100" lon="-4.0225070">
    <ele>404.3</ele>
    <time>2026-09-19T12:51:20Z</time>
   </trkpt>
   <trkpt lat="43.1350150" lon="-4.0226100">
    <ele>403.3</ele>
    <time>2026-09-19T12:51:21Z</time>
   </trkpt>
   <trkpt lat="43.1350210" lon="-4.0227220">
    <ele>402.3</ele>
    <time>2026-09-19T12:51:22Z</time>
   </trkpt>
   <trkpt lat="43.1350200" lon="-4.0228250">
    <ele>401.3</ele>
    <time>2026-09-19T12:51:23Z</time>
   </trkpt>
   <trkpt lat="43.1350210" lon="-4.0229240">
    <ele>400.3</ele>
    <time>2026-09-19T12:51:24Z</time>
   </trkpt>
   <trkpt lat="43.1350180" lon="-4.0230120">
    <ele>399.5</ele>
    <time>2026-09-19T12:51:25Z</time>
   </trkpt>
   <trkpt lat="43.1350100" lon="-4.0231060">
    <ele>398.6</ele>
    <time>2026-09-19T12:51:26Z</time>
   </trkpt>
   <trkpt lat="43.1350010" lon="-4.0231960">
    <ele>397.9</ele>
    <time>2026-09-19T12:51:27Z</time>
   </trkpt>
   <trkpt lat="43.1349910" lon="-4.0232790">
    <ele>397.2</ele>
    <time>2026-09-19T12:51:28Z</time>
   </trkpt>
   <trkpt lat="43.1349740" lon="-4.0233680">
    <ele>396.5</ele>
    <time>2026-09-19T12:51:29Z</time>
   </trkpt>
   <trkpt lat="43.1349630" lon="-4.0234470">
    <ele>395.9</ele>
    <time>2026-09-19T12:51:30Z</time>
   </trkpt>
   <trkpt lat="43.1349460" lon="-4.0235340">
    <ele>395.2</ele>
    <time>2026-09-19T12:51:31Z</time>
   </trkpt>
   <trkpt lat="43.1349310" lon="-4.0236180">
    <ele>394.5</ele>
    <time>2026-09-19T12:51:32Z</time>
   </trkpt>
   <trkpt lat="43.1349160" lon="-4.0236990">
    <ele>393.8</ele>
    <time>2026-09-19T12:51:33Z</time>
   </trkpt>
   <trkpt lat="43.1349030" lon="-4.0237810">
    <ele>393.1</ele>
    <time>2026-09-19T12:51:34Z</time>
   </trkpt>
   <trkpt lat="43.1348950" lon="-4.0238590">
    <ele>392.4</ele>
    <time>2026-09-19T12:51:35Z</time>
   </trkpt>
   <trkpt lat="43.1348870" lon="-4.0239430">
    <ele>391.7</ele>
    <time>2026-09-19T12:51:36Z</time>
   </trkpt>
   <trkpt lat="43.1348830" lon="-4.0240180">
    <ele>391.1</ele>
    <time>2026-09-19T12:51:37Z</time>
   </trkpt>
   <trkpt lat="43.1348820" lon="-4.0240930">
    <ele>390.5</ele>
    <time>2026-09-19T12:51:38Z</time>
   </trkpt>
   <trkpt lat="43.1348920" lon="-4.0241560">
    <ele>390.1</ele>
    <time>2026-09-19T12:51:39Z</time>
   </trkpt>
   <trkpt lat="43.1348980" lon="-4.0242260">
    <ele>389.6</ele>
    <time>2026-09-19T12:51:40Z</time>
   </trkpt>
   <trkpt lat="43.1349030" lon="-4.0242890">
    <ele>389.2</ele>
    <time>2026-09-19T12:51:41Z</time>
   </trkpt>
   <trkpt lat="43.1349170" lon="-4.0243340">
    <ele>388.9</ele>
    <time>2026-09-19T12:51:42Z</time>
   </trkpt>
   <trkpt lat="43.1349440" lon="-4.0243810">
    <ele>388.5</ele>
    <time>2026-09-19T12:51:43Z</time>
   </trkpt>
   <trkpt lat="43.1349730" lon="-4.0244250">
    <ele>388.1</ele>
    <time>2026-09-19T12:51:44Z</time>
   </trkpt>
   <trkpt lat="43.1350100" lon="-4.0244570">
    <ele>387.5</ele>
    <time>2026-09-19T12:51:45Z</time>
   </trkpt>
   <trkpt lat="43.1350620" lon="-4.0244720">
    <ele>386.8</ele>
    <time>2026-09-19T12:51:46Z</time>
   </trkpt>
   <trkpt lat="43.1351170" lon="-4.0244720">
    <ele>386.2</ele>
    <time>2026-09-19T12:51:47Z</time>
   </trkpt>
   <trkpt lat="43.1351750" lon="-4.0244770">
    <ele>385.5</ele>
    <time>2026-09-19T12:51:48Z</time>
   </trkpt>
   <trkpt lat="43.1352480" lon="-4.0244940">
    <ele>384.7</ele>
    <time>2026-09-19T12:51:49Z</time>
   </trkpt>
   <trkpt lat="43.1353030" lon="-4.0245380">
    <ele>384.0</ele>
    <time>2026-09-19T12:51:50Z</time>
   </trkpt>
   <trkpt lat="43.1353660" lon="-4.0245770">
    <ele>383.2</ele>
    <time>2026-09-19T12:51:51Z</time>
   </trkpt>
   <trkpt lat="43.1354220" lon="-4.0246220">
    <ele>382.6</ele>
    <time>2026-09-19T12:51:52Z</time>
   </trkpt>
   <trkpt lat="43.1354810" lon="-4.0246720">
    <ele>382.0</ele>
    <time>2026-09-19T12:51:53Z</time>
   </trkpt>
   <trkpt lat="43.1355330" lon="-4.0247180">
    <ele>381.5</ele>
    <time>2026-09-19T12:51:54Z</time>
   </trkpt>
   <trkpt lat="43.1355860" lon="-4.0247670">
    <ele>381.1</ele>
    <time>2026-09-19T12:51:55Z</time>
   </trkpt>
   <trkpt lat="43.1356380" lon="-4.0248090">
    <ele>380.7</ele>
    <time>2026-09-19T12:51:56Z</time>
   </trkpt>
   <trkpt lat="43.1356860" lon="-4.0248440">
    <ele>380.3</ele>
    <time>2026-09-19T12:51:57Z</time>
   </trkpt>
   <trkpt lat="43.1357350" lon="-4.0248750">
    <ele>380.0</ele>
    <time>2026-09-19T12:51:58Z</time>
   </trkpt>
   <trkpt lat="43.1357750" lon="-4.0249120">
    <ele>379.7</ele>
    <time>2026-09-19T12:51:59Z</time>
   </trkpt>
   <trkpt lat="43.1358150" lon="-4.0249530">
    <ele>379.4</ele>
    <time>2026-09-19T12:52:00Z</time>
   </trkpt>
   <trkpt lat="43.1358480" lon="-4.0250010">
    <ele>379.1</ele>
    <time>2026-09-19T12:52:01Z</time>
   </trkpt>
   <trkpt lat="43.1358830" lon="-4.0250510">
    <ele>378.9</ele>
    <time>2026-09-19T12:52:02Z</time>
   </trkpt>
   <trkpt lat="43.1359180" lon="-4.0250970">
    <ele>378.6</ele>
    <time>2026-09-19T12:52:03Z</time>
   </trkpt>
   <trkpt lat="43.1359540" lon="-4.0251310">
    <ele>378.4</ele>
    <time>2026-09-19T12:52:04Z</time>
   </trkpt>
   <trkpt lat="43.1359950" lon="-4.0251650">
    <ele>378.1</ele>
    <time>2026-09-19T12:52:05Z</time>
   </trkpt>
   <trkpt lat="43.1360370" lon="-4.0251900">
    <ele>377.7</ele>
    <time>2026-09-19T12:52:06Z</time>
   </trkpt>
   <trkpt lat="43.1360750" lon="-4.0252210">
    <ele>377.1</ele>
    <time>2026-09-19T12:52:07Z</time>
   </trkpt>
   <trkpt lat="43.1361060" lon="-4.0252640">
    <ele>376.6</ele>
    <time>2026-09-19T12:52:08Z</time>
   </trkpt>
   <trkpt lat="43.1361230" lon="-4.0253200">
    <ele>376.0</ele>
    <time>2026-09-19T12:52:09Z</time>
   </trkpt>
   <trkpt lat="43.1361400" lon="-4.0253730">
    <ele>375.6</ele>
    <time>2026-09-19T12:52:10Z</time>
   </trkpt>
   <trkpt lat="43.1361420" lon="-4.0254100">
    <ele>375.3</ele>
    <time>2026-09-19T12:52:11Z</time>
   </trkpt>
   <trkpt lat="43.1361240" lon="-4.0254460">
    <ele>375.0</ele>
    <time>2026-09-19T12:52:12Z</time>
   </trkpt>
   <trkpt lat="43.1361060" lon="-4.0255030">
    <ele>374.6</ele>
    <time>2026-09-19T12:52:13Z</time>
   </trkpt>
   <trkpt lat="43.1360910" lon="-4.0255760">
    <ele>374.1</ele>
    <time>2026-09-19T12:52:14Z</time>
   </trkpt>
   <trkpt lat="43.1360660" lon="-4.0256390">
    <ele>373.7</ele>
    <time>2026-09-19T12:52:15Z</time>
   </trkpt>
   <trkpt lat="43.1360360" lon="-4.0257010">
    <ele>373.3</ele>
    <time>2026-09-19T12:52:16Z</time>
   </trkpt>
   <trkpt lat="43.1360100" lon="-4.0257610">
    <ele>372.9</ele>
    <time>2026-09-19T12:52:17Z</time>
   </trkpt>
   <trkpt lat="43.1360030" lon="-4.0258060">
    <ele>372.7</ele>
    <time>2026-09-19T12:52:18Z</time>
   </trkpt>
   <trkpt lat="43.1360080" lon="-4.0258590">
    <ele>372.7</ele>
    <time>2026-09-19T12:52:19Z</time>
   </trkpt>
   <trkpt lat="43.1360240" lon="-4.0258890">
    <ele>372.7</ele>
    <time>2026-09-19T12:52:20Z</time>
   </trkpt>
   <trkpt lat="43.1360450" lon="-4.0259120">
    <ele>372.7</ele>
    <time>2026-09-19T12:52:21Z</time>
   </trkpt>
   <trkpt lat="43.1360660" lon="-4.0259230">
    <ele>372.7</ele>
    <time>2026-09-19T12:52:22Z</time>
   </trkpt>
   <trkpt lat="43.1360800" lon="-4.0259270">
    <ele>372.7</ele>
    <time>2026-09-19T12:52:23Z</time>
   </trkpt>
   <trkpt lat="43.1360880" lon="-4.0259340">
    <ele>372.7</ele>
    <time>2026-09-19T12:52:24Z</time>
   </trkpt>
   <trkpt lat="43.1360910" lon="-4.0259410">
    <ele>372.7</ele>
    <time>2026-09-19T12:52:25Z</time>
   </trkpt>
   <trkpt lat="43.1360920" lon="-4.0259460">
    <ele>372.7</ele>
    <time>2026-09-19T12:52:26Z</time>
   </trkpt>
   <trkpt lat="43.1360910" lon="-4.0259510">
    <ele>372.7</ele>
    <time>2026-09-19T12:52:27Z</time>
   </trkpt>
   <trkpt lat="43.1360930" lon="-4.0259520">
    <ele>372.7</ele>
    <time>2026-09-19T12:52:28Z</time>
   </trkpt>
   <trkpt lat="43.1360940" lon="-4.0259510">
    <ele>372.7</ele>
    <time>2026-09-19T12:52:29Z</time>
   </trkpt>
   <trkpt lat="43.1360920" lon="-4.0259540">
    <ele>372.7</ele>
    <time>2026-09-19T12:52:30Z</time>
   </trkpt>
   <trkpt lat="43.1360940" lon="-4.0259550">
    <ele>372.7</ele>
    <time>2026-09-19T12:52:31Z</time>
   </trkpt>
   <trkpt lat="43.1360940" lon="-4.0259560">
    <ele>372.7</ele>
    <time>2026-09-19T12:52:32Z</time>
   </trkpt>
   <trkpt lat="43.1360930" lon="-4.0259560">
    <ele>372.7</ele>
    <time>2026-09-19T12:52:33Z</time>
   </trkpt>
   <trkpt lat="43.1360920" lon="-4.0259570">
    <ele>372.7</ele>
    <time>2026-09-19T12:52:34Z</time>
   </trkpt>
   <trkpt lat="43.1360920" lon="-4.0259580">
    <ele>372.7</ele>
    <time>2026-09-19T12:52:35Z</time>
   </trkpt>
   <trkpt lat="43.1360660" lon="-4.0259600">
    <ele>372.7</ele>
    <time>2026-09-19T12:52:46Z</time>
   </trkpt>
   <trkpt lat="43.1360610" lon="-4.0259570">
    <ele>372.7</ele>
    <time>2026-09-19T12:52:47Z</time>
   </trkpt>
   <trkpt lat="43.1360610" lon="-4.0259560">
    <ele>372.7</ele>
    <time>2026-09-19T12:52:48Z</time>
   </trkpt>
   <trkpt lat="43.1360550" lon="-4.0259430">
    <ele>372.7</ele>
    <time>2026-09-19T12:52:49Z</time>
   </trkpt>
   <trkpt lat="43.1360460" lon="-4.0259370">
    <ele>372.7</ele>
    <time>2026-09-19T12:52:50Z</time>
   </trkpt>
   <trkpt lat="43.1360400" lon="-4.0259340">
    <ele>372.7</ele>
    <time>2026-09-19T12:52:51Z</time>
   </trkpt>
   <trkpt lat="43.1360430" lon="-4.0259260">
    <ele>372.7</ele>
    <time>2026-09-19T12:52:52Z</time>
   </trkpt>
   <trkpt lat="43.1360450" lon="-4.0259210">
    <ele>372.7</ele>
    <time>2026-09-19T12:52:53Z</time>
   </trkpt>
   <trkpt lat="43.1360430" lon="-4.0259080">
    <ele>372.7</ele>
    <time>2026-09-19T12:52:54Z</time>
   </trkpt>
   <trkpt lat="43.1360390" lon="-4.0259030">
    <ele>372.7</ele>
    <time>2026-09-19T12:52:55Z</time>
   </trkpt>
   <trkpt lat="43.1360410" lon="-4.0258980">
    <ele>372.7</ele>
    <time>2026-09-19T12:52:56Z</time>
   </trkpt>
   <trkpt lat="43.1360400" lon="-4.0259000">
    <ele>372.7</ele>
    <time>2026-09-19T12:52:57Z</time>
   </trkpt>
   <trkpt lat="43.1360380" lon="-4.0258990">
    <ele>372.7</ele>
    <time>2026-09-19T12:52:58Z</time>
   </trkpt>
   <trkpt lat="43.1360410" lon="-4.0259000">
    <ele>372.7</ele>
    <time>2026-09-19T12:52:59Z</time>
   </trkpt>
   <trkpt lat="43.1360420" lon="-4.0259050">
    <ele>372.7</ele>
    <time>2026-09-19T12:53:00Z</time>
   </trkpt>
   <trkpt lat="43.1360410" lon="-4.0259100">
    <ele>372.7</ele>
    <time>2026-09-19T12:53:01Z</time>
   </trkpt>
   <trkpt lat="43.1360410" lon="-4.0259150">
    <ele>372.7</ele>
    <time>2026-09-19T12:53:02Z</time>
   </trkpt>
   <trkpt lat="43.1360420" lon="-4.0259170">
    <ele>372.7</ele>
    <time>2026-09-19T12:53:03Z</time>
   </trkpt>
   <trkpt lat="43.1360440" lon="-4.0259190">
    <ele>372.7</ele>
    <time>2026-09-19T12:53:04Z</time>
   </trkpt>
   <trkpt lat="43.1360530" lon="-4.0259290">
    <ele>372.7</ele>
    <time>2026-09-19T12:53:05Z</time>
   </trkpt>
   <trkpt lat="43.1360620" lon="-4.0259380">
    <ele>372.7</ele>
    <time>2026-09-19T12:53:06Z</time>
   </trkpt>
   <trkpt lat="43.1360690" lon="-4.0259480">
    <ele>372.7</ele>
    <time>2026-09-19T12:53:07Z</time>
   </trkpt>
   <trkpt lat="43.1360740" lon="-4.0259560">
    <ele>372.7</ele>
    <time>2026-09-19T12:53:08Z</time>
   </trkpt>
   <trkpt lat="43.1360800" lon="-4.0259640">
    <ele>372.7</ele>
    <time>2026-09-19T12:53:09Z</time>
   </trkpt>
   <trkpt lat="43.1360850" lon="-4.0259650">
    <ele>372.7</ele>
    <time>2026-09-19T12:53:10Z</time>
   </trkpt>
   <trkpt lat="43.1360870" lon="-4.0259650">
    <ele>372.7</ele>
    <time>2026-09-19T12:53:11Z</time>
   </trkpt>
   <trkpt lat="43.1360880" lon="-4.0259650">
    <ele>372.7</ele>
    <time>2026-09-19T12:53:12Z</time>
   </trkpt>
   <trkpt lat="43.1360880" lon="-4.0259640">
    <ele>372.7</ele>
    <time>2026-09-19T12:53:13Z</time>
   </trkpt>
   <trkpt lat="43.1360890" lon="-4.0259620">
    <ele>372.7</ele>
    <time>2026-09-19T12:53:14Z</time>
   </trkpt>
   <trkpt lat="43.1360840" lon="-4.0259550">
    <ele>372.7</ele>
    <time>2026-09-19T12:53:15Z</time>
   </trkpt>
   <trkpt lat="43.1360790" lon="-4.0259450">
    <ele>372.7</ele>
    <time>2026-09-19T12:53:16Z</time>
   </trkpt>
   <trkpt lat="43.1360670" lon="-4.0259350">
    <ele>372.7</ele>
    <time>2026-09-19T12:53:17Z</time>
   </trkpt>
   <trkpt lat="43.1360580" lon="-4.0259240">
    <ele>372.7</ele>
    <time>2026-09-19T12:53:18Z</time>
   </trkpt>
   <trkpt lat="43.1360510" lon="-4.0259150">
    <ele>372.7</ele>
    <time>2026-09-19T12:53:19Z</time>
   </trkpt>
   <trkpt lat="43.1360450" lon="-4.0259080">
    <ele>372.7</ele>
    <time>2026-09-19T12:53:20Z</time>
   </trkpt>
   <trkpt lat="43.1360420" lon="-4.0258990">
    <ele>372.7</ele>
    <time>2026-09-19T12:53:21Z</time>
   </trkpt>
   <trkpt lat="43.1360400" lon="-4.0258940">
    <ele>372.7</ele>
    <time>2026-09-19T12:53:22Z</time>
   </trkpt>
   <trkpt lat="43.1360410" lon="-4.0258890">
    <ele>372.7</ele>
    <time>2026-09-19T12:53:23Z</time>
   </trkpt>
   <trkpt lat="43.1360450" lon="-4.0258880">
    <ele>372.7</ele>
    <time>2026-09-19T12:53:24Z</time>
   </trkpt>
   <trkpt lat="43.1360520" lon="-4.0258910">
    <ele>372.7</ele>
    <time>2026-09-19T12:53:25Z</time>
   </trkpt>
   <trkpt lat="43.1360570" lon="-4.0258940">
    <ele>372.7</ele>
    <time>2026-09-19T12:53:26Z</time>
   </trkpt>
   <trkpt lat="43.1360600" lon="-4.0258930">
    <ele>372.7</ele>
    <time>2026-09-19T12:53:27Z</time>
   </trkpt>
   <trkpt lat="43.1360600" lon="-4.0258910">
    <ele>372.7</ele>
    <time>2026-09-19T12:53:28Z</time>
   </trkpt>
   <trkpt lat="43.1360600" lon="-4.0258880">
    <ele>372.7</ele>
    <time>2026-09-19T12:53:29Z</time>
   </trkpt>
   <trkpt lat="43.1360630" lon="-4.0258830">
    <ele>372.7</ele>
    <time>2026-09-19T12:53:30Z</time>
   </trkpt>
   <trkpt lat="43.1360610" lon="-4.0258760">
    <ele>372.7</ele>
    <time>2026-09-19T12:53:31Z</time>
   </trkpt>
   <trkpt lat="43.1360590" lon="-4.0258620">
    <ele>372.6</ele>
    <time>2026-09-19T12:53:32Z</time>
   </trkpt>
   <trkpt lat="43.1360540" lon="-4.0258490">
    <ele>372.6</ele>
    <time>2026-09-19T12:53:33Z</time>
   </trkpt>
   <trkpt lat="43.1360530" lon="-4.0258400">
    <ele>372.6</ele>
    <time>2026-09-19T12:53:34Z</time>
   </trkpt>
   <trkpt lat="43.1360510" lon="-4.0258310">
    <ele>372.6</ele>
    <time>2026-09-19T12:53:35Z</time>
   </trkpt>
   <trkpt lat="43.1360510" lon="-4.0258230">
    <ele>372.6</ele>
    <time>2026-09-19T12:53:36Z</time>
   </trkpt>
   <trkpt lat="43.1360520" lon="-4.0258240">
    <ele>372.6</ele>
    <time>2026-09-19T12:53:37Z</time>
   </trkpt>
   <trkpt lat="43.1360520" lon="-4.0258270">
    <ele>372.6</ele>
    <time>2026-09-19T12:53:38Z</time>
   </trkpt>
   <trkpt lat="43.1360520" lon="-4.0258290">
    <ele>372.6</ele>
    <time>2026-09-19T12:53:39Z</time>
   </trkpt>
   <trkpt lat="43.1360530" lon="-4.0258300">
    <ele>372.6</ele>
    <time>2026-09-19T12:53:40Z</time>
   </trkpt>
   <trkpt lat="43.1360540" lon="-4.0258300">
    <ele>372.6</ele>
    <time>2026-09-19T12:53:41Z</time>
   </trkpt>
   <trkpt lat="43.1360560" lon="-4.0258280">
    <ele>372.6</ele>
    <time>2026-09-19T12:53:42Z</time>
   </trkpt>
   <trkpt lat="43.1360560" lon="-4.0258280">
    <ele>372.6</ele>
    <time>2026-09-19T12:53:43Z</time>
   </trkpt>
   <trkpt lat="43.1360560" lon="-4.0258290">
    <ele>372.6</ele>
    <time>2026-09-19T12:53:44Z</time>
   </trkpt>
   <trkpt lat="43.1360560" lon="-4.0258320">
    <ele>372.6</ele>
    <time>2026-09-19T12:53:45Z</time>
   </trkpt>
   <trkpt lat="43.1360550" lon="-4.0258360">
    <ele>372.6</ele>
    <time>2026-09-19T12:53:46Z</time>
   </trkpt>
   <trkpt lat="43.1360560" lon="-4.0258380">
    <ele>372.6</ele>
    <time>2026-09-19T12:53:47Z</time>
   </trkpt>
   <trkpt lat="43.1360550" lon="-4.0258390">
    <ele>372.6</ele>
    <time>2026-09-19T12:53:48Z</time>
   </trkpt>
   <trkpt lat="43.1360550" lon="-4.0258370">
    <ele>372.6</ele>
    <time>2026-09-19T12:53:49Z</time>
   </trkpt>
   <trkpt lat="43.1360560" lon="-4.0258370">
    <ele>372.6</ele>
    <time>2026-09-19T12:53:50Z</time>
   </trkpt>
   <trkpt lat="43.1360560" lon="-4.0258360">
    <ele>372.6</ele>
    <time>2026-09-19T12:53:51Z</time>
   </trkpt>
   <trkpt lat="43.1360570" lon="-4.0258350">
    <ele>372.6</ele>
    <time>2026-09-19T12:53:52Z</time>
   </trkpt>
   <trkpt lat="43.1360580" lon="-4.0258350">
    <ele>372.6</ele>
    <time>2026-09-19T12:53:53Z</time>
   </trkpt>
   <trkpt lat="43.1360580" lon="-4.0258350">
    <ele>372.6</ele>
    <time>2026-09-19T12:53:54Z</time>
   </trkpt>
   <trkpt lat="43.1360580" lon="-4.0258350">
    <ele>372.6</ele>
    <time>2026-09-19T12:53:55Z</time>
   </trkpt>
   <trkpt lat="43.1360590" lon="-4.0258330">
    <ele>372.6</ele>
    <time>2026-09-19T12:53:56Z</time>
   </trkpt>
   <trkpt lat="43.1360820" lon="-4.0258310">
    <ele>372.6</ele>
    <time>2026-09-19T12:54:19Z</time>
   </trkpt>
   <trkpt lat="43.1360870" lon="-4.0258280">
    <ele>372.6</ele>
    <time>2026-09-19T12:54:20Z</time>
   </trkpt>
   <trkpt lat="43.1360900" lon="-4.0258270">
    <ele>372.6</ele>
    <time>2026-09-19T12:54:21Z</time>
   </trkpt>
   <trkpt lat="43.1360960" lon="-4.0258250">
    <ele>372.6</ele>
    <time>2026-09-19T12:54:22Z</time>
   </trkpt>
   <trkpt lat="43.1360970" lon="-4.0258270">
    <ele>372.6</ele>
    <time>2026-09-19T12:54:23Z</time>
   </trkpt>
   <trkpt lat="43.1360960" lon="-4.0258290">
    <ele>372.6</ele>
    <time>2026-09-19T12:54:24Z</time>
   </trkpt>
   <trkpt lat="43.1360950" lon="-4.0258330">
    <ele>372.6</ele>
    <time>2026-09-19T12:54:25Z</time>
   </trkpt>
   <trkpt lat="43.1360950" lon="-4.0258360">
    <ele>372.6</ele>
    <time>2026-09-19T12:54:26Z</time>
   </trkpt>
   <trkpt lat="43.1360590" lon="-4.0258500">
    <ele>372.6</ele>
    <time>2026-09-19T12:54:28Z</time>
   </trkpt>
   <trkpt lat="43.1360520" lon="-4.0258540">
    <ele>372.6</ele>
    <time>2026-09-19T12:54:29Z</time>
   </trkpt>
   <trkpt lat="43.1360520" lon="-4.0258560">
    <ele>372.6</ele>
    <time>2026-09-19T12:54:30Z</time>
   </trkpt>
   <trkpt lat="43.1360540" lon="-4.0258590">
    <ele>372.6</ele>
    <time>2026-09-19T12:54:31Z</time>
   </trkpt>
   <trkpt lat="43.1360570" lon="-4.0258610">
    <ele>372.6</ele>
    <time>2026-09-19T12:54:32Z</time>
   </trkpt>
   <trkpt lat="43.1360610" lon="-4.0258650">
    <ele>372.6</ele>
    <time>2026-09-19T12:54:33Z</time>
   </trkpt>
   <trkpt lat="43.1360640" lon="-4.0258680">
    <ele>372.6</ele>
    <time>2026-09-19T12:54:34Z</time>
   </trkpt>
   <trkpt lat="43.1360660" lon="-4.0258710">
    <ele>372.6</ele>
    <time>2026-09-19T12:54:35Z</time>
   </trkpt>
   <trkpt lat="43.1360690" lon="-4.0258480">
    <ele>372.6</ele>
    <time>2026-09-19T13:14:31Z</time>
   </trkpt>
   <trkpt lat="43.1360620" lon="-4.0258470">
    <ele>372.6</ele>
    <time>2026-09-19T13:14:32Z</time>
   </trkpt>
   <trkpt lat="43.1360600" lon="-4.0258470">
    <ele>372.6</ele>
    <time>2026-09-19T13:14:33Z</time>
   </trkpt>
   <trkpt lat="43.1360580" lon="-4.0258480">
    <ele>372.6</ele>
    <time>2026-09-19T13:14:34Z</time>
   </trkpt>
   <trkpt lat="43.1360570" lon="-4.0258480">
    <ele>372.6</ele>
    <time>2026-09-19T13:14:35Z</time>
   </trkpt>
   <trkpt lat="43.1360560" lon="-4.0258460">
    <ele>372.6</ele>
    <time>2026-09-19T13:14:36Z</time>
   </trkpt>
   <trkpt lat="43.1360490" lon="-4.0258480">
    <ele>372.6</ele>
    <time>2026-09-19T13:14:37Z</time>
   </trkpt>
   <trkpt lat="43.1360470" lon="-4.0258480">
    <ele>372.6</ele>
    <time>2026-09-19T13:14:38Z</time>
   </trkpt>
   <trkpt lat="43.1360470" lon="-4.0258480">
    <ele>372.6</ele>
    <time>2026-09-19T13:14:39Z</time>
   </trkpt>
   <trkpt lat="43.1360460" lon="-4.0258480">
    <ele>372.6</ele>
    <time>2026-09-19T13:14:40Z</time>
   </trkpt>
   <trkpt lat="43.1360460" lon="-4.0258470">
    <ele>372.6</ele>
    <time>2026-09-19T13:14:41Z</time>
   </trkpt>
   <trkpt lat="43.1360450" lon="-4.0258480">
    <ele>372.6</ele>
    <time>2026-09-19T13:14:42Z</time>
   </trkpt>
   <trkpt lat="43.1360420" lon="-4.0258490">
    <ele>372.6</ele>
    <time>2026-09-19T13:14:43Z</time>
   </trkpt>
   <trkpt lat="43.1360410" lon="-4.0258500">
    <ele>372.6</ele>
    <time>2026-09-19T13:14:44Z</time>
   </trkpt>
   <trkpt lat="43.1360410" lon="-4.0258510">
    <ele>372.6</ele>
    <time>2026-09-19T13:14:45Z</time>
   </trkpt>
   <trkpt lat="43.1360410" lon="-4.0258510">
    <ele>372.6</ele>
    <time>2026-09-19T13:14:46Z</time>
   </trkpt>
   <trkpt lat="43.1360410" lon="-4.0258500">
    <ele>372.6</ele>
    <time>2026-09-19T13:14:47Z</time>
   </trkpt>
   <trkpt lat="43.1360410" lon="-4.0258500">
    <ele>372.6</ele>
    <time>2026-09-19T13:14:48Z</time>
   </trkpt>
   <trkpt lat="43.1360410" lon="-4.0258490">
    <ele>372.6</ele>
    <time>2026-09-19T13:14:49Z</time>
   </trkpt>
   <trkpt lat="43.1360390" lon="-4.0258500">
    <ele>372.6</ele>
    <time>2026-09-19T13:14:50Z</time>
   </trkpt>
   <trkpt lat="43.1360380" lon="-4.0258510">
    <ele>372.6</ele>
    <time>2026-09-19T13:14:51Z</time>
   </trkpt>
   <trkpt lat="43.1360380" lon="-4.0258520">
    <ele>372.6</ele>
    <time>2026-09-19T13:14:52Z</time>
   </trkpt>
   <trkpt lat="43.1360380" lon="-4.0258520">
    <ele>372.6</ele>
    <time>2026-09-19T13:14:53Z</time>
   </trkpt>
   <trkpt lat="43.1360380" lon="-4.0258530">
    <ele>372.6</ele>
    <time>2026-09-19T13:14:54Z</time>
   </trkpt>
   <trkpt lat="43.1360380" lon="-4.0258530">
    <ele>372.6</ele>
    <time>2026-09-19T13:14:55Z</time>
   </trkpt>
   <trkpt lat="43.1360360" lon="-4.0258550">
    <ele>372.6</ele>
    <time>2026-09-19T13:14:56Z</time>
   </trkpt>
   <trkpt lat="43.1360350" lon="-4.0258550">
    <ele>372.6</ele>
    <time>2026-09-19T13:14:57Z</time>
   </trkpt>
   <trkpt lat="43.1360350" lon="-4.0258540">
    <ele>372.6</ele>
    <time>2026-09-19T13:14:58Z</time>
   </trkpt>
   <trkpt lat="43.1360360" lon="-4.0258530">
    <ele>372.6</ele>
    <time>2026-09-19T13:14:59Z</time>
   </trkpt>
   <trkpt lat="43.1360360" lon="-4.0258530">
    <ele>372.6</ele>
    <time>2026-09-19T13:15:00Z</time>
   </trkpt>
   <trkpt lat="43.1360370" lon="-4.0258540">
    <ele>372.6</ele>
    <time>2026-09-19T13:15:01Z</time>
   </trkpt>
   <trkpt lat="43.1360370" lon="-4.0258540">
    <ele>372.6</ele>
    <time>2026-09-19T13:15:02Z</time>
   </trkpt>
   <trkpt lat="43.1360360" lon="-4.0258550">
    <ele>372.6</ele>
    <time>2026-09-19T13:15:03Z</time>
   </trkpt>
   <trkpt lat="43.1360350" lon="-4.0258550">
    <ele>372.6</ele>
    <time>2026-09-19T13:15:04Z</time>
   </trkpt>
   <trkpt lat="43.1360350" lon="-4.0258550">
    <ele>372.6</ele>
    <time>2026-09-19T13:15:05Z</time>
   </trkpt>
   <trkpt lat="43.1360360" lon="-4.0258550">
    <ele>372.6</ele>
    <time>2026-09-19T13:15:06Z</time>
   </trkpt>
   <trkpt lat="43.1360350" lon="-4.0258530">
    <ele>372.6</ele>
    <time>2026-09-19T13:15:07Z</time>
   </trkpt>
   <trkpt lat="43.1360350" lon="-4.0258530">
    <ele>372.6</ele>
    <time>2026-09-19T13:15:08Z</time>
   </trkpt>
   <trkpt lat="43.1360340" lon="-4.0258530">
    <ele>372.6</ele>
    <time>2026-09-19T13:15:09Z</time>
   </trkpt>
   <trkpt lat="43.1360330" lon="-4.0258530">
    <ele>372.6</ele>
    <time>2026-09-19T13:15:10Z</time>
   </trkpt>
   <trkpt lat="43.1360330" lon="-4.0258520">
    <ele>372.6</ele>
    <time>2026-09-19T13:15:11Z</time>
   </trkpt>
   <trkpt lat="43.1360340" lon="-4.0258510">
    <ele>372.6</ele>
    <time>2026-09-19T13:15:12Z</time>
   </trkpt>
   <trkpt lat="43.1360350" lon="-4.0258490">
    <ele>372.6</ele>
    <time>2026-09-19T13:15:13Z</time>
   </trkpt>
   <trkpt lat="43.1360350" lon="-4.0258490">
    <ele>372.6</ele>
    <time>2026-09-19T13:15:14Z</time>
   </trkpt>
   <trkpt lat="43.1360350" lon="-4.0258490">
    <ele>372.6</ele>
    <time>2026-09-19T13:15:15Z</time>
   </trkpt>
   <trkpt lat="43.1360340" lon="-4.0258500">
    <ele>372.6</ele>
    <time>2026-09-19T13:15:16Z</time>
   </trkpt>
   <trkpt lat="43.1360330" lon="-4.0258490">
    <ele>372.6</ele>
    <time>2026-09-19T13:15:17Z</time>
   </trkpt>
   <trkpt lat="43.1360330" lon="-4.0258480">
    <ele>372.6</ele>
    <time>2026-09-19T13:15:18Z</time>
   </trkpt>
   <trkpt lat="43.1360340" lon="-4.0258480">
    <ele>372.6</ele>
    <time>2026-09-19T13:15:19Z</time>
   </trkpt>
   <trkpt lat="43.1360340" lon="-4.0258500">
    <ele>372.6</ele>
    <time>2026-09-19T13:15:20Z</time>
   </trkpt>
   <trkpt lat="43.1360340" lon="-4.0258510">
    <ele>372.6</ele>
    <time>2026-09-19T13:15:21Z</time>
   </trkpt>
   <trkpt lat="43.1360330" lon="-4.0258520">
    <ele>372.6</ele>
    <time>2026-09-19T13:15:22Z</time>
   </trkpt>
   <trkpt lat="43.1360320" lon="-4.0258540">
    <ele>372.6</ele>
    <time>2026-09-19T13:15:23Z</time>
   </trkpt>
   <trkpt lat="43.1360280" lon="-4.0258570">
    <ele>372.6</ele>
    <time>2026-09-19T13:15:24Z</time>
   </trkpt>
   <trkpt lat="43.1360320" lon="-4.0258580">
    <ele>372.6</ele>
    <time>2026-09-19T13:15:25Z</time>
   </trkpt>
   <trkpt lat="43.1360340" lon="-4.0258590">
    <ele>372.6</ele>
    <time>2026-09-19T13:15:26Z</time>
   </trkpt>
   <trkpt lat="43.1360360" lon="-4.0258610">
    <ele>372.6</ele>
    <time>2026-09-19T13:15:27Z</time>
   </trkpt>
   <trkpt lat="43.1360370" lon="-4.0258640">
    <ele>372.6</ele>
    <time>2026-09-19T13:15:28Z</time>
   </trkpt>
   <trkpt lat="43.1360330" lon="-4.0258650">
    <ele>372.6</ele>
    <time>2026-09-19T13:15:29Z</time>
   </trkpt>
   <trkpt lat="43.1360330" lon="-4.0258650">
    <ele>372.6</ele>
    <time>2026-09-19T13:15:30Z</time>
   </trkpt>
   <trkpt lat="43.1360340" lon="-4.0258670">
    <ele>372.6</ele>
    <time>2026-09-19T13:15:31Z</time>
   </trkpt>
   <trkpt lat="43.1360350" lon="-4.0258680">
    <ele>372.6</ele>
    <time>2026-09-19T13:15:32Z</time>
   </trkpt>
   <trkpt lat="43.1360360" lon="-4.0258690">
    <ele>372.6</ele>
    <time>2026-09-19T13:15:33Z</time>
   </trkpt>
   <trkpt lat="43.1360490" lon="-4.0258860">
    <ele>372.6</ele>
    <time>2026-09-19T13:15:56Z</time>
   </trkpt>
   <trkpt lat="43.1360520" lon="-4.0258870">
    <ele>372.6</ele>
    <time>2026-09-19T13:15:57Z</time>
   </trkpt>
   <trkpt lat="43.1360540" lon="-4.0258880">
    <ele>372.6</ele>
    <time>2026-09-19T13:15:58Z</time>
   </trkpt>
   <trkpt lat="43.1360550" lon="-4.0258890">
    <ele>372.6</ele>
    <time>2026-09-19T13:15:59Z</time>
   </trkpt>
   <trkpt lat="43.1360580" lon="-4.0258910">
    <ele>372.6</ele>
    <time>2026-09-19T13:16:00Z</time>
   </trkpt>
   <trkpt lat="43.1360560" lon="-4.0258910">
    <ele>372.6</ele>
    <time>2026-09-19T13:16:01Z</time>
   </trkpt>
   <trkpt lat="43.1360570" lon="-4.0258900">
    <ele>372.6</ele>
    <time>2026-09-19T13:16:02Z</time>
   </trkpt>
   <trkpt lat="43.1360590" lon="-4.0258890">
    <ele>372.6</ele>
    <time>2026-09-19T13:16:03Z</time>
   </trkpt>
   <trkpt lat="43.1360640" lon="-4.0258880">
    <ele>372.6</ele>
    <time>2026-09-19T13:16:04Z</time>
   </trkpt>
   <trkpt lat="43.1360660" lon="-4.0258860">
    <ele>372.6</ele>
    <time>2026-09-19T13:16:05Z</time>
   </trkpt>
   <trkpt lat="43.1360700" lon="-4.0258860">
    <ele>372.6</ele>
    <time>2026-09-19T13:16:06Z</time>
   </trkpt>
   <trkpt lat="43.1360740" lon="-4.0258850">
    <ele>372.6</ele>
    <time>2026-09-19T13:16:07Z</time>
   </trkpt>
   <trkpt lat="43.1360720" lon="-4.0258850">
    <ele>372.6</ele>
    <time>2026-09-19T13:16:08Z</time>
   </trkpt>
   <trkpt lat="43.1360740" lon="-4.0258830">
    <ele>372.6</ele>
    <time>2026-09-19T13:16:09Z</time>
   </trkpt>
   <trkpt lat="43.1360760" lon="-4.0258810">
    <ele>372.6</ele>
    <time>2026-09-19T13:16:10Z</time>
   </trkpt>
   <trkpt lat="43.1360780" lon="-4.0258800">
    <ele>372.6</ele>
    <time>2026-09-19T13:16:11Z</time>
   </trkpt>
   <trkpt lat="43.1360800" lon="-4.0258800">
    <ele>372.6</ele>
    <time>2026-09-19T13:16:12Z</time>
   </trkpt>
   <trkpt lat="43.1360820" lon="-4.0258790">
    <ele>372.6</ele>
    <time>2026-09-19T13:16:13Z</time>
   </trkpt>
  </trkseg>
 </trk>
</gpx>
